Track URI,Track Name,Album Name,Artist Name(s),Release Date,Duration (ms),Popularity,Explicit,Added By,Added At,Genres,Record Label,Danceability,Energy,Key,Loudness,Mode,Speechiness,Acousticness,Instrumentalness,Liveness,Valence,Tempo,Time Signature
spotify:track:1XTGyfJeMiZXrZ1W3NolcB,"Know Your Enemy","Rage Against The Machine - XX (20th Anniversary Special Edition)","Rage Against The Machine",1992,294506,71,true,,2026-08-01T03:32:14Z,"rap metal,rap rock,alternative metal,nu metal","Epic/Legacy",0.575,0.857,4,-3.961,1,0.155,0.0125,0.00229,0.145,0.623,117.413,4
spotify:track:7AslflcNpP1OwcsHItStx3,"moments","moments","leadwave",2025-02-07,158734,54,false,,2026-07-31T12:17:02Z,"dark ambient,ambient","leadwave",0.188,0.104,7,-24.435,0,0.0382,0.953,0.827,0.057,0.0382,135.884,4
spotify:track:4VkRQSpG16JxrXaVlNyWdX,"memories","memories","leadwave",2022-09-23,86319,73,false,,2026-07-31T12:16:44Z,"dark ambient,ambient","leadwave",0.252,0.0823,5,-27.338,1,0.0344,0.951,0.928,0.0857,0.0381,67.238,4
spotify:track:4QUhgkdWR9vgvZn4WI9dMq,"Country Outta Me","Trappalachia","cieratherapper",2025-11-14,152275,42,true,,2026-07-21T08:26:39Z,"country hip hop","Not specified",0.808,0.667,6,-5.191,1,0.0569,0.00795,0,0.103,0.69,145.108,4
spotify:track:56bPsRfOKla3bGGmVz1uk4,"Frecuencia","Redención (Deluxe)","Los Dareyes De La Sierra",2025-06-05,190431,85,true,,2026-07-15T21:58:26Z,"corrido,corridos bélicos,corridos tumbados,sierreño,electro corridos,dembow belico,banda,música mexicana","Double P Records",0.697,0.847,6,-4.899,0,0.139,0.417,0,0.276,0.787,89.001,4
spotify:track:2UsKFVo6oK2yCHo7R1s4Ft,"No Devotion","Big Sexy Land","Revolting Cocks",1986-11-04,412687,25,false,,2026-07-15T14:41:07Z,"industrial,industrial metal,industrial rock,ebm","Cleopatra Records",0.667,0.681,7,-12.684,1,0.0629,0.0944,0.0783,0.444,0.395,127.218,4
spotify:track:4iDH0MySDCXymHagteSbEy,"Blood Path","Postal Redux (Original Soundtrack)","Takumi Sekiguchi Sloan",2018-05-30,206174,26,false,,2026-07-15T14:12:09Z,"","Running With Scissors",0.545,0.975,4,-4.83,0,0.0375,0.0473,0.89,0.206,0.438,148.957,4
spotify:track:7r57fe0beVg5OOOubQGVFT,"Forevergreen","An Unexpected Groovy Treat","Finitribe",1992-01-01,367760,7,false,,2026-07-15T10:16:27Z,"acid house,industrial,ebm,alternative dance,industrial rock","One Little Independent Records",0.632,0.824,5,-15.636,0,0.0472,0.084,0.766,0.323,0.416,124.031,4
spotify:track:26gEW3DUEK0n8n5fvnYrPE,"Leave Me Lonely","The Great Expanse","Hilltop Hoods",2019-02-22,194773,63,false,,2026-07-13T20:01:54Z,"","Universal Music Australia Pty. Ltd.",0.763,0.874,0,-5.792,0,0.0564,0.27,0,0.159,0.755,131.038,4
spotify:track:30MIMYaX8C3BMvL3Zhs6KO,"I Love It","Drinking From The Sun","Hilltop Hoods;Sia",2012-03-09,226413,66,false,,2026-07-13T20:01:51Z,"","Golden Era Records",0.68,0.873,11,-6.282,0,0.0631,0.00418,0,0.311,0.515,91.021,4
spotify:track:6oSmp7qnvAxUXeUKhl67a6,"1955","Drinking From The Sun, Walking Under Stars Restrung","Hilltop Hoods;Montaigne;Tom Thum",2016-02-19,239280,68,false,,2026-07-13T20:01:50Z,"","Universal Music Australia Pty. Ltd.",0.766,0.5,11,-7.558,1,0.0695,0.719,0.00000591,0.304,0.71,84.044,4
spotify:track:6myDPrp86x4Lhyp5aqU0EV,"Cosby Sweater","Walking Under Stars","Hilltop Hoods",2014-08-08,217720,69,true,,2026-07-13T20:01:48Z,"","Hilltop Hoods Pty Ltd",0.794,0.81,3,-7.963,1,0.0422,0.629,0.00000173,0.0888,0.802,125.252,4
spotify:track:0aiw4iwNLzhi9W2XUECI7K,"The Nosebleed Section","State Of The Art","Hilltop Hoods",2009-06-12,219640,55,true,,2026-07-13T20:01:46Z,"","Universal Music Australia Pty. Ltd.",0.845,0.828,1,-5.447,1,0.164,0.513,0.00000135,0.0906,0.909,97.45,4
spotify:track:3iU2qsthCTo5EeTE03l3Si,"Doors","The Great Divide","Noah Kahan",2026-04-24,231086,85,true,,2026-06-05T04:53:50Z,"","Mercury Records",0.599,0.64,11,-8.996,0,0.0524,0.0487,0.0000929,0.0942,0.665,164.01,4
spotify:track:5Ohxk2dO5COHF1krpoPigN,"Sign of the Times","Harry Styles","Harry Styles",2017-05-12,340706,95,false,,2026-05-12T14:16:12Z,"","Columbia",0.516,0.595,5,-4.63,1,0.0313,0.0275,0,0.109,0.222,119.972,4
spotify:track:0abrZlp7Tjat7QRg7hn4ME,"Life Is Just a Bowl of Cherries","On the Sunny Side of the Street (1930-1931)","Jack Hylton & His Orchestra",2011-01-01,174200,21,false,,2026-05-05T09:57:34Z,"big band,ragtime","Birr's Ballroom Classics",0.572,0.346,1,-14.834,0,0.0439,0.993,0.83,0.137,0.697,77.286,4
spotify:track:7hRfiX2tnDnMfBp7xggFEP,"Life Is Just A Bowl Of Cherries","Judy","Judy Garland",1956,116026,29,false,,2026-05-05T09:57:08Z,"christmas","CAPITOL CATALOG MKT (C92)",0.513,0.116,5,-13.077,1,0.0768,0.638,0,0.151,0.407,90.463,4
spotify:track:1CS7Sd1u5tWkstBhpssyjP,"Take Me to Church","Hozier (Expanded Edition)","Hozier",2014-09-19,241688,82,false,,2026-05-04T12:07:59Z,"","Columbia",0.566,0.664,4,-5.303,0,0.0464,0.634,0,0.116,0.437,128.945,4
spotify:track:76JKIsdKrAfWUMjaA0u7v5,"Too Sweet","Unreal Unearth: Unaired","Hozier",2024-08-19,251424,83,false,,2026-05-04T12:07:50Z,"","Columbia",0.741,0.62,10,-5.505,1,0.0412,0.0295,0.000809,0.0398,0.934,117.038,4
spotify:track:51rfRCiUSvxXlCSCfIztBy,"I Love You, I'm Sorry","The Secret of Us","Gracie Abrams",2024-06-21,157146,89,true,,2026-05-04T11:02:57Z,"","Gracie Abrams, under exclusive license to Interscope Records",0.53,0.406,10,-7.507,1,0.033,0.656,0,0.133,0.338,115.94,3
spotify:track:7ne4VBA60CxGM75vw0EYad,"That’s So True","The Secret of Us (Deluxe)","Gracie Abrams",2024-10-18,166300,91,true,,2026-05-04T11:02:50Z,"","Gracie Abrams, under exclusive license to Interscope Records",0.554,0.808,1,-4.169,1,0.0368,0.214,0,0.159,0.372,108.548,4
spotify:track:0yacx58mGv9cYCN5ZAqcUK,"Summer Fall Winter Fall","Bass Monster Lives In The Bass Forest","Slomo Rabbit Kick",2003,217013,0,false,,2026-04-13T17:33:14Z,"","Skrocki Records",0.367,0.655,2,-9.202,1,0.436,0.682,0.0778,0.442,0.0397,163.993,4
spotify:track:0w0hQFhSUUCRvJw8jEQsDr,"Bookstores","Bass Monster Lives In The Bass Forest","Slomo Rabbit Kick",2003,116080,0,false,,2026-04-13T17:33:11Z,"","Skrocki Records",0.737,0.688,2,-7.657,1,0.0318,0.0627,0.0184,0.145,0.961,122.944,4
spotify:track:3v2oAQomhOcYCPPHafS3KV,"Opus","Opus","Eric Prydz",2016-02-05,543453,67,false,,2026-01-16T21:28:15Z,"","Virgin Records Ltd",0.275,0.721,6,-6.222,0,0.0359,0.000702,0.821,0.0792,0.184,125.156,4
spotify:track:1gx1rBAWdgXDTaTxCAd6qv,"Nackt","Smalltalk","Remoe;Nura",2019-03-08,172333,21,false,,2026-01-03T10:37:59Z,"german hip hop","Columbia Local",0.876,0.527,5,-10.895,0,0.0486,0.0245,0.014,0.0948,0.679,114.967,4
spotify:track:5ICG1pj07ZVvme55xIDyxa,"Ievan polkka","Unohtumattomat","Traditional;Arttu Suuntala",1991,139600,38,false,,2026-01-02T06:14:47Z,"bhajan,devotional,early music,marathi pop,gregorian chant,traditional music,polka,iskelmä","WM Finland",0.779,0.569,4,-10.445,0,0.0388,0.716,0.0000128,0.298,0.896,126.189,4
spotify:track:7aJMmhcw04NrO6whqwL23G,"Ieva's Polka (Ievan Polkka) - 1996 Version","Ieva's Polka (Ievan Polkka) [1996 Version]","Loituma",1996-01-01,165744,46,false,,2026-01-02T06:14:45Z,"polka","Loituma Music",0.693,0.489,1,-9.099,1,0.176,0.719,0,0.734,0.883,119.309,4
spotify:track:1ny0kgUklOy5FUigvWWK0q,"Ievan Polkka - Remastered 2024","Ievan Polkka (Remastered 2024)","Hatsune Miku;Otomania",2007-05-04,152462,64,false,,2026-01-02T06:14:44Z,"vocaloid","Maker Records",0.972,0.58,6,-5.704,0,0.085,0.161,0.0171,0.127,0.972,119.026,4
spotify:track:6t44iU80A0h8WQ7vc4OoRj,"Fake Happy","After Laughter","Paramore",2017-05-12,235706,64,false,,2025-12-16T23:11:42Z,"pop punk,emo","Fueled By Ramen",0.734,0.626,7,-5.685,1,0.0458,0.076,0.00000654,0.168,0.44,98.559,4
spotify:track:4rd4bY5IzC4AN6NdgYGtWD,"Freak Nasty","Tina Snow","Megan Thee Stallion",2018-12-21,173798,63,true,,2025-12-01T21:33:51Z,"","300 Entertainment",0.953,0.723,1,-6.437,1,0.248,0.00228,0,0.336,0.221,99.969,4
spotify:track:4zzFiS5QEovRo8PRCH16Fk,"FREAK NASTY","FREAK NASTY","Pretty Sweet",2025-03-04,138857,55,false,,2025-12-01T21:33:37Z,"dubstep,riddim","Pretty Sweet Music",0.625,0.907,5,-1.54,1,0.174,0.261,0.000184,0.16,0.326,139.699,3
spotify:track:6UPiTNzNmUFE59YkkyCs9n,"Peggy","Peggy","Ceechynaa",2024-12-05,159336,73,true,,2025-12-01T21:26:54Z,"","Ceechynaa",0.74,0.589,7,-10.578,1,0.29,0.359,0.000102,0.121,0.308,140.104,4
spotify:track:3BpU2XEMvN0XicImzJxLD7,"Scrambled Eggs","Full Moon","Moonchild Sanelly",2025-01-10,226440,31,true,,2025-12-01T21:24:05Z,"gqom","Transgressive Records",0.732,0.877,3,-3.708,0,0.0285,0.00273,0.00101,0.144,0.516,141.997,4
spotify:track:4BpPvEi38kvfLKA1qBBX5J,"War","20th Century Masters: The Millennium Collection: Best of Edwin Starr","Edwin Starr",2001-01-01,230106,60,false,,2025-11-13T21:43:59Z,"northern soul,motown,classic soul","Motown",0.571,0.752,1,-9.245,1,0.128,0.0535,0,0.105,0.721,109.015,4
spotify:track:40SY3X8rm5UVztJrm1Ey22,"Butt No Rifle","Awake and Hungry","Folly Group",2021-06-11,179906,39,true,,2025-11-12T01:29:57Z,"post-punk,egg punk","So Young Records",0.4,0.849,7,-5.209,1,0.206,0.0891,0.0077,0.108,0.786,88.086,4
spotify:track:4SRShYMtFIGgnOU7iBicMH,"Nobody’s Son","Man’s Best Friend","Sabrina Carpenter",2025-08-29,182576,85,true,,2025-11-04T20:27:29Z,"pop","Island Records",0.452,0.735,2,-4.921,1,0.0449,0.336,0,0.0649,0.65,173.919,4
spotify:track:15VRO9CQwMpbqUYA7e6Hwg,"The Man Who Sold The World - Live","MTV Unplugged In New York","Nirvana",1994-11-01,261093,83,false,,2025-11-01T12:45:37Z,"grunge,rock","DGC",0.483,0.753,1,-8.937,0,0.0832,0.425,0.000142,0.257,0.42,115.102,4
spotify:track:6Ntz1uQoMF8L2E4w518BFp,"Lone Digger","<I°_°I>","Caravan Palace",2015-10-16,229804,2,false,,2025-10-30T16:52:17Z,"electro swing,swing music,nu jazz","Le Plan Recordings",0.767,0.938,5,-4.433,0,0.0505,0.592,0.0193,0.118,0.868,123.99,4
spotify:track:3tkJr22xJjmLbpQTsXLHxG,"Rainy Day","Animal Crossing: K.K. & Friends","Ben Briggs;ectogemia",2013-06-08,242666,29,false,,2025-10-30T04:09:55Z,"","Ben Briggs",0.54,0.734,8,-8.792,1,0.0276,0.0393,0.763,0.148,0.154,89.999,4
spotify:track:5bd1Yrg180rkY9IFYl2Qid,"Bootloader","Home Arcade","LukHash",2025-05-02,146727,29,false,,2025-10-29T16:37:42Z,"synthwave","LukHash",0.56,0.758,9,-6.938,1,0.0585,0.00118,0.876,0.089,0.587,123.005,4
spotify:track:01tA4XmJ4fGQNwti6b2hPm,"The Git Up","Honeysuckle & Lightning Bugs","Blanco Brown",2019-10-10,200593,73,false,,2025-10-26T05:21:28Z,"country hip hop,country","Broken Bow Records",0.847,0.678,9,-8.635,1,0.109,0.0669,0,0.274,0.811,97.984,4
spotify:track:33w6ijljyz6AChh6EQhMQW,"Man With The Movie Camera","Every Day","The Cinematic Orchestra",2002-05-13,549933,32,false,,2025-09-29T12:27:37Z,"nu jazz,downtempo","Ninja Tune",0.519,0.776,11,-7.675,1,0.0297,0.000244,0.827,0.178,0.196,139.966,4
spotify:track:1sQgtPfruOYm9390rLce69,"Did You See Me?","Shinola (Vol. 1)","Ween",2005-07-15,311066,0,false,,2025-09-29T08:54:48Z,"neo-psychedelic","Chocodog Records",0.426,0.637,9,-9.636,0,0.0347,0.359,0.865,0.0907,0.326,123.562,4
spotify:track:3pci3wFhaJY2iNqSyjD4tw,"Bazooka's Theme","Bazooka Kid","PNC",2009-01-01,215080,16,true,,2025-09-29T01:20:44Z,"drum and bass,new orleans bounce","Dirty Records",0.782,0.907,7,-3.327,1,0.175,0.000663,0.00000657,0.0632,0.765,105.007,4
spotify:track:0YThXX1dqUpYBLyJNAsF9N,"If We Being Rëal","2093","Yeat",2024-02-16,172500,77,true,,2025-09-28T02:39:34Z,"rage rap","Field Trip Recordings/Capitol Records",0.457,0.499,1,-6.67,1,0.0334,0.247,0.0000634,0.171,0.0348,127.95,4
spotify:track:5KnRZlqdf0xcUkZ2g2kKl6,"Squad Goals","Powderhorn Suites","Prof",2020-11-13,200920,63,true,,2025-09-27T11:29:26Z,"","Ineffable Records",0.924,0.439,2,-4.988,1,0.202,0.104,0.00000433,0.17,0.39,131.04,4
spotify:track:3L6eri5cgP0GgNUFBqoXOC,"Chicken Attack","Chicken Attack","The Gregory Brothers",2017-03-31,153889,42,false,,2025-09-27T10:50:46Z,"","Gregory Residence",0.561,0.421,0,-7.466,1,0.0294,0.804,0,0.245,0.484,135.878,4
spotify:track:5h68SoVFGleijCtjEja3xG,"365","BRAT","Charli xcx",2024-06-07,203618,77,true,,2025-09-24T06:27:15Z,"hyperpop,art pop","Atlantic Records",0.761,0.856,1,-5.121,1,0.109,0.154,0.503,0.16,0.729,127.111,4
spotify:track:2OQ9XDV2WiWpYHnwWheZCA,"Lately","Nobody's Happy.","dying in designer",2019-08-16,180501,38,true,,2025-09-22T00:10:02Z,"emo rap","Hopeless Records",0.613,0.677,11,-7.034,0,0.0841,0.0374,0,0.201,0.109,173.022,4
spotify:track:43zr9kKkeiQrshvYuvNtfM,"Someone To Call My Lover","All For You","Janet Jackson",2001-01-01,272360,74,false,,2025-09-21T23:27:59Z,"new jack swing","Virgin Records",0.738,0.914,2,-4.203,1,0.0434,0.144,0.00099,0.182,0.935,127.885,4
spotify:track:3VZlCJimDGY0D7YEC7S351,"Save That Shit","Come Over When You're Sober, Pt. 1","Lil Peep",2017-08-15,231546,82,true,,2025-09-21T14:43:30Z,"emo rap,cloud rap","Lil Peep",0.534,0.583,2,-8.672,1,0.0288,0.0262,0,0.421,0.145,106,4
spotify:track:6GKGoi0FHzldk1ZRQoV1fv,"Jalebi Baby","Jalebi Baby","Tesher",2020-11-13,189375,74,false,,2025-09-21T00:47:54Z,"","Capitol Records",0.68,0.895,2,-7.144,1,0.0378,0.0156,0.000374,0.145,0.824,93.037,4
spotify:track:2HMu0epbw9zAnU39qnnwl5,"Pink Cigarette","California","Mr. Bungle",1999-07-02,295626,49,false,,2025-09-20T08:06:48Z,"avant-garde,funk rock","Warner Records",0.215,0.569,11,-8.544,1,0.0348,0.275,0.821,0.726,0.331,85.304,3
spotify:track:5JZnjM9ijpit0d5zjT8MM7,"Satisfaction","Hypnotica","Benny Benassi;The Biz",2003-08-19,285413,66,false,,2025-09-20T07:45:37Z,"electro house","Ultra Records, LLC",0.802,0.725,11,-3.392,1,0.102,0.165,0.0984,0.0782,0.347,129.984,4
spotify:track:12UYnL3q2Xm3U7gFCRfAKs,"Final Blast","Zeta Force","zabutom",2011-08-08,198807,35,false,,2025-09-19T19:29:53Z,"","Ubiktune",0.504,0.983,3,-8.696,0,0.0458,0.001,0.932,0.0534,0.923,151.326,4
spotify:track:6T184LMkdJbpZjmTfHMmDV,"Furries Ruin Everything","Leftovers","Greatfox",2017-10-05,298960,0,false,,2025-09-19T19:05:58Z,"","Dreadnaut Records",0.584,0.983,6,-4.969,1,0.0332,0.000375,0.0000709,0.0514,0.957,129.988,4
spotify:track:3lPgzE2VbOjriegTaMlGQg,"Before the cataclysm","The Agony & Ecstasy of Watain","Watain",2022-04-29,442906,34,false,,2025-09-19T16:53:11Z,"black metal,metal","Nuclear Blast",0.147,0.943,9,-5.482,1,0.0853,0.000842,0.00233,0.267,0.147,161.794,4
spotify:track:4pA0yTeV9l0aSwXX593ZBN,"Hip Hop Spa","Genre-Specific Xperience","Fatima Al Qadiri",2015-01-13,264406,20,false,,2025-09-19T16:52:39Z,"witch house","UNO NYC",0.723,0.368,1,-8.532,0,0.0359,0.648,0.464,0.121,0.538,126.975,3
spotify:track:0Rr5Lw09CzqcchhsH0Pmhs,"Last Train Home","Still Life (Talking)","Pat Metheny Group",1987-07-07,338186,0,false,,2025-09-19T16:52:30Z,"jazz fusion,jazz,smooth jazz","Metheny Group Productions Inc.",0.377,0.488,10,-14.652,1,0.0301,0.677,0.92,0.0538,0.312,80.411,3
spotify:track:3P0LXXybFHgu2aY1NyGViV,"Coil","Watershed (Special Edition)","Opeth",2008-06-03,190693,50,false,,2025-09-19T16:52:04Z,"progressive metal,progressive rock,metal,death metal,melodic death metal","Roadrunner Records",0.547,0.241,2,-16.711,1,0.0342,0.747,0.000241,0.196,0.346,129.849,4
spotify:track:2reP1SrOvXsViM6eeLqZmA,"House Carpenter","Folkesange","Myrkur",2020-03-20,218111,49,false,,2025-09-19T16:51:54Z,"neofolk,folk metal,black metal,celtic,ambient folk","Relapse Records",0.55,0.53,0,-11.147,0,0.0342,0.809,0.00399,0.13,0.545,93.927,4
spotify:track:7yBwhVl7W0YT5cCMw8MOjW,"Ritchie Sacramento","As The Love Continues","Mogwai",2021-02-19,252266,47,false,,2025-09-19T16:51:39Z,"post-rock,shoegaze","Rock Action Records",0.396,0.727,0,-7.501,1,0.0316,0.000399,0.82,0.165,0.107,137.113,4
spotify:track:20PbUoGyGk7jJgLAgqlauh,"Umbrella (with Marnik)","Umbrella (with Marnik)","Hard Lights;Moonshine;Marnik;Ember Island",2021-02-12,180426,54,false,,2025-09-14T22:33:36Z,"slap house,hypertechno,big room","Chérie Amour Productions",0.704,0.86,10,-5.316,1,0.13,0.364,0.00000239,0.486,0.512,100.099,4
spotify:track:7tMdq6IXraGBq2peYKMI1n,"Ram Ranch","Ram Ranch","Little V.",2021-11-19,205411,41,true,,2025-09-13T13:19:38Z,"","Little V.",0.367,0.839,2,-5.898,1,0.134,0.00019,0.0000122,0.0453,0.484,83.671,4
spotify:track:5C0ivQMxes2lWuOANhvVAm,"GIANTS","GIANTS","True Damage;Becky G;Keke Palmer;SOYEON;Duckwrth;Thutmose;League of Legends",2019-11-10,191720,2,false,,2025-09-12T10:52:16Z,"reggaeton,latin,k-pop","Riot Games",0.642,0.683,1,-5.386,1,0.262,0.0834,0,0.155,0.584,154.881,4
spotify:track:5JXWb7DqYJlXiFnJd9Vfgk,"RENEGADE","MYTH.mix","VALORANT;99 God;C-Low",2023-10-19,162797,0,false,,2025-09-12T10:40:13Z,"chinese hip hop","Riot Games",0.779,0.625,1,-6.739,1,0.0508,0.0965,0.138,0.127,0.261,143.069,4
spotify:track:4keuUM29CtIWgsPRzRhXoW,"WOKE UP","WOKE UP","XG",2024-05-21,188010,73,false,,2025-09-12T10:30:43Z,"k-pop","XGALX",0.884,0.633,11,-5.826,0,0.291,0.0222,0,0.0765,0.462,146.904,4
spotify:track:4MjDJD8cW7iVeWInc2Bdyj,"MONACO","nadie sabe lo que va a pasar mañana","Bad Bunny",2023-10-13,267194,87,true,,2025-09-12T09:07:26Z,"reggaeton,trap latino,latin,urbano latino","Rimas Entertainment LLC.",0.787,0.621,4,-5.009,0,0.068,0.15,0.000402,0.58,0.13,139.056,4
spotify:track:3sZQ8L4aptFDJXBqdVdvO8,"Run It Up","Run It Up","Hanumankind",2025-03-06,173502,65,true,,2025-09-12T08:58:45Z,"malayalam hip hop,desi hip hop","Capitol Records/Universal Music India",0.635,0.604,7,-5.792,1,0.32,0.0921,0,0.0837,0.73,123.953,4
spotify:track:2ov8L95QD25TLpZAZPYWXL,"Mr. Crowley","Blizzard Of Ozz (40th Anniversary Expanded Edition)","Ozzy Osbourne",2020-09-18,302647,73,false,,2025-09-12T04:13:56Z,"metal,glam metal,heavy metal,hard rock","Epic/Legacy",0.307,0.748,2,-6.514,0,0.0568,0.212,0.000153,0.368,0.347,108.227,4
spotify:track:199Ac13O1rIN4zhLl8z8Az,"Impacto - Remix","El Cartel: The Big Boss","Daddy Yankee;Fergie",2007-06-05,207586,66,false,,2025-09-10T21:33:05Z,"reggaeton,latin","Craft Latino",0.773,0.889,1,-5.74,1,0.053,0.00404,0.0000226,0.12,0.862,100.501,4
spotify:track:62Da3JOu9H9EIgmqV7DoLG,"Lux Aeterna","Requiem for a Dream / OST","Clint Mansell;Kronos Quartet",2000,234400,64,false,,2025-09-05T14:04:31Z,"soundtrack,score,minimalism,contemporary classical,avant-garde","Nonesuch",0.38,0.246,7,-13.955,0,0.0329,0.872,0.905,0.084,0.0573,133.805,4
spotify:track:6e0LjNPkRqxIAlmmdjWSV8,"Moi... Lolita","Gourmandises","Alizée",2000-11-21,264282,75,false,,2025-09-04T05:17:22Z,"french pop","Requiem Publishing",0.628,0.888,11,-3.74,0,0.0277,0.0519,0.000191,0.233,0.577,107.958,4
spotify:track:3f2hmbWqVNeU2iDD61rZc0,"Caramel","Futur","Booba",2012-01-01,260853,60,true,,2025-09-04T05:14:25Z,"french rap,french r&b,pop urbaine","Universal Music Distribution Deal",0.671,0.547,1,-9.636,0,0.137,0.0188,0.00525,0.14,0.327,139.96,4
spotify:track:2obwYEjSAebKOJNxuIJHxC,"Selena","El Patron 2","Peso Peso;That Mexican OT",2024-09-27,136576,46,true,,2025-08-31T16:54:59Z,"mexican hip hop","Peso Peso / EMPIRE",0.718,0.865,2,-3.832,1,0.0953,0.0265,0,0.104,0.422,94.836,4
spotify:track:1f6FW3JBlfiscq9AxejjCZ,"Accessories (feat. Peso Peso)","Recess","That Mexican OT;Peso Peso",2025-08-15,180465,38,true,,2025-08-31T16:54:57Z,"mexican hip hop","Manifest/GoodTalk/Good Money Global/Capitol Records",0.868,0.724,11,-5.207,0,0.256,0.17,0,0.245,0.725,125.082,4
spotify:track:5QCVFEOXmI9mCqiAZvokpW,"Chingon (with Peso Peso)","Chingon (with Peso Peso)","That Mexican OT;Peso Peso",2022-11-18,125930,54,true,,2025-08-31T16:54:52Z,"mexican hip hop","Manifest/GoodTalk/Good Money Global/Capitol Records",0.85,0.643,11,-6.267,1,0.262,0.153,0,0.364,0.46,114.139,4
spotify:track:26SKHsvMoDNRgpKg8klf1r,"High so High","The 3rd Wish to Rock the World","South Park Mexican",1999-11-23,231626,48,true,,2025-08-30T18:38:14Z,"mexican hip hop,latin hip hop","Dope House Records, Inc.",0.949,0.452,10,-4.246,0,0.058,0.032,0.00000696,0.0749,0.72,100.981,4
spotify:track:6XEt23sq6sRgER8sSZbCR5,"Johnny Dang (with Paul Wall & DRODi)","Lonestar Luchador","That Mexican OT;Paul Wall;DRODi",2023-07-28,192000,72,true,,2025-08-30T08:42:01Z,"southern hip hop,crunk","Manifest/GoodTalk/Good Money Global/Capitol Records",0.971,0.695,10,-5.253,0,0.125,0.389,0,0.107,0.696,119.971,4
spotify:track:5SGWCqheDXPlYnv9aQs795,"Cowboy Killer","Lonestar Luchador","That Mexican OT",2023-07-28,142205,62,true,,2025-08-30T08:41:59Z,"","Manifest/GoodTalk/Good Money Global/Capitol Records",0.829,0.586,0,-5.946,1,0.169,0.334,0,0.0757,0.562,120.008,4
spotify:track:0S8LgLoseDB6W2HWd1ym6P,"Last Caress","Collection 2","Misfits;Glenn Danzig",1995-01-01,119826,56,false,,2025-08-29T11:34:55Z,"horror punk,punk,psychobilly,hardcore punk,skate punk","Astralwerks",0.181,0.946,0,-5.308,1,0.096,0.0257,0.223,0.344,0.363,178.743,4
spotify:track:49MFLaDLUkKsFYncb9Qw2P,"Unholy Hymns","Unholy Hymns","The Bridge City Sinners",2021-08-20,240142,40,true,,2025-08-29T11:27:49Z,"folk punk,southern gothic,anti-folk,bluegrass","Flail Records",0.315,0.534,9,-8.814,0,0.0332,0.471,0.109,0.252,0.101,120.939,3
spotify:track:6ck2HMcQLUgNHzTMMaMVw9,"Compression of Time","FINAL FANTASY VIII Original Soundtrack","Nobuo Uematsu",1999-03-01,274200,30,false,,2025-08-28T23:43:07Z,"japanese vgm,soundtrack","スクウェア・エニックス",0.526,0.25,5,-11.506,0,0.0339,0.893,0.981,0.157,0.0514,112.434,4
spotify:track:3W6r3pGAaNlgbN0n782zQw,"No Title","Blue Genes","Upchurch",2023-07-14,179200,0,true,,2025-08-28T23:22:40Z,"country hip hop,country","Luce-N-Up Records",0.781,0.593,9,-7.849,1,0.3,0.219,0.00000509,0.121,0.625,150.107,4
spotify:track:5fTDceJqEBta893lPUVhCm,"No Title - Remix","Blue Genes II","Upchurch;Brodnax",2024-02-15,218000,0,true,,2025-08-28T23:22:28Z,"country hip hop,country,southern hip hop","Luce-N-Up Records",0.779,0.717,4,-5.795,0,0.326,0.068,0.00000224,0.122,0.679,149.977,4
spotify:track:0BsrV0s7g7LfCOXF5IZ96o,"La Dueña Del Swing (Puro Pinche Pari)","La Dueña Del Swing (Puro Pinche Pari)","Josh Gomez",2024-11-08,138019,0,false,,2025-08-28T12:13:32Z,"","Josh Gomez",0.615,0.921,7,-6.865,1,0.15,0.0114,0.309,0.108,0.821,160.064,4
spotify:track:03KzntGQQeVcP7cVrsgnlr,"Puro Pinche Pari","Puro Pinche Pari","Chingo Bling;Erick Jaimez",2014-04-23,193358,42,true,,2025-08-28T12:13:24Z,"mexican hip hop,latin hip hop,new orleans bounce,electrocumbia","SoSouth",0.692,0.754,1,-6.165,1,0.101,0.0881,0,0.0564,0.551,99.921,4
spotify:track:21ixeD8mGouF993kgb4MER,"S Club Party","S Club","S Club",1999-01-01,210466,60,false,,2025-08-28T10:28:39Z,"","UMC (Universal Music Catalogue)",0.638,0.879,6,-6.534,0,0.0425,0.0697,0,0.414,0.778,101.999,4
spotify:track:2dTTzrWtpAN98pTYYRbMJB,"Wat Be Wrong??","A Gangsta’s Pain: Reloaded","Moneybagg Yo",2021-10-22,131005,58,true,,2025-08-21T15:10:07Z,"","CMG/N-Less/Interscope Records",0.769,0.673,11,-7.649,0,0.123,0.0281,0.0000286,0.296,0.142,77.014,4
spotify:track:1B7QMxhxKSHbYBXoSXJzGk,"Change (In the House of Flies) - Acoustic; 2005 Remaster","B-Sides & Rarities","Deftones",2005,316293,47,false,,2025-08-13T01:47:00Z,"nu metal,alternative metal,rap metal,rock,shoegaze","Maverick",0.463,0.82,5,-5.015,0,0.0344,0.0574,0.0954,0.133,0.369,134.931,4
spotify:track:3lPr8ghNDBLc2uZovNyLs9,"Supermassive Black Hole","Black Holes and Revelations","Muse",2006-06-28,212439,87,false,,2025-08-13T01:25:12Z,"alternative rock,rock","Warner Records",0.668,0.921,7,-3.727,1,0.0439,0.0492,0.00517,0.0877,0.782,120,4
spotify:track:7ouMYWpwJ422jRcDASZB7P,"Knights of Cydonia","Black Holes and Revelations","Muse",2006-06-28,366213,75,false,,2025-08-13T01:25:04Z,"alternative rock,rock","Warner Records",0.366,0.963,11,-5.301,0,0.142,0.000273,0.0122,0.115,0.211,137.114,4
spotify:track:2aQnAQMdzPM1kJteExCnYG,"Apocalypse Please","Absolution","Muse",2003-09-15,252496,60,false,,2025-08-13T01:24:32Z,"alternative rock,rock","Warner Records",0.178,0.883,6,-3.763,1,0.0396,0.0544,0.00036,0.218,0.288,79.462,4
spotify:track:6qofnbCUIA08MT4hvV7wQ0,"Endlessly","Absolution","Muse",2003-09-15,228407,58,false,,2025-08-13T01:24:22Z,"alternative rock,rock","Warner Records",0.642,0.525,9,-7.942,0,0.0368,0.74,0.154,0.066,0.593,109.995,4
spotify:track:0EdMqiKs9LKXhspeQhl4RZ,"Time is Running Out","Absolution","Muse",2003-09-15,236535,79,false,,2025-08-13T01:24:10Z,"alternative rock,rock","Warner Records",0.544,0.892,9,-3.212,0,0.0591,0.000644,0.00266,0.0832,0.317,118.005,4
spotify:track:6Dct63YMBXtjGqCwr0HkYb,"Sing for Absolution","Absolution","Muse",2003-09-15,295767,62,false,,2025-08-13T01:24:06Z,"alternative rock,rock","Warner Records",0.41,0.717,5,-6.099,1,0.0322,0.373,0.00915,0.0854,0.176,170.019,4
spotify:track:0knbMPVHpFbsx38pLoYSRs,"Hysteria","Absolution","Muse",2003-09-15,227023,82,false,,2025-08-13T01:23:42Z,"alternative rock,rock","Warner Records",0.256,0.911,0,-4.479,1,0.0868,0.0000858,0.000925,0.232,0.428,186.078,4
spotify:track:2ePtv8MlBO9nuuXABqAfEX,"SugarCrash!","SugarCrash!","ElyOtto",2020-08-25,80080,74,true,,2025-08-10T20:48:14Z,"hyperpop","Otto Dynamite/RCA Records",0.748,0.734,0,-6.499,1,0.124,0.524,0.0000115,0.0975,0.368,97.753,4
spotify:track:74NgnKkCHlmj5BXZaF4uOG,"Sea Legs","Wincing The Night Away","The Shins",2007-01-23,322591,50,false,,2025-07-29T04:12:05Z,"indie,indie pop","Sub Pop Records",0.655,0.772,2,-6.118,0,0.0442,0.00705,0.00455,0.0452,0.885,160.066,4
spotify:track:1HEVPJyFG6l0xDeeZmJfVQ,"High Beams","A Blind Arcade","All The Luck In The World",2018-02-23,212880,19,false,,2025-07-29T01:46:25Z,"","All the Luck in the World",0.336,0.43,2,-10.684,1,0.0332,0.0295,0.0258,0.135,0.0979,140.179,4
spotify:track:5BzQvpJt4C90POnaTNaToM,"Fire It Up","We Were Dead Before The Ship Even Sank","Modest Mouse",2007-03-20,274613,50,false,,2025-07-29T01:40:31Z,"indie rock,indie,alternative rock","Epic",0.632,0.7,7,-5.732,1,0.0349,0.000225,0.0000187,0.395,0.686,172.02,4
spotify:track:6Zgd7SomLTZkL1WPh4CUnV,"Wolf Like Me","Return To Cookie Mountain","TV On The Radio",2006-07-03,287720,80,false,,2025-07-29T01:19:04Z,"indie rock,indie","Touch and Go Records",0.345,0.785,7,-4.989,1,0.0437,0.00165,0.00813,0.124,0.184,175.963,4
spotify:track:6yewQdtbXlYQNZUS5b43D9,"El Doble R","Cruzando Fronteras","Los Alegres Del Barranco",2020-02-23,155967,75,false,,2025-07-26T21:59:23Z,"corrido,corridos bélicos,norteño,sierreño","Los Alegres Del Barranco Corp.",0.866,0.754,7,-5.044,1,0.0985,0.662,0.00000384,0.179,0.831,116.581,3
spotify:track:4gK27JZrNyJ46T9iGXUXPF,"El 701","La Amanecida","Los Alegres Del Barranco",2010-10-26,181524,69,false,,2025-07-26T21:56:47Z,"corrido,corridos bélicos,norteño,sierreño","Titan Records/Hyphy Music",0.809,0.868,2,-4.874,1,0.0593,0.427,0.0000198,0.0742,0.933,115.907,3
spotify:track:2qi4fMw9JfMQGbiFi92EfU,"El Dueño Del Palenque (En Vivo)","La Amanecida En Vivo Desde ""El Carrizal""","Panter Bélico;Los Alegres Del Barranco",2024-07-20,205901,14,false,,2025-07-26T21:55:00Z,"corrido,corridos bélicos,corridos tumbados,banda,norteño,sierreño","Belikiki Music",0.675,0.772,5,-5.736,1,0.137,0.635,0,0.198,0.878,86.813,4
spotify:track:1ouZjDGBAGzv7jr2qHmv8T,"Einstein Tech N9ne","Anghellic","Tech N9ne",2001-08-28,237266,55,true,,2025-07-26T09:30:45Z,"horrorcore","Strange Music, Inc",0.922,0.636,11,-4.763,0,0.171,0.00279,0.0000053,0.0435,0.715,96.994,4
spotify:track:1kwPxt35W7cG3rryxR48PO,"Johnny Dang (with Paul Wall & DRODi)","Johnny Dang (with Paul Wall & DRODi)","That Mexican OT;Paul Wall;DRODi",2023-05-26,192000,64,true,,2025-07-15T00:30:38Z,"southern hip hop,crunk","Manifest/GoodTalk/Good Money Global/Capitol Records",0.971,0.695,10,-5.253,0,0.125,0.389,0,0.107,0.696,119.971,4
spotify:track:4ckjsXhakJs9ag8kew6wTb,"How Could I Be Silent","How Could I Be Silent","Caitie Hurst",2018-08-10,217933,37,false,,2025-07-13T01:07:43Z,"christian pop,christian edm,christian,ccm","Centricity Music",0.657,0.743,10,-5.777,0,0.093,0.00833,0.0184,0.646,0.712,172.072,4
spotify:track:5N6M8yDiMV32T6Rkzh8EbW,"Boom, Boom, Boom, Boom!!","The Party Album!","Vengaboys",1999-06-04,202583,81,false,,2025-07-08T23:41:04Z,"eurodance,europop","Universal Music B.V.",0.801,0.948,11,-4.623,0,0.0386,0.0117,0.457,0.025,0.968,138.489,4
spotify:track:73ljrkSg4A0q3ByU0Cu7mw,"We Like To Party! (The Vengabus)","The Party Album!","Vengaboys",1999-06-04,222458,75,false,,2025-07-08T23:40:59Z,"eurodance,europop","Universal Music B.V.",0.785,0.931,8,-4.813,1,0.0465,0.0148,0.637,0.0459,0.969,135.986,4
spotify:track:6DuGWoFV9DTzObQ7N2EMvC,"Cars That Go Boom","Cars That Go Boom","L'Trimm",2008-10-07,234962,46,true,,2025-07-08T23:40:45Z,"miami bass","Essential Media Group",0.953,0.536,1,-9.935,1,0.203,0.0161,0.0000174,0.103,0.305,119.903,4
spotify:track:16Ggpcwd7ZxTveNBNN4GWT,"Burn Your Village","Rituals On The Bank Of A Familiar River","Kiki Rockwell",2023-06-08,244584,64,true,,2025-07-08T21:56:21Z,"","Universal Music New Zealand Limited",0.443,0.534,7,-10.959,1,0.337,0.463,0.124,0.156,0.216,179.87,4
spotify:track:3XWgwgbWDI56mf1Wl3cLzb,"Buffalo Stance","Raw Like Sushi","Neneh Cherry",1989-01-01,342360,60,false,,2025-07-08T20:50:18Z,"","Circa",0.708,0.627,1,-11.155,1,0.0614,0.0113,0.0000313,0.338,0.764,107.246,4
spotify:track:3YQ5lexrhXljT46hHH4908,"Gimme Them Guts","Something To Get You Hyped","Young & Restless",1990-02-01,208600,7,false,,2025-07-08T20:38:22Z,"miami bass","Pandisc Music Corporation",0.9,0.624,6,-10.125,0,0.244,0.0105,0.0000188,0.0465,0.86,121.737,4
spotify:track:0rWUHulFlScxQsCq7kWKde,"B Girls","Something To Get You Hyped","Young & Restless",1990-02-01,242106,31,false,,2025-07-08T20:38:10Z,"miami bass","Pandisc Music Corporation",0.615,0.497,7,-11.913,1,0.439,0.016,0,0.312,0.769,193.762,3
spotify:track:7dSgxmEkYk4fN2o41c8W7I,"I'd Like to Buy the World a Coke","Music from Tv Commercials","Coca-Cola",2013-07-09,63906,29,false,,2025-07-05T19:15:38Z,"","Soundtrack Classics",0.713,0.444,11,-11.949,1,0.274,0.676,0,0.312,0.613,130.77,4
spotify:track:3G6hD9B2ZHOsgf4WfNu7X1,"Team","Pure Heroine","Lorde",2013-09-27,193058,85,false,,2025-06-30T21:11:12Z,"","Universal Music New Zealand Limited",0.691,0.578,6,-7.436,1,0.106,0.167,0,0.305,0.412,99.984,4
spotify:track:1gvOEwQbIEjkpLdcZwtBoB,"Man Of The Year","Virgin","Lorde",2025-06-27,180433,67,false,,2025-06-30T21:11:10Z,"","Universal Music New Zealand Limited",0.421,0.194,7,-5.489,1,0.0401,0.71,0.00152,0.107,0.116,176.999,3
spotify:track:7srqyRb5plksW5k65itXDB,"Girl, so confusing featuring lorde","Brat and it’s completely different but also still brat","Charli xcx;Lorde",2024-10-11,205938,79,false,,2025-06-30T21:11:08Z,"hyperpop,art pop","Atlantic Records",0.707,0.8,11,-5.567,0,0.0544,0.128,0.0000259,0.3,0.354,124.991,4
spotify:track:7hGCCQkdyF1MX6uk339uBS,"What Was That","Virgin","Lorde",2025-06-27,209286,76,false,,2025-06-30T21:11:04Z,"","Universal Music New Zealand Limited",0.603,0.612,0,-6.732,1,0.159,0.352,0.0000268,0.103,0.174,126.612,4
spotify:track:2MvvoeRt8NcOXWESkxWn3g,"Ribs","Pure Heroine","Lorde",2013-09-27,258969,86,false,,2025-06-30T21:10:59Z,"","Universal Music New Zealand Limited",0.525,0.472,4,-9.277,1,0.0739,0.534,0.614,0.11,0.0424,127.945,4
spotify:track:7tOAN6w4a1LD0iqkRnIrhZ,"1977","1977","Ana Tijoux",2010-04-27,201986,58,false,,2025-06-22T21:06:35Z,"latin hip hop,latin alternative","Nacional Records",0.697,0.685,9,-7.215,0,0.0421,0.00388,0.000506,0.0952,0.578,103.926,4
spotify:track:1PUB3y7vJp3NF8FbUDN0Um,"Your Mind","GREENZONE 108","Greentea Peng",2022-09-09,259680,45,false,,2025-06-19T23:57:18Z,"alternative r&b,neo soul","EMI",0.501,0.519,6,-8.529,1,0.0454,0.14,0.000119,0.123,0.513,135.948,4
spotify:track:5y1xlI7VUKzeNog5k8Lowz,"5 Stages of Conciousness","Dirty Weaponry","Killarmy",1998-08-11,276626,27,true,,2025-06-05T04:05:17Z,"east coast hip hop,underground hip hop","Wu Music Group",0.796,0.728,9,-8.852,0,0.375,0.312,0,0.276,0.798,92.938,4
spotify:track:709OfQowqvdK9l1vplt4jz,"Chop Suey Cumbia","Chop Suey Cumbia","Tongo",2021-12-09,202818,23,false,,2025-05-30T15:35:56Z,"","Tongo",0.717,0.929,7,1.038,0,0.0304,0.174,0.0000448,0.194,0.609,100.009,4
spotify:track:1WEKOnzzXkfqYJ9n5xoOS6,"Cupid Gay Version","Cupid Gay Version","edd2e",2023-05-03,120130,43,true,,2025-05-29T05:10:08Z,"","Homo Records",0.719,0.715,6,-9.995,1,0.0358,0.141,0,0.0927,0.864,120.008,4
spotify:track:6gPqBegU4aDWoSYXeCyURA,"I Got Bitches","I Got Bitches","A2M",2014-07-31,220030,63,true,,2025-05-29T05:00:08Z,"","A2M",0.968,0.785,7,-8.084,0,0.32,0.464,0.0000047,0.272,0.803,119.953,4
spotify:track:57gyM43T0UpoEIv7Kpg25N,"Scatman - DJ Kadozer 2003 Radio Edit","Ska-ba-bop-ba-dop-bop (DJ Kadozer Mix)","Scatman John",2003-01-01,209466,44,false,,2025-05-29T04:57:05Z,"eurodance","Iceberg Records",0.684,0.989,0,-6.482,1,0.0597,0.00112,0.269,0.286,0.729,140.056,4
spotify:track:623rRTKwGmgjH6sjE9uWLh,"Scatman (ski-ba-bop-ba-dop-bop)","Scatman's World","Scatman John",1995-06-01,215973,77,false,,2025-05-29T04:56:48Z,"eurodance","Iceberg Records",0.65,0.82,5,-10.9,0,0.0356,0.0662,0.00272,0.215,0.757,135.982,4
spotify:track:4F4TGsDYacEbw4PLAIyJ2e,"Skibidi","Antipositive, Pt. 2","Little Big",2018-10-05,163282,57,false,,2025-05-29T04:54:56Z,"","Little Big Family",0.872,0.758,0,-6.006,1,0.0542,0.0000814,0.387,0.0632,0.91,131.995,4
spotify:track:7m3povhdMDLZwuEKak0l0n,"Wasted","A Town Called Paradise (Deluxe)","Tiësto;Matthew Koma",2014-06-13,190013,66,false,,2025-05-29T04:34:57Z,"edm,trance,big room","Universal Music B.V.",0.638,0.816,2,-5.503,1,0.0308,0.00149,0.00115,0.195,0.386,112.014,4
spotify:track:321yySUTzRXUbzkRTeTzDB,"Wasted Love","Wasted Love","JJ",2025-03-06,164998,64,false,,2025-05-29T04:34:08Z,"","Warner Music Central Europe",0.293,0.833,1,-4.497,0,0.0519,0.237,0,0.18,0.274,133.165,4
spotify:track:10QoVk0bqvbCFSJW7xEcPY,"Switty Punk","Delhi Belly (Original Motion Picture Soundtrack)","Ram Sampath;Keerthi Sagathia",2011,211866,26,false,,2025-05-13T01:44:06Z,"bollywood,desi,hindi pop,gujarati pop,gujarati garba,tamil dance","Sony Music Entertainment India Pvt. Ltd. / UTV",0.716,0.931,4,-5.276,1,0.0496,0.0866,0,0.796,0.763,134.974,4
spotify:track:6JtWSJ0YXChk8rRmQgPwKL,"Wallah Re Wallah","Tees Maar Khan","Vishal-Shekhar;Shekhar Ravjiani;Kamal Khan;Raja Hasan;Shreya Ghoshal",2010-11-15,325633,47,false,,2025-05-13T01:40:56Z,"bollywood,desi,hindi pop,sufi,gujarati garba,gujarati pop,kannada pop,marathi pop","T-Series",0.533,0.944,2,-4.242,1,0.132,0.089,0,0.0826,0.835,115.008,4
spotify:track:0jWrfBcKMBQjJnDbpM6GMu,"Switty Tera Pyaar Chaida","Delhi Belly (Original Motion Picture Soundtrack)","Ram Sampath;Keerthi Sagathia",2011,171680,48,false,,2025-05-13T01:39:43Z,"bollywood,desi,hindi pop,gujarati pop,gujarati garba,tamil dance","Sony Music Entertainment India Pvt. Ltd. / UTV",0.828,0.729,9,-7.411,1,0.0763,0.038,0,0.269,0.857,135.009,4
spotify:track:4aDpEYz0mOtuHXNqNamXfO,"Yuo're Life You'r Tsois","Yuo're Life","Rolando Simmons",2017-04-18,356204,19,false,,2025-05-03T17:48:03Z,"idm,acid house","Rolando Simmons",0.553,0.984,9,-7.81,0,0.122,0.123,0.931,0.0953,0.196,75.986,4
spotify:track:3aA6xB0tOilDDX17fIJ0Bl,"Freak","Freak","Doja Cat",2020-08-07,284480,82,true,,2025-04-29T16:11:00Z,"","Kemosabe Records/RCA Records",0.688,0.716,7,-5.702,1,0.0385,0.0969,0,0.0989,0.373,116.912,3
spotify:track:1LiLcXmLVnmkZyuJVuJDOc,"Let Go","MADRA","NewDad",2024-01-26,253964,47,false,,2025-03-14T10:16:01Z,"","Atlantic Records UK",0.672,0.593,5,-8.663,0,0.0241,0.000312,0.711,0.12,0.442,99.99,4
spotify:track:2mUl2MNzIO6BHCrI1QdEcj,"Sickly Sweet","MADRA","NewDad",2024-01-26,203037,57,false,,2025-03-14T10:16:00Z,"","Atlantic Records UK",0.682,0.53,4,-8.366,0,0.0277,0.0279,0.415,0.28,0.724,119.967,4
spotify:track:5XOmmOQZFpzeHnWcsFAEiX,"Blue","Blue","NewDad",2020-09-04,198426,60,false,,2025-03-14T10:15:59Z,"","Fair Youth",0.62,0.58,10,-9.952,1,0.0258,0.799,0.919,0.114,0.503,119.977,4
spotify:track:1kiw6IXeTauPy3L964yxoZ,"Angel","MADRA","NewDad",2024-01-26,199220,66,false,,2025-03-14T10:15:57Z,"","Atlantic Records UK",0.563,0.701,3,-6.378,0,0.0285,0.00736,0.721,0.103,0.511,117.048,4
spotify:track:6Ggt0UQU8wbV9cq0PjzDgx,"Kan Lak Ma'aya","The Ugly Ducklings","Cairokee;Umm Kulthum",2019-03-21,225343,59,false,,2025-03-13T20:34:22Z,"egyptian pop,egyptian hip hop,arabic hip hop,mahraganat","Cairokee Productions",0.5,0.504,1,-6.995,0,0.0593,0.482,0.00000606,0.123,0.398,79.832,4
spotify:track:2RdWawq7wRzRRxls7DJ8bj,"Alf Leila We Leila","The Best Of Umm Kulthum 1","Umm Kulthum",1970-01-01,2497280,35,false,,2025-03-13T20:34:09Z,"","Umm Kulthum",0.395,0.405,0,-8.097,1,0.0463,0.813,0.0000399,0.745,0.434,132.295,4
spotify:track:0jE9HrxLZJyvZwtwgyVFUX,"Line It Up","Stressin' for a Blessin'","June",2018-02-23,201161,6,true,,2025-03-04T13:48:32Z,"hyphy","Mozzy Records / EMPIRE",0.686,0.783,0,-7.688,1,0.058,0.0524,0,0.191,0.452,88.032,4
spotify:track:2wiV5iKq5F5A0KUee4OrlK,"Limerence","Mono No Aware","Yves Tumor",2017-03-17,329361,66,true,,2025-02-27T16:52:07Z,"","PAN",0.325,0.322,8,-16.613,1,0.03,0.887,0.214,0.118,0.724,182.073,3
spotify:track:1s48CUcei5Rlt8103DTQcu,"Zay Manty","Sahran","Amr Diab",2020-02-17,203000,56,false,,2025-02-27T09:00:14Z,"egyptian pop,khaleeji","Sony Music Entertainment",0.623,0.651,8,-5.952,1,0.0344,0.849,0.00000353,0.0879,0.752,96.366,3
spotify:track:0CGVXRGHfyM7R1a00qwCdJ,"Sunkissed","Sunkissed","Guitar Michael Lückner",2002-11-04,363960,39,false,,2025-02-13T14:53:26Z,"shoegaze,dream pop,trip hop","Morr Music",0.501,0.957,10,-7.047,0,0.123,0.0005,0.674,0.0333,0.726,149.005,4
spotify:track:3x70AjexU4TyUEK60mfNRY,"Karmacoma - Remastered 2006","Collected","Massive Attack;Tricky",2006-03-27,314000,41,false,,2025-02-13T14:43:32Z,"trip hop,downtempo","Virgin Records",0.798,0.697,11,-8.716,1,0.216,0.00512,0.197,0.186,0.691,141.052,4
spotify:track:4aWh56DK3eqtetr2jkCA7m,"Amy Was a Player","Here Today Gone Tomorrow","Fritz Kalkbrenner",2010-10-15,464008,30,false,,2025-02-12T12:51:39Z,"","suol",0.764,0.482,10,-12.941,0,0.0926,0.00386,0.848,0.111,0.299,125.001,4
spotify:track:71FDtiwxthmPYlYz8J3hnN,"DURO","DURO","Six Sex;La Finesse",2021-06-10,120500,40,true,,2025-02-06T05:58:29Z,"neoperreo","DALE PLAY Records",0.77,0.454,1,-8.344,1,0.207,0.0666,0.241,0.101,0.239,76.967,4
spotify:track:2CsIRWODFyAzwcYkgoEW5G,"Tacon (feat. Six Sex, OH!DULCEARi & Methmath)","Amor Hardcore","Isabella Lovestory;Six Sex;OH!DULCEARi;Meth Math",2022-10-05,238763,40,true,,2025-02-06T05:58:28Z,"neoperreo,hyperpop","Isabella Rodriguez p/k/a Isabella Lovestory",0.702,0.704,1,-4.047,1,0.174,0.0253,0.00000183,0.639,0.856,181.923,4
spotify:track:6NbXVdpQep2wNcmVzWYOSt,"U&ME","U&ME","Six Sex;Dauner;Luca Eck",2024-11-06,159402,49,true,,2025-02-06T05:58:27Z,"neoperreo,german indie,german indie pop,german pop,techno,hard techno,acid techno","DALE PLAY Records",0.75,0.804,9,-7.716,1,0.0747,0.000976,0.834,0.0657,0.887,148.026,4
spotify:track:5KjAxwUyjc2VyEsIDXiDcc,"Hot&perfecT","Satisfire","Six Sex;DBBD",2024-02-29,146805,48,true,,2025-02-06T05:58:25Z,"neoperreo","DALE PLAY Records",0.639,0.922,8,-6.385,1,0.0663,0.00279,0.726,0.15,0.667,156.028,4
spotify:track:57NsyEzmk0NT3NcOwuQT55,"witchblades","CASTLES II","Lil Peep;Lil Tracy",2017-02-07,149360,76,true,,2025-01-28T17:26:04Z,"emo rap,cloud rap","Death Note Music, LLC",0.634,0.54,8,-7.002,1,0.0777,0.0223,0,0.302,0.543,143.968,4
spotify:track:5ePUUBW4kMKWoP3RItbiQB,"Star Shopping","Star Shopping (Live)","Lil Peep",2024-06-14,142000,56,true,,2025-01-28T17:24:58Z,"emo rap,cloud rap","Death Note Music, LLC",0.538,0.471,4,-9.84,0,0.0955,0.0946,0.0185,0.116,0.307,93.07,4
spotify:track:7zsXy7vlHdItvUSH8EwQss,"Cold Water","Cold Water","Major Lazer;Justin Bieber;MØ",2016-07-22,185360,75,false,,2025-01-28T17:24:07Z,"moombahton","Mad Decent PS (Bieber/Major Lazer)",0.608,0.798,6,-5.092,0,0.0432,0.0736,0,0.156,0.5,92.946,4
spotify:track:5xphO8cbL4bZ5k0zmahKV5,"Lejos De La Ciudad","Vuelo","Kudai",2004-01-01,244520,48,false,,2025-01-26T02:07:44Z,"latin pop","EMI CHILE",0.425,0.319,6,-10.598,1,0.0302,0.734,0,0.35,0.3,179.98,3
spotify:track:6deIQBN1orN0bHQUo62key,"Spectral Analysis","Like All Before You","The Voidz",2024-09-20,226777,42,false,,2025-01-23T07:47:38Z,"","Cult Records",0.343,0.245,8,-14.923,1,0.0301,0.971,0.926,0.118,0.217,75.555,4
spotify:track:0NGgGj5L3VztJb3zKIwpRp,"Simple And Clean - PLANITb Remix","COLORS","Hikaru Utada;ラッセル・マクナマラ",2003-01-29,343493,58,false,,2025-01-18T21:42:45Z,"j-pop,j-r&b,anime","Universal Music LLC",0.665,0.888,8,-7.995,1,0.0609,0.0112,0.00219,0.14,0.449,130.055,4
spotify:track:6SUqXJIbeGEMofqAhC0bCv,"A Little Piece of Heaven","Avenged Sevenfold","Avenged Sevenfold",2007-10-30,480706,42,true,,2025-01-18T13:15:06Z,"metal,alternative metal","Warner Records",0.486,0.881,2,-5.623,0,0.0474,0.0244,0,0.429,0.667,144.997,4
spotify:track:1BLOVHYYlH4JUHQGcpt75R,"Ode To The Mets","The New Abnormal","The Strokes",2020-04-10,351786,79,true,,2025-01-17T10:06:09Z,"garage rock,indie rock,alternative rock","Cult Records/RCA Records",0.426,0.617,1,-5.423,0,0.0289,0.341,0.181,0.101,0.201,92.002,4
spotify:track:4IadxL6BUymXlh8RCJJu7T,"Too Sweet","Unheard","Hozier",2024-03-22,251424,76,false,,2025-01-16T13:20:59Z,"","Columbia",0.741,0.62,10,-5.505,1,0.0412,0.0295,0.000809,0.0398,0.934,117.038,4
spotify:track:0WbMK4wrZ1wFSty9F7FCgu,"Good Luck, Babe!","Good Luck, Babe!","Chappell Roan",2024-04-05,218423,92,false,,2025-01-16T13:17:24Z,"","Chappell Roan PS/ Island",0.7,0.582,11,-5.96,0,0.0356,0.0502,0,0.0881,0.785,116.712,4
spotify:track:28BHwinU69xKIlL7vVln2k,"i like the way you kiss me","i like the way you kiss me (remixes)","Artemas",2024-04-05,142514,62,false,,2025-01-16T13:11:32Z,"","Artemas",0.599,0.946,11,-4.263,1,0.0447,0.000938,0.0106,0.0826,0.747,151.647,4
spotify:track:5nbfF5CT6ZFHiEldrlCuHk,"Powercore","Power","Nekrogoblikon",2013-08-27,236093,47,true,,2025-01-16T11:45:05Z,"melodic death metal,metal,folk metal","Nekrogoblikon, Inc.",0.393,0.991,8,-4.345,1,0.348,0.00399,0,0.135,0.318,199.955,4
spotify:track:3cJ0BXctqtouer917IjEH3,"Paper Hearts","Mumps, etc.","WHY?",2012-10-02,248163,18,false,,2025-01-14T23:53:24Z,"","Waterlines",0.628,0.415,1,-7.577,1,0.0881,0.157,0.00000523,0.229,0.0325,120.289,3
spotify:track:2CEUKpZeIH87raQKYClABt,"Houston, the Action Town","Life Gave Me a Dirty Deal","Juke Boy Bonner",1992-01-01,160000,10,false,,2025-01-08T06:08:26Z,"classic blues,blues,country blues","Arhoolie Records",0.549,0.587,1,-12.272,0,0.0375,0.00395,0.000146,0.0687,0.682,92.645,4
spotify:track:58f4twRnbZOOVUhMUpplJ4,"Brown Munde","Brown Munde","AP Dhillon;Gminxr;Gurinder Gill;Shinda Kahlon",2020-09-18,254400,72,false,,2025-01-08T05:41:15Z,"punjabi hip hop,punjabi pop,desi,bhangra,desi hip hop","Run-up Records",0.854,0.611,8,-6.26,0,0.0864,0.223,0,0.119,0.417,100.024,4
spotify:track:0CdM6vBxdh7XLsZv7GnA3t,"Immortal Flame","Immortal Flame","Panda Eyes;Teminite;Anna Yvette",2015-10-30,308194,32,false,,2025-01-07T18:18:22Z,"dubstep,drumstep,deathstep,chillstep","Panda Eyes Records",0.537,0.738,3,-2.94,0,0.0459,0.0153,0.00925,0.118,0.126,109.98,4
spotify:track:2JYDzji1fUnYRasWXI0qtH,"Red Line","Red Line","Anna Yvette",2019-07-24,265787,0,false,,2025-01-07T18:18:16Z,"drumstep,chillstep,dubstep","NCS",0.606,0.775,5,-5.586,1,0.0315,0.000352,0.0437,0.117,0.522,109.971,4
spotify:track:7yfhESjiagb2x1WEWlgpbb,"Linked","Linked","Jim Yosef;Anna Yvette",2017-12-16,223218,1,false,,2025-01-07T18:18:13Z,"drumstep,chillstep,dubstep","NCS",0.613,0.905,6,-3.943,1,0.045,0.0594,0.00634,0.427,0.251,99.971,3
spotify:track:3JeCVPctOYKQmiB1UlVtvm,"Бухгалтер","Московская прописка","Kombinaciya",1991,271506,50,false,,2025-01-06T19:44:27Z,"","ДЖЕМ",0.861,0.58,11,-7.9,1,0.0398,0.016,0.00000364,0.0658,0.837,118.108,4
spotify:track:4zzxSXdXK4gLEOyGpPpb9v,"green to blue","Backroom","daniel.mp3",2022-06-29,189515,72,false,,2025-01-03T22:54:11Z,"dark ambient","daniel.mp3. Distributed exclusively by Amuseio AB",0.33,0.0275,2,-30.651,1,0.0434,0.979,0.928,0.0868,0.0641,138.099,4
spotify:track:44HTE9IdjUk01DEAp54amH,"Don't Copy My Flow","Don't Copy My Flow","фрози;Mwizz;George Kipa",2024-06-14,172382,75,false,,2025-01-03T09:21:22Z,"","Ultra Records, LLC",0.397,0.81,11,-7.299,0,0.0549,0.0574,0.0000227,0.191,0.597,97.721,4
spotify:track:3kyKo8BP2FYD1zbguICMwP,"Beautiful Chaos III","Beautiful Chaos: Mask Off","Aspen the rapper",2020-12-11,230361,0,true,,2025-01-01T17:59:54Z,"","chaotic artistry",0.622,0.534,0,-10.325,1,0.0397,0.175,0.0842,0.117,0.056,144.024,4
spotify:track:2fN2Hj1m3E3ICwOqQqwuuB,"Dieseldöden","Det finns bara krig","Raubtier",2009-03-25,195133,31,false,,2025-01-01T17:49:38Z,"industrial metal,metal","Faravid Recordings",0.557,0.968,1,-4.284,1,0.105,0.00314,0.414,0.0666,0.398,159.97,4
spotify:track:2fpzSINgTCbf4sS7LH39G5,"Sag My Pants","Raw","Hopsin",2010-11-19,219089,0,true,,2025-01-01T17:46:41Z,"","Funk Volume",0.871,0.567,2,-9.264,1,0.364,0.171,0,0.0551,0.794,97.422,4
spotify:track:7dDLHlyZJBqEWSndlPWyCT,"Ill Mind of Hopsin 5","Ill Mind of Hopsin 5 - Single","Hopsin",2012-07-17,289004,59,true,,2025-01-01T17:46:26Z,"","Funk Volume/Hopsin",0.737,0.707,1,-11.113,1,0.448,0.514,0,0.393,0.561,98.121,4
spotify:track:6HgrJfzfj9WRBABdussy8z,"Rx Queen","White Pony","Deftones",2000,268026,67,false,,2024-12-31T07:36:15Z,"nu metal,alternative metal,rap metal,rock,shoegaze","Rhino",0.571,0.919,10,-6.596,1,0.0457,0.000106,0.274,0.171,0.548,143.155,4
spotify:track:4xifZ2mYHM6iMHJ7e83eyz,"Grey Lynn Park","Troubles of the Brain - EP","The Veils",2011-01-25,159613,7,false,,2024-12-27T19:41:42Z,"","Pitch Beast",0.665,0.552,11,-10.661,0,0.0317,0.228,0.00605,0.103,0.367,113.475,4
spotify:track:26bAhcjnfqzw3S5wwMFohl,"Sweet Dreams","Ordinary Songs 5","Snail's House",2020-02-23,203724,16,false,,2024-12-27T19:38:27Z,"future bass","Cachettenotes.",0.779,0.707,4,-9.738,0,0.0815,0.124,0.327,0.222,0.462,86.016,4
spotify:track:6PnluwP0fjGnpIBsqTdUTq,"Pretty When You Cry","Ultraviolence (Deluxe)","Lana Del Rey",2014-01-01,234146,82,true,,2024-12-27T19:15:16Z,"","Polydor Records",0.509,0.547,10,-6.548,0,0.0417,0.399,0,0.215,0.197,109.436,4
spotify:track:0LtOwyZoSNZKJWHqjzADpW,"Feels Like We Only Go Backwards","Lonerism","Tame Impala",2012-01-01,192960,82,false,,2024-12-27T19:14:45Z,"neo-psychedelic,indie","Modular",0.303,0.9,2,-2.352,0,0.0574,0.0277,0.635,0.11,0.491,149.508,4
spotify:track:6iz0oflEblMcbzLZaZRHGh,"Lulu","Lulu","Zheani",2019-08-30,183555,28,true,,2024-12-23T03:19:35Z,"witch house,trap metal","Regime Music Group",0.771,0.516,8,-9.192,0,0.129,0.583,0.000489,0.106,0.624,151.005,4
spotify:track:7w87IxuO7BDcJ3YUqCyMTT,"Pumped Up Kicks","Torches","Foster The People",2011-05-23,239600,91,false,,2024-12-22T21:35:21Z,"","Columbia",0.733,0.71,5,-5.849,0,0.0292,0.145,0.115,0.0956,0.965,127.975,4
spotify:track:6QeYSvYqYUsfBzsApbjDHO,"Cigarettes out the Window","Who Really Cares","TV Girl",2016-02-25,198960,89,false,,2024-12-22T21:35:00Z,"","TV Girl",0.625,0.659,0,-5.669,1,0.0337,0.12,0,0.17,0.594,113.551,4
spotify:track:6sGiI7V9kgLNEhPIxEJDii,"Ram Ranch","Ram Ranch","Grant Macdonald",2012-09-14,409413,37,true,,2024-12-22T07:05:19Z,"","Firstbank Studios",0.461,0.621,2,-5.988,1,0.134,0.00394,0,0.0879,0.479,81.888,4
spotify:track:338VhnERUjSnXmIFGuxonu,"Mo City Don","Let the Truth Be Told","Z-Ro",2005,265213,0,true,,2024-12-20T18:07:05Z,"southern hip hop","Rap-A-Lot Records",0.758,0.843,6,-3.564,1,0.266,0.0217,0.0000244,0.412,0.378,98.037,4
spotify:track:17do7w3653viB3x68vvDqv,"Jazz Castle","Jazz Jackrabbit 1 & 2","Alexander Brandon",2013-06-06,163999,20,false,,2024-12-20T02:00:36Z,"","Robert A. Allen & Alexander Brandon",0.487,0.762,1,-9.041,1,0.0522,0.0000763,0.43,0.11,0.676,199.551,4
spotify:track:16NgUNWJzX2n5uCl1U8MWu,"Children Of Divorce","A Dream Is A Question You Don't Know How To Answer","Jonny Craig",2009-08-18,238906,41,false,,2024-12-19T17:59:07Z,"post-hardcore","Rise Records",0.321,0.199,7,-13.239,1,0.0321,0.512,0,0.137,0.208,112.015,3
spotify:track:0wnlSJ0aiTMZcGuSfmxFpB,"Istillfeelher, Pt. 3","A Dream Is A Question You Don't Know How To Answer","Jonny Craig",2009-08-18,201520,48,false,,2024-12-19T17:58:04Z,"post-hardcore","Rise Records",0.571,0.856,4,-4.51,0,0.0287,0.0199,0.0000955,0.475,0.587,112.036,4
spotify:track:0lYtIvI7bO51PZSeK22Mbz,"눈,코,입 (Eyes, Nose, Lips)","RISE","TAEYANG",2014-06-03,229989,74,false,,2024-12-17T04:19:21Z,"k-pop","YG Entertainment",0.63,0.516,0,-5.759,1,0.0379,0.736,0,0.264,0.254,143.786,4
spotify:track:2NO4CA2TFvhGeg7XMz8PmT,"Wedding Dress","Solar","TAEYANG",2010-07-01,242746,65,false,,2024-12-17T04:19:19Z,"k-pop","YG Entertainment",0.729,0.669,0,-4.73,1,0.0347,0.122,0,0.129,0.707,133.943,4
spotify:track:1bXLpqe49cqEpj88uPR4pu,"Reckless Serenade","Suck It and See","Arctic Monkeys",2011-06-06,162746,57,false,,2024-12-17T02:38:06Z,"indie,garage rock","Domino Recording Co",0.585,0.694,2,-6.632,1,0.0392,0.00037,0.0144,0.0724,0.785,127.966,4
spotify:track:70hjjZ46S4n3KC1D7WMcie,"Cuando Volverás Amor","Cuándo Volverás Amor","Tropical Panamá",1990-01-01,173986,60,false,,2024-12-13T13:19:31Z,"grupera,cumbia,cumbia norteña,música tropical","Universal Music Mexico",0.626,0.583,6,-9.069,1,0.0488,0.491,0.352,0.247,0.959,167.448,4
spotify:track:16NRutjxxtfqIDvlwLFw1A,"La Chica Que Soñé","La Chica Que Soñe","Tropical Panamá",1992-01-01,190773,64,false,,2024-12-13T13:19:28Z,"grupera,cumbia,cumbia norteña,música tropical","Universal Music Mexico",0.719,0.532,0,-7.598,1,0.0473,0.274,0.000899,0.176,0.822,176.743,4
spotify:track:72lJAriH2Gu8s0PkQmbTMp,"Get In Loser, We're Going To Go Fight For Someone We Don't Know","Continue","Plasma Cutter",2021-01-09,278000,0,false,,2024-12-13T07:00:34Z,"","CONTINUE",0.49,0.882,1,-4.597,1,0.0891,0.0000213,0.82,0.0849,0.372,109.989,4
spotify:track:6r90i43hCjwrxAYN4VTL5t,"Hadal","Hadal","Eduardo Luzquinos",2024-09-23,250000,0,false,,2024-12-13T05:19:59Z,"","Eduardo Luzquinos",0.739,0.317,11,-11.39,1,0.0471,0.644,0.438,0.152,0.315,140.499,4
spotify:track:4PRfqQMVI2jNPAERntojJp,"Neurosis","Drama","Bitter:Sweet",2008-03-06,193133,9,false,,2024-12-12T16:21:39Z,"trip hop,nu jazz","Quango Music Group, Inc.",0.872,0.73,11,-6.666,0,0.0436,0.149,0.00000482,0.0987,0.883,122.048,4
spotify:track:70pxa73BCZ7zRi5IuASbQ2,"Ayo (feat. Bun B & Lil Keke)","College Park","Logic;Bun B;Lil' Keke",2023-02-24,215210,37,true,,2024-12-11T21:32:21Z,"southern hip hop,crunk","BMG Rights Management (US) LLC",0.599,0.864,11,-4.384,0,0.3,0.261,0.0000157,0.354,0.555,142.773,4
spotify:track:7xTY3rJMgj0nh6OOPHgsLw,"Freaks And Geeks","EP (2011 Re-Release)","Childish Gambino",2018-01-31,217103,59,true,,2024-12-11T21:29:57Z,"","Wolf and Rothstein",0.667,0.873,10,-5.605,1,0.314,0.124,0,0.0725,0.799,81.052,4
spotify:track:3uYDO9dPLTVrgfwg7EYXSf,"Lift Yourself","Lift Yourself","Kanye West",2018-04-29,147904,61,false,,2024-12-10T13:23:46Z,"rap","Rock The World/IDJ/Kanye LP7",0.877,0.435,0,-8.131,1,0.136,0.0108,0.00000188,0.115,0.589,98.008,4
spotify:track:42GcjriRK6srwHkfbkBqVl,"Blood On The Leaves","Yeezus","Kanye West",2013-06-18,359800,71,true,,2024-12-09T10:34:47Z,"rap","Rock The World/IDJ/Kanye/LP6",0.397,0.69,2,-4.108,0,0.195,0.395,0,0.101,0.36,172.073,4
spotify:track:0W59qNL0m1jp6pX8nyGKFR,"Splash Woman","Mega Ran 9","Mega Ran",2009-03-12,314973,25,false,,2024-12-09T10:18:44Z,"","Random",0.786,0.75,1,-8.409,1,0.0912,0.0135,0.00914,0.115,0.423,107.019,4
spotify:track:2xA9TWdfgWqUUxtfeCiVRG,"Pork","Hands Over Pastry","Mr Weebl",2009-04-06,145945,11,false,,2024-12-08T20:03:29Z,"","Weebl's Stuff Records",0.672,0.844,7,-5.546,1,0.272,0.00615,0.0246,0.212,0.253,147.908,4
spotify:track:0oPOuDmmkVp3h6puekhs6P,"Use This Gospel","JESUS IS KING","Kanye West;Clipse;Kenny G",2019-10-25,213877,62,false,,2024-12-08T13:13:57Z,"rap,smooth jazz,christmas","Getting Out Our Dreams II / Def Jam Recordings",0.611,0.459,0,-3.926,0,0.0422,0.614,0,0.126,0.177,148.28,4
spotify:track:65rRB2mspD309xE6YimZTl,"Clique","Kanye West Presents Good Music Cruel Summer","Kanye West;JAŸ-Z;Big Sean",2012-01-01,293613,70,true,,2024-12-08T11:42:20Z,"rap,hip hop,east coast hip hop","Getting Out Our Dreams Inc. (G.O.O.D.) Music / IDJ",0.66,0.539,9,-5.947,0,0.324,0.0534,0,0.222,0.307,109.318,5
spotify:track:1ghlpxVfPbFH2jenrv9vVw,"Duel of the Fates","Star Wars: The Phantom Menace (Original Motion Picture Soundtrack)","John Williams;London Symphony Orchestra",1999-05-04,254346,66,false,,2024-12-06T21:12:11Z,"soundtrack,score,classical,orchestral,ballet,opera","Walt Disney Records",0.471,0.411,2,-15.755,1,0.041,0.733,0.853,0.28,0.282,79.986,4
spotify:track:7vgTNTaEz3CsBZ1N4YQalM,"Ghost Town","ye","Kanye West;PARTYNEXTDOOR",2018-06-01,271386,84,true,,2024-12-04T12:06:40Z,"rap,dark r&b,r&b,trap soul","Getting Out Our Dreams, Inc./Def Jam Recordings",0.573,0.545,7,-4.247,0,0.0288,0.0969,0,0.329,0.297,83.378,4
spotify:track:3GZD6HmiNUhxXYf8Gch723,"Lost","channel ORANGE","Frank Ocean",2012-07-10,234093,87,true,,2024-12-04T11:21:15Z,"","Red Zone Entertainment / IDJ",0.913,0.603,8,-4.892,1,0.226,0.0272,0.000503,0.167,0.497,123.061,4
spotify:track:0mQ1btcyqFDvTpaCFs04cR,"Gollum's Song","The Lord of the Rings: The Two Towers (Original Motion Picture Soundtrack)","Emilíana Torrini",2002-12-02,351333,50,false,,2024-12-04T00:55:57Z,"trip hop","Reprise",0.125,0.164,7,-14.239,1,0.0361,0.905,0.0283,0.0903,0.0377,80.453,3
spotify:track:2qtuCgECjcjW64hmKOX4Qh,"HIM","HIM","Z-Ro;CeeLo Green",2024-11-22,183560,19,true,,2024-12-01T01:44:05Z,"southern hip hop","Wreckshop Records and One Deep Entertainment",0.535,0.85,8,-3.618,0,0.266,0.04,0,0.116,0.239,149.578,4
spotify:track:1abNE7hvyT9RtkslEiERhh,"Frank Sinatra","Fashion Nugget","CAKE",1996-09-17,240029,51,false,,2024-11-20T20:55:34Z,"alternative rock","Volcano",0.675,0.511,7,-9.208,1,0.0415,0.175,0.0255,0.183,0.569,114.201,4
spotify:track:3zvBkrRyrDFmcJAfmZLEOT,"Summer Song","The Extremist","Joe Satriani",1992-07-21,300765,51,false,,2024-11-13T04:19:48Z,"","Epic/Legacy",0.384,0.917,2,-5.764,1,0.035,0.000011,0.927,0.101,0.48,162.128,4
spotify:track:3ExNcJ7LkInTekJg13FQSq,"Satch Boogie","Surfing With The Alien","Joe Satriani",1987,193584,49,false,,2024-11-13T04:19:42Z,"","Epic",0.46,0.951,2,-6.869,1,0.108,0.00285,0.833,0.0523,0.336,108.005,4
spotify:track:5t5xry5uOfzWTpt6HX1yc8,"Better Off Dead","Ever Revolving, Never Evolving","30footFALL",1999-01-01,152066,24,true,,2024-11-12T11:50:40Z,"skate punk,punk,ska punk,ska","Nitro Records (Concord)",0.479,0.942,0,-5.566,1,0.0755,0.00386,0,0.465,0.687,103.965,3
spotify:track:2c2tlXfEmLgUNvxngIi1qL,"DEAD MAN WALKING","WASTELAND","Brent Faiyaz",2022-07-08,247079,78,true,,2024-11-08T04:59:06Z,"r&b","Lost Kids LLC., Marketed by Venice / Stem",0.51,0.272,9,-13.763,0,0.0557,0.303,0,0.0958,0.435,143.984,4
spotify:track:7wOqBOryVGD3nqDUihDSwL,"Rumors","Rumors","NEFFEX",2017-04-26,247607,10,false,,2024-10-31T06:48:08Z,"","Burning Boat",0.673,0.706,8,-8.4,1,0.115,0.0603,0.00000275,0.426,0.516,74.972,4
spotify:track:7tfoOnBqjKsdEFPMsR4lwJ,"Heartbreakers","Heartbreakers","Chris Champion",2023-03-14,150073,0,false,,2024-10-23T18:12:43Z,"","Chris Champion",0.762,0.541,9,-9.597,1,0.0863,0.0346,0,0.0693,0.498,96,4
spotify:track:3FZl7oNIPiYVfE59uVmPDU,"Ayo Technology","Born in the Eighties","Milow",2012-07-10,213945,37,true,,2024-10-15T00:12:02Z,"","Homerun Records",0.777,0.644,11,-8.071,0,0.0395,0.393,0,0.0878,0.758,128.05,4
spotify:track:5IvdLxVB8gwwcgnEkXSSW2,"Dark Side Of The Moon (feat. Nicki Minaj)","Tha Carter V","Lil Wayne;Nicki Minaj",2018-09-28,242972,51,false,,2024-10-10T00:26:58Z,"rap,hip hop","Young Money Records, Inc.",0.603,0.457,11,-5.384,1,0.297,0.526,0,0.0905,0.455,73.724,4
spotify:track:0dbTQYW3Ad1FTzIA9t90E8,"Mona Lisa (feat. Kendrick Lamar)","Tha Carter V","Lil Wayne;Kendrick Lamar",2018-09-28,324189,71,true,,2024-10-10T00:26:52Z,"rap,hip hop,west coast hip hop","Young Money Records, Inc.",0.856,0.694,2,-4.393,1,0.169,0.371,0,0.109,0.489,122.08,4
spotify:track:71J3ktUHU5n0EWAfD7VVFX,"Tao, Tao","Cumbias Sin Control","Control",1999-01-01,172706,70,false,,2024-08-30T03:46:02Z,"cumbia norteña,cumbia,tejano,música mexicana,norteño","Capitol Latin",0.854,0.848,7,-5.93,1,0.041,0.234,0.0000666,0.0294,0.949,103.32,4
spotify:track:2jwideUDj7G4SsyuYkrJWn,"Drift Barbie","Drift Barbie","blueberry;PiNKII",2024-08-09,123746,57,false,,2024-08-18T23:51:35Z,"drift phonk,phonk","Decliped",0.74,0.903,3,-3.976,0,0.03,0.0575,0.673,0.169,0.776,129.981,4
spotify:track:4E6cwWJWZw2zWf7VFbH7wf,"Love Song","Little Voice","Sara Bareilles",2007-07-03,258483,76,false,,2024-08-02T03:51:52Z,"","Epic",0.583,0.786,2,-3.142,0,0.0301,0.0208,0,0.188,0.573,123.055,4
spotify:track:360zyMdRlHKCWCNUUOFyqg,"Fuck This Job","Born to Fuck/Fuck This Job","Wheeler Walker Jr.",2023-08-30,204760,57,true,,2024-07-06T14:21:48Z,"outlaw country,country","Pepperhill Music LLC",0.706,0.729,11,-3.911,1,0.051,0.184,0,0.27,0.693,146.011,4
spotify:track:1QAz671ewHPs31WxBBVkKG,"We Stand","The Fall Of Ideals","All That Remains",2006-07-11,227106,46,false,,2024-06-24T06:17:56Z,"metalcore,metal","Razor & Tie",0.454,0.975,3,-2.394,1,0.0535,0.0000381,0.0109,0.216,0.265,87.957,4
spotify:track:0vMr3GXZJi1IIIWE8bBJuZ,"Plants","Locket","Crumb",2017-06-23,191904,58,false,,2024-06-22T00:20:13Z,"neo-psychedelic,bedroom pop","Crumb Records",0.494,0.406,11,-10.725,0,0.0411,0.607,0.496,0.122,0.222,81.03,4
spotify:track:4Grli0SlPSpMKAJDeZURG2,"Recently Played","Locket","Crumb",2017-06-23,120454,48,false,,2024-06-22T00:18:04Z,"neo-psychedelic,bedroom pop","Crumb Records",0.57,0.334,5,-11.046,0,0.031,0.695,0.226,0.226,0.124,112.015,3
spotify:track:6egRwYsMJ8DVJQAKOjHWou,"Wave of Death","The Last Rager","Municipal Waste",2019-10-11,113040,55,false,,2024-06-20T01:36:07Z,"thrash metal,speed metal,groove metal,metal","Nuclear Blast",0.402,0.99,8,-2.934,0,0.126,0.0000185,0.549,0.0749,0.481,82.341,4
spotify:track:3smoERuUk7tMqGgTjjDndu,"From so Far Away","Awaken the Dreamers","All Shall Perish",2008-09-05,158613,30,false,,2024-06-18T13:11:42Z,"deathcore,death metal,metalcore,metal","Nuclear Blast",0.375,0.94,5,-3.857,1,0.107,0.0000425,0.885,0.131,0.282,109.985,4
spotify:track:2CepFmaGHm7HnCKdTxrbvT,"White Rabbit","White Rabbit","Molly Tuttle;Molly Tuttle & Golden Highway",2023-04-07,315309,41,false,,2024-06-18T01:57:00Z,"bluegrass,newgrass,americana","Nonesuch",0.477,0.412,11,-9.213,0,0.0338,0.53,0.0223,0.224,0.451,117.516,4
spotify:track:3QyKosGu3XAQ8zROO6FPqs,"Crooked Tree","Crooked Tree (Deluxe Edition)","Molly Tuttle;Molly Tuttle & Golden Highway",2022-12-02,232827,17,false,,2024-06-18T01:56:21Z,"bluegrass,newgrass,americana","Nonesuch",0.443,0.534,11,-8.349,1,0.0328,0.613,0,0.151,0.651,115.234,4
spotify:track:2xM3dq0jA11lIOAa4zj9mE,"Got This Thing On The Move - Remastered","Grand Funk (Red Album) [Expanded Edition]","Grand Funk Railroad",1969,279600,41,false,,2024-06-14T11:54:27Z,"classic rock","Capitol Records",0.358,0.62,2,-7.332,1,0.0296,0.000656,0.0476,0.447,0.344,144.732,4
spotify:track:5rpHPGXMnJhEsUUh7ttCY7,"Bucephalus Bouncing Ball [Chosen by Warp co-founder Steve Beckett]","Come To Daddy","Aphex Twin",1997-10-06,345106,42,false,,2024-05-16T04:36:23Z,"idm,ambient","Warp Records",0.536,0.901,0,-5.856,1,0.131,0.0913,0.894,0.0933,0.201,112.058,5
spotify:track:44IXD2J5yyr7PpOZzz2cmQ,"Fear and Friday's (Poem)","Zach Bryan","Zach Bryan",2023-08-25,107266,61,false,,2024-05-08T14:13:53Z,"country,red dirt","Warner Records",0.6,0.41,1,-10.788,0,0.395,0.841,0,0.433,0.312,104.337,4
spotify:track:0zpxJZIcJUZZTAuhpkmas2,"Stuck","Stuck","Redferrin",2021-05-14,189258,70,false,,2024-04-14T09:46:22Z,"country","Round Here Records/Warner Records Nashville",0.641,0.628,4,-5.658,0,0.0463,0.759,0,0.085,0.487,156.027,4
spotify:track:3BDk82FzvaQu6hvLuhrcPh,"Lose Her For Nothin’","Old No. 7","Redferrin",2024-02-16,162953,56,false,,2024-04-14T09:46:17Z,"country","Warner Records Nashville",0.681,0.617,0,-4.672,1,0.0379,0.0898,0,0.143,0.371,139.857,4
spotify:track:55a01VsdKH2OeSXLGy9wd5,"Jack and Diet Coke","Jack and Diet Coke","Redferrin",2023-06-23,193399,72,false,,2024-04-10T23:57:41Z,"country","Warner Records Nashville",0.674,0.561,4,-6.457,0,0.0274,0.487,0,0.116,0.383,138.02,4
spotify:track:4FFC7McrnnwAWKbAqbckTP,"Woodlawn","Limbo","Aminé",2020-08-07,143152,51,true,,2024-03-30T19:26:35Z,"","Republic Records",0.784,0.586,10,-5.148,1,0.057,0.159,0,0.183,0.824,113.973,4
spotify:track:7387VaiHpOsSIZ5nmjseya,"Barry Bonds","Graduation","Kanye West;Lil Wayne",2007-09-11,204306,67,true,,2024-03-30T19:17:10Z,"rap,hip hop","Roc-A-Fella",0.48,0.624,1,-6.131,1,0.382,0.0442,0,0.337,0.713,164.996,4
spotify:track:2cnKST6T9qUo2i907lm8zX,"a m a r i","The Off-Season","J. Cole",2021-05-14,148421,68,true,,2024-03-30T19:06:39Z,"rap","Dreamville, Inc., Under exclusive license to Roc Nation Records",0.725,0.713,4,-6.173,0,0.187,0.127,0,0.617,0.207,65.988,4
spotify:track:0ysASp3nCRFQ4UuuOptVsf,"Darkside","Funeral","Lil Wayne",2020-01-31,139600,34,true,,2024-03-30T19:06:35Z,"rap,hip hop","Young Money Records, Inc.",0.896,0.575,1,-5.233,1,0.388,0.35,0,0.138,0.171,125.555,4
spotify:track:661wc0CTq5MbppEG6zYP5n,"Spicy (feat. Fivio Foreign & A$AP Ferg)","King's Disease","Nas;Fivio Foreign;A$AP Ferg",2020-08-21,166523,53,true,,2024-03-30T18:53:55Z,"old school hip hop,east coast hip hop,hip hop,brooklyn drill,new york drill,drill,uk drill,rap","Mass Appeal",0.724,0.603,1,-6.553,1,0.406,0.0187,0,0.169,0.152,180.02,4
spotify:track:5b3t4ZBzL5InjoEcNf37C0,"Hallucinations","Hallucinations","Big Flock;Wale",2019-12-18,137281,10,true,,2024-03-30T18:49:30Z,"","Diddy Gang Ent",0.793,0.516,11,-9.527,1,0.224,0.0156,0,0.285,0.495,140.07,4
spotify:track:5zuoz1NBnpoHK6g5sbEH8F,"See You In My Nightmares","808s & Heartbreak","Kanye West;Lil Wayne",2008-11-24,258120,61,false,,2024-03-30T05:34:17Z,"rap,hip hop","Roc-A-Fella",0.676,0.432,7,-8.035,0,0.0339,0.0626,0,0.103,0.156,124.597,4
spotify:track:1VjNQAm7bG3MLIC5Cwb508,"Riri","Limbo","Aminé",2020-08-07,181975,51,true,,2024-03-30T05:34:02Z,"","Republic Records",0.809,0.623,10,-6.152,0,0.0337,0.0455,0.00000167,0.321,0.535,121.989,4
spotify:track:2M66rV8InZZlgc3iw3Bcya,"Ran Off","Re-up","Deniro Farrar",2019-02-08,166983,0,true,,2024-03-30T05:33:44Z,"underground hip hop","CultRap WorldWide",0.763,0.609,1,-8.06,1,0.105,0.0564,0,0.104,0.304,137.996,4
spotify:track:5UsLjwBaTHBX4ektWIr4XX,"Forever","Relapse: Refill","Drake;Kanye West;Lil Wayne;Eminem",2009-05-15,357706,74,true,,2024-03-30T05:33:24Z,"rap,hip hop","Eminem Catalog PS",0.457,0.906,5,-2.278,0,0.342,0.249,0,0.182,0.54,104.02,5
spotify:track:0ZLuW8uOXdFNWcI40C0OC2,"Whats Poppin (feat. DaBaby, Tory Lanez & Lil Wayne) [Remix] - Bonus Track","Thats What They All Say","Jack Harlow;Tory Lanez;DaBaby;Lil Wayne",2020-12-11,227478,70,true,,2024-03-30T05:33:16Z,"rap,hip hop","Generation Now/Atlantic",0.904,0.723,11,-5.224,0,0.26,0.0631,0,0.185,0.835,145.013,4
spotify:track:3HQUSfdPbB5oUDU5fSzVdF,"ASEXUAL.SLUT.IN.YOUR.AREA","ASEXUAL.SLUT.IN.YOUR.AREA","Changeline",2024-02-29,126000,30,true,,2024-03-23T11:42:01Z,"trap metal","Changeline",0.783,0.731,7,-5.363,1,0.295,0.12,0,0.0796,0.968,100.017,4
spotify:track:4hWUOIDHda9XOb1zDchftP,"Too Much Time On My Hands","Paradise Theatre","Styx",1981-01-01,271266,65,false,,2024-03-21T09:31:14Z,"classic rock,aor,progressive rock","A&M",0.799,0.404,11,-13.597,0,0.0461,0.11,0,0.387,0.893,131.012,4
spotify:track:2WnZzGNfAZh38jOA0sxB6P,"Instant Crush","Daft Pomp","Pomplamoose",2022-11-09,233800,25,false,,2024-03-21T09:29:35Z,"","Pomplamoose",0.673,0.651,10,-7.081,0,0.044,0.0564,0.000603,0.676,0.816,111.016,4
spotify:track:4ShFbMVsAJKUCskrIvZ1VJ,"Granite","Vore","Sleep Token",2023-02-16,225426,56,false,,2024-03-21T04:48:59Z,"progressive metal,metalcore","Spinefarm",0.635,0.624,2,-7.104,1,0.0304,0.0022,0.0455,0.188,0.336,119.97,4
spotify:track:21Wslyd3w8918CKso0YwT5,"BEST ON EARTH (feat. BIA) - Bonus","SHAKE THE SNOW GLOBE (DELUXE)","Russ;BIA",2020-05-19,160719,42,true,,2024-02-24T03:57:33Z,"","Columbia",0.568,0.764,5,-3.465,0,0.255,0.215,0,0.0931,0.625,179.985,4
spotify:track:4jjtBLE6lIOasJrNw6eHm1,"Carlos Slim","Peach Panther","Riff Raff",2016-06-17,184615,33,true,,2024-02-24T03:50:04Z,"","BMG Rights Management (US) LLC",0.926,0.82,11,-4.01,1,0.0601,0.0606,0,0.316,0.503,129.979,4
spotify:track:4qikXelSRKvoCqFcHLB2H2,"Mercy","Mercy","Kanye West;Big Sean;Pusha T;2 Chainz",2012-01-01,329320,78,true,,2024-02-23T23:13:14Z,"rap,southern hip hop","Getting Out Our Dreams Inc. (G.O.O.D.) Music / IDJ",0.563,0.496,6,-9.381,0,0.406,0.0685,0.000058,0.173,0.426,139.993,4
spotify:track:351CSUM0YDA0GCbHCSKoL1,"Bow Bow Bow (F My Baby Dad)","Hood Hottest Princess (Deluxe)","Sexyy Red",2023-12-01,140400,66,true,,2024-02-21T01:48:46Z,"","Open Shift/gamma.",0.823,0.728,1,-4.336,1,0.15,0.194,0,0.318,0.455,85.051,4
spotify:track:4LadsagnXZM7SEOpHjHIHA,"Looking For The Hoes (Ain’t My Fault)","Hood Hottest Princess","Sexyy Red",2023-06-09,130707,73,true,,2024-02-21T01:48:45Z,"","Open Shift/gamma.",0.738,0.608,8,-6.727,0,0.321,0.0267,0,0.359,0.485,75.511,4
spotify:track:7icwQvajsokotDfM3tefW6,"SkeeYee","Hood Hottest Princess","Sexyy Red",2023-06-09,157125,66,true,,2024-02-21T01:48:42Z,"","Open Shift/gamma.",0.771,0.689,1,-5.022,1,0.0682,0.0251,0,0.645,0.65,82.503,4
spotify:track:1yeB8MUNeLo9Ek1UEpsyz6,"Rich Baby Daddy (feat. Sexyy Red & SZA)","For All The Dogs","Drake;Sexyy Red;SZA",2023-10-06,319191,82,true,,2024-02-21T01:48:40Z,"rap,r&b","OVO/Republic",0.636,0.729,2,-4.495,1,0.055,0.0458,0,0.384,0.141,146.009,4
spotify:track:2LWJmKaOtxk5r2QUAwVamf,"Hillbilly","Bad Mutha Fucka","Upchurch",2016-12-09,150857,1,true,,2024-02-17T06:49:35Z,"country hip hop,country","Mud to Gold Entertainment",0.787,0.755,2,-5.311,1,0.106,0.0704,0,0.128,0.201,139.981,4
spotify:track:3z0dzcrMa0e9TpP6xxKwaU,"Holler Boys","Parachute","Upchurch",2019-09-24,211498,7,false,,2024-02-17T06:49:20Z,"country hip hop,country","Mud to Gold Entertainment",0.673,0.428,1,-7.724,1,0.031,0.188,0,0.169,0.101,119.958,4
spotify:track:68vgtRHr7iZHpzGpon6Jlo,"My Boo","Confessions (Expanded Edition)","USHER;Alicia Keys",2004-03-23,223440,85,false,,2024-02-07T18:04:48Z,"r&b,neo soul","LaFace Records",0.662,0.507,5,-8.238,1,0.118,0.257,0,0.0465,0.676,86.412,4
spotify:track:5wBLDkxVvclanSitx5jq8e,"Undead","Swan Songs","Hollywood Undead",2008-09-02,265053,73,true,,2024-02-06T21:31:34Z,"rap rock,rap metal","Interscope Records*",0.512,0.943,2,-5.185,0,0.106,0.0138,0,0.261,0.485,163.128,4
spotify:track:1czaCgWLWgqp0eRIZ0BcXh,"Everywhere I Go","Swan Songs","Hollywood Undead",2008-09-02,210466,76,true,,2024-02-06T21:31:34Z,"rap rock,rap metal","Interscope Records*",0.82,0.831,5,-4.856,0,0.0315,0.0962,0,0.181,0.945,110.048,4
spotify:track:0aaOrTcwzvbTni3zUarEaT,"Serotonia","The Boy Who Died Wolf","Highly Suspect",2016-11-18,351386,57,true,,2024-02-06T21:30:37Z,"post-grunge","300 Entertainment",0.297,0.506,2,-6.609,1,0.033,0.000372,0.000225,0.104,0.11,140.716,4
spotify:track:7yoBjKO6cCnK3zV8gr1k4e,"Lydia","Mister Asylum","Highly Suspect",2015-07-17,242560,71,true,,2024-02-06T21:30:32Z,"post-grunge","300 Entertainment",0.417,0.706,6,-4.652,0,0.0945,0.00933,0.000572,0.474,0.512,127.884,4
spotify:track:0DiWol3AO6WpXZgp0goxAV,"One More Time","Discovery","Daft Punk",2001-03-12,320357,87,false,,2024-01-25T00:45:24Z,"french house,electronic,electro","Daft Life Ltd./ADA France",0.613,0.697,2,-8.618,1,0.133,0.0194,0,0.332,0.476,122.746,4
spotify:track:6ukvsBzq4d1vBsAUmz7ZVt,"Daft Punk","PTX, Vol. 2","Pentatonix",2013-11-05,248546,55,false,,2024-01-25T00:45:12Z,"christmas","RCA Records Label",0.717,0.621,11,-7.588,0,0.0605,0.00403,0,0.144,0.72,133.014,4
spotify:track:7vIsPrKWqUMk4F7Bu7aIY0,"Tear da Club Up '97","Most Known Hits","Three 6 Mafia",2005,220306,41,true,,2024-01-21T02:01:47Z,"southern hip hop,horrorcore,crunk,gangster rap","Hypnotize Minds/Sony Urban Music/Columbia",0.702,0.868,1,-4.248,1,0.111,0.0644,0,0.429,0.525,161.097,4
spotify:track:0eUzRaG60gimqQJ02oSUnH,"Roman's Revenge","Pink Friday","Nicki Minaj;Eminem",2010-01-01,276173,59,true,,2024-01-16T02:20:45Z,"rap,hip hop","Nicki Minaj/Cash Money",0.809,0.947,10,-2.868,1,0.311,0.518,0,0.345,0.443,112.377,4
spotify:track:03eLKI5mewmJqp5eY0WkPT,"Cadence and Cascade","In The Wake Of Poseidon","King Crimson",1970-05-15,277659,47,false,,2024-01-14T21:24:45Z,"progressive rock,art rock,psychedelic rock","Discipline Global Mobile",0.342,0.0881,4,-29.415,1,0.0463,0.772,0.331,0.107,0.247,75.5,4
spotify:track:3N5oiETJEStSB71TjTFkWV,"Bounce It (feat. Wale & Trey Songz)","Stay Trippy","Juicy J;Wale;Trey Songz",2013-08-23,260560,61,true,,2024-01-12T09:08:31Z,"crunk,r&b","Kemosabe Records/Columbia",0.785,0.572,11,-9.383,1,0.0859,0.00811,0,0.111,0.477,140.032,4
spotify:track:67qn3OtziLlpOtVZ22EiQ4,"Smoke A Nigga (feat. Wiz Khalifa)","Stay Trippy","Juicy J;Wiz Khalifa",2013-08-23,257826,60,true,,2024-01-12T09:08:27Z,"crunk","Kemosabe Records/Columbia",0.825,0.636,4,-6.417,0,0.221,0.0574,0,0.249,0.147,150.009,4
spotify:track:7EZPH9Px3gXlxD5KJDwtwc,"Bandz A Make Her Dance (feat. Lil' Wayne & 2 Chainz)","Stay Trippy","Juicy J;Lil Wayne;2 Chainz",2013-08-23,278826,72,true,,2024-01-12T09:08:20Z,"crunk,rap,hip hop,southern hip hop","Kemosabe Records/Columbia",0.871,0.743,2,-5.442,1,0.277,0.00212,0,0.141,0.576,130.977,4
spotify:track:2upgQ7JgowI1Rvaz4sd5ow,"Where Da Cheese At","When the Smoke Clears: Sixty 6, Sixty 1","Three 6 Mafia",2000-06-13,148666,38,true,,2024-01-12T09:07:50Z,"southern hip hop,horrorcore,crunk,gangster rap","LOUD Records",0.813,0.777,5,-3.111,0,0.167,0.0514,0.00000213,0.195,0.928,143.287,4
spotify:track:32X1K6o5ZNiN0WrqfOG9cJ,"Don't Save Her (feat. Crunchy Black)","Mista Don't Play: Everythangs Workin","Project Pat;Crunchy Black",2001-02-27,259933,51,true,,2024-01-12T09:07:48Z,"southern hip hop,crunk,gangster rap,horrorcore","Columbia/Legacy",0.838,0.787,9,-5.452,1,0.0729,0.019,0.00000288,0.111,0.838,159.984,4
spotify:track:5Cwsyc15Tie6XW6LUOkqpy,"Aint Nothing Going On","On My Own","Crunchy Black",2006-09-19,155093,28,true,,2024-01-12T09:07:44Z,"southern hip hop,crunk,horrorcore","Hypnotize Minds Productions",0.684,0.865,9,-5.272,1,0.0878,0.128,0,0.331,0.485,155.074,4
spotify:track:2tOZtdbkAMQASWokLvSlzj,"Overnight Celebrity (feat. Miri Ben-Ari)","Kamikaze","Twista;Miri Ben-Ari",2004-01-27,233360,75,false,,2024-01-09T19:20:46Z,"bachata","Atlantic Records",0.828,0.792,10,-5.435,0,0.179,0.182,0,0.281,0.777,134.199,4
spotify:track:6kG81Kp4B1B6pWNDtr868m,"Bank Account Freestyle (feat. Joyner)","Bank Account Freestyle (feat. Joyner)","vulture vulture;Joyner",2023-09-21,208294,0,true,,2024-01-01T11:00:01Z,"","vulture vulture",0.746,0.634,6,-9.784,0,0.375,0.276,0,0.19,0.408,151.059,4
spotify:track:08kB9HSfrcIi83rymwgjMz,"Weapon of Choice","The Greatest Hits: Why Try Harder","Fatboy Slim",2006-01-01,219813,58,false,,2023-12-31T17:40:31Z,"big beat","Astralwerks",0.626,0.947,8,-4.608,0,0.057,0.136,0.78,0.209,0.959,195.972,4
spotify:track:05c4AAJKIulqI8vQQ41Rch,"Saltwater","Twenty","Chicane;Moya Brennan",2016-07-29,202533,55,false,,2023-12-31T17:30:33Z,"trance,celtic,new age","Armada Music Albums",0.538,0.694,1,-9.918,1,0.0302,0.086,0.889,0.0855,0.0648,130.946,4
spotify:track:5OpOrJqJEuXkkhxzUTXiLR,"Low Sun","Behind The Sun (2013 Deluxe Version)","Chicane",2013-11-22,420840,42,false,,2023-12-31T17:30:22Z,"trance","Armada Music Albums",0.68,0.492,5,-16.459,0,0.0348,0.854,0.918,0.0971,0.301,105.005,4
spotify:track:3KLAVrzY77ZlbQ3GOLZ8CX,"Walkin'","Chaos 93'","Ocean Wisdom",2016-02-22,235000,48,true,,2023-12-31T01:48:44Z,"grime,uk grime","High Focus Records",0.599,0.729,1,-6.105,1,0.145,0.28,0.00000188,0.223,0.915,93.33,4
spotify:track:0IlA0PW5hDhTS7kBOfCvcG,"Fuck Christmas","Fuck Christmas","Eric Idle",2006-10-01,110786,17,false,,2023-12-24T17:59:49Z,"","Eric Idle",0.504,0.496,0,-10.701,1,0.0662,0.907,0.000359,0.755,0.603,73.439,4
spotify:track:0yLErGSgYHy1gbaLrjNhTa,"Beneath Your Beautiful (feat. Emeli Sandé)","Beneath Your Beautiful (feat. Emeli Sandé)","Labrinth;Emeli Sandé",2012-11-09,271813,0,false,,2023-12-20T10:17:16Z,"","Syco Music UK",0.561,0.522,2,-5.857,1,0.0318,0.227,0,0.104,0.238,83.962,4
spotify:track:4PhsKqMdgMEUSstTDAmMpg,"Often","Beauty Behind The Madness","The Weeknd",2015-08-28,249040,85,true,,2023-12-20T10:17:16Z,"","The Weeknd/Lyric",0.572,0.631,7,-9.836,0,0.0476,0.222,0,0.135,0.0713,134.078,4
spotify:track:7fBv7CLKzipRk6EC6TWHOB,"The Hills","Beauty Behind The Madness","The Weeknd",2015-08-28,242253,91,true,,2023-12-20T10:17:16Z,"","The Weeknd/Lyric",0.585,0.564,0,-7.063,0,0.0515,0.0671,0,0.135,0.137,113.003,4
spotify:track:0yInP0e7eyABGspqPdWQlo,"Everything","15","Buckcherry",2006-09-25,263360,55,false,,2023-12-20T10:17:16Z,"","Eleven Seven Music",0.541,0.943,4,-3.745,1,0.0476,0.0205,0.0000024,0.0761,0.364,128.034,4
spotify:track:5EniJhs141bzYSfrv04gNl,"Lavinia","The Runaway Found","The Veils",2004-02-16,331826,0,false,,2023-12-20T10:17:16Z,"","Rough Trade",0.277,0.618,5,-7.866,0,0.0315,0.0118,0.0761,0.336,0.419,183.099,3
spotify:track:0IZdiAk1gNE12prykx0VLr,"Vicious Traditions","The Runaway Found","The Veils",2004-02-16,290000,0,false,,2023-12-20T10:17:16Z,"","Rough Trade",0.374,0.454,10,-9.164,1,0.0308,0.0309,0.196,0.111,0.0827,121.001,4
spotify:track:390AWnOn2rfe9FzQjYmxIH,"Wicked Game","Best of Chris Isaak (Remastered)","Chris Isaak",2006,286880,2,false,,2023-12-20T10:17:16Z,"","Mailboat Records",0.667,0.548,9,-7.802,1,0.0262,0.744,0.0122,0.0946,0.29,112.549,4
spotify:track:1EbWiEra7ovNsMq3DeLSDy,"Power Trip (feat. Miguel)","Power Trip (feat. Miguel)","J. Cole;Miguel",2013-02-14,240280,1,true,,2023-12-20T10:17:16Z,"rap,r&b","Roc Nation/Columbia",0.63,0.608,1,-7.273,1,0.225,0.338,0.000288,0.665,0.406,99.948,4
spotify:track:4UxYhEeF9OUbEhaarph7u3,"Dirty Laundry","The Mating Game","Bitter:Sweet",2006-04-04,200840,44,false,,2023-12-20T10:17:16Z,"trip hop,nu jazz","Quango",0.879,0.822,4,-5.37,0,0.0428,0.169,0.000119,0.0603,0.886,121.835,4
spotify:track:0ENSn4fwAbCGeFGVUbXEU3,"Hello","Hello","Adele",2015-10-23,295493,1,false,,2023-12-20T10:17:16Z,"soft pop","XL Recordings/Columbia",0.481,0.451,5,-6.095,0,0.0347,0.336,0,0.0872,0.289,157.966,4
spotify:track:2BndJYJQ17UcEeUFJP5JmY,"Paradise Circus","Heligoland","Massive Attack;Hope Sandoval",2010-02-08,297774,70,false,,2023-12-20T10:17:16Z,"trip hop,downtempo","Virgin Records",0.81,0.591,8,-13.385,1,0.0638,0.414,0.799,0.072,0.297,136.028,4
spotify:track:35DEE9T2u7oToqtRy9ap7P,"Draw Your Swords","Down The Way","Angus & Julia Stone",2010-03-30,395613,0,false,,2023-12-20T10:17:16Z,"","Nettwerk Records",0.694,0.303,9,-9.928,0,0.0275,0.167,0.000158,0.0831,0.0645,114.042,4
spotify:track:5Ri5pOcSrbilsI9haGT9qH,"Talk Show Host","The Bends (Collector's Edition)","Radiohead",1995-03-28,281000,0,true,,2023-12-20T10:17:16Z,"art rock,alternative rock","Parlophone UK",0.535,0.479,5,-14.112,0,0.0311,0.277,0.0285,0.139,0.504,88.841,4
spotify:track:2uPRgXGzgMY8YYMjAMsJLP,"This Is What It Feels Like","Goddess (Deluxe)","BANKS",2014-01-01,302616,44,false,,2023-12-20T10:17:16Z,"","Banks",0.485,0.474,8,-8.873,1,0.0356,0.195,0.0814,0.176,0.226,141.952,4
spotify:track:7ueP5u2qkdZbIPN2YA6LR0,"Sail","Megalithic Symphony","AWOLNATION",2011-03-15,259093,78,false,,2023-12-20T10:17:16Z,"","Red Bull Records",0.826,0.436,1,-9.583,1,0.0558,0.441,0.615,0.0964,0.272,119.051,4
spotify:track:3zEtGSTE3uEzxbAHnsIGNE,"Closer","Closer","Majik",2016-05-04,224874,0,false,,2023-12-20T10:17:16Z,"","Majik",0.454,0.394,1,-11.273,1,0.0386,0.732,0.04,0.106,0.056,147.993,4
spotify:track:0DBjmiTqw8ZyQ04dJdsXOw,"Say Something","Say Something","Joe Brooks;Tammin Sursok",2014-03-29,207192,27,false,,2023-12-20T10:17:16Z,"","Fantastik Music",0.315,0.307,2,-9.057,1,0.0359,0.452,0.0000917,0.538,0.15,145.819,3
spotify:track:7AuPxV9AfjVhbw1bavA6VB,"Layed Out - Feat. Bun-B & Twista","More Than Just A DJ","DJ Kay Slay",2010-02-09,261440,0,true,,2023-12-20T10:17:16Z,"east coast hip hop","E1 Music",0.725,0.553,11,-5.686,0,0.372,0.0684,0,0.138,0.401,150.335,4
spotify:track:3mhhCui69mtJnRhLDoIi2f,"Counting Bodies Like Sheep To The Rhythm Of The War Drums","eMOTIVe","A Perfect Circle",2004-01-01,336440,57,true,,2023-12-20T10:17:16Z,"alternative metal,progressive metal","Virgin Records",0.632,0.938,8,-6.999,1,0.339,0.0467,0.0057,0.098,0.227,135.787,4
spotify:track:3Ty7OTBNSigGEpeW2PqcsC,"Glory Box","Dummy","Portishead",1994-01-01,308626,82,false,,2023-12-20T10:17:16Z,"trip hop,downtempo","Polydor Associated Labels",0.51,0.434,1,-10.004,1,0.0361,0.177,0.516,0.0603,0.207,119.695,4
spotify:track:16PskMSZzMbwQLhEb07ZZo,"Skin","Loud","Rihanna",2010-11-15,303720,43,false,,2023-12-20T10:17:16Z,"","Def Jam Recordings",0.642,0.567,7,-6.893,0,0.0474,0.123,0,0.125,0.117,126.899,4
spotify:track:4Cv5dkUBqepa0siwGREihD,"Motivation","Motivation","Kelly Rowland;Lil Wayne",2011-01-01,231173,65,false,,2023-12-20T10:17:16Z,"rap,hip hop","Motown",0.735,0.679,9,-5.588,0,0.0431,0.18,0.000198,0.0766,0.264,140.858,4
spotify:track:6HChE1b3T5ke2XA50t9kGd,"I Put A Spell On You (Fifty Shades of Grey) - From ""Fifty Shades Of Grey"" Soundtrack","Fifty Shades Of Grey (Original Motion Picture Soundtrack)","Annie Lennox",2015-02-10,210520,60,false,,2023-12-20T10:17:16Z,"synthpop","Fifty Shades of Grey",0.563,0.383,2,-7.544,0,0.0322,0.283,0.00000259,0.127,0.358,173.98,3
spotify:track:4JehYebiI9JE8sR8MisGVb,"Halo","I AM...SASHA FIERCE","Beyoncé",2008-11-17,261640,79,false,,2023-12-20T10:17:16Z,"","Music World Music/Columbia",0.508,0.72,11,-5.908,0,0.0628,0.272,0,0.0563,0.472,79.983,4
spotify:track:2xRYnHQdLD9ketvC01UYYT,"It Won't Stop (feat. Chris Brown) - EP Version","Call Me Crazy, But...","Sevyn Streeter;Chris Brown",2013-12-03,281080,76,false,,2023-12-20T10:17:16Z,"r&b","Atlantic Records",0.657,0.574,1,-9.484,0,0.0407,0.016,0.000081,0.172,0.211,119.992,4
spotify:track:5dzV75f9qVXVvdXLTqIG4L,"Primetime (feat. Miguel)","The Electric Lady","Janelle Monáe;Miguel",2013-09-06,280080,53,false,,2023-12-20T10:17:16Z,"alternative r&b,r&b","Bad Boy/Wondaland",0.667,0.465,8,-8.096,1,0.0339,0.0426,0.00649,0.465,0.34,123.883,4
spotify:track:5mXW5q1tM7mrGJPqQKcAlY,"Tempest","Dark Angel","VNV Nation",1999,371853,0,false,,2023-12-20T10:17:16Z,"ebm,industrial,synthpop,darkwave","Metropolis Records",0.693,0.401,1,-9.413,1,0.0322,0.434,0.167,0.113,0.0361,139.992,4
spotify:track:39tLc4Xp58Lu4KcWHggeE2,"Closer","The Downward Spiral","Nine Inch Nails",1994-03-08,373306,2,true,,2023-12-20T10:17:16Z,"industrial rock,industrial,industrial metal,alternative metal,nu metal","Interscope",0.559,0.725,10,-8.631,0,0.0426,0.000365,0.553,0.112,0.501,90.012,4
spotify:track:3LPrkLUIUMQvB1p908p37m,"Say Something","Say Something","A Great Big World",2013-09-03,232293,39,false,,2023-12-20T10:17:16Z,"","Epic",0.493,0.162,2,-7.587,1,0.0365,0.877,0.00000138,0.0844,0.147,140.459,3
spotify:track:2TctfyINiGQ5s5KGXNp0cr,"Muse","The Truth","OCAD",2013-06-18,260633,0,true,,2023-12-20T10:17:16Z,"","Tommy Boy Entertainment, LLC",0.572,0.66,1,-11.552,0,0.329,0.0156,0,0.298,0.411,143.927,4
spotify:track:6SYdgNzbH6QuFfdlPn3rkc,"Jesus For The Jugular","Nux Vomica","The Veils",2006-09-18,286613,0,false,,2023-12-20T10:17:16Z,"","Rough Trade",0.489,0.681,11,-6.839,0,0.0414,0.0105,0.0421,0.142,0.491,140.632,4
spotify:track:4cdv3CQkDVZzZOKm0kaaZu,"Stay With Me","In The Lonely Hour (Deluxe)","Sam Smith",2014-07-15,172723,0,false,,2023-12-20T10:17:16Z,"soft pop","Capitol Records",0.416,0.43,0,-6.516,1,0.0408,0.559,0.000244,0.11,0.177,84.406,4
spotify:track:08YEGpKt2LHJ0URCXKHEie,"9 Crimes","9","Damien Rice",2006-11-07,219226,58,false,,2023-12-20T10:17:16Z,"singer-songwriter","1967 Ltd.",0.329,0.167,0,-13.103,1,0.0296,0.913,0.0000956,0.0921,0.0995,74.174,4
spotify:track:4VE8EaUkDFnOW8jRrJGkj3,"Rev 22-20 (Dry Martini Mix)","""V"" Is for Vagina (Delux Edition)","Puscifer",2007-10-30,307973,0,false,,2023-12-20T10:17:16Z,"industrial rock","Puscifer Entertainment",0.564,0.347,0,-11.4,1,0.0273,0.0356,0.0546,0.108,0.0861,78.008,4
spotify:track:4i2HYTGM7yHty0qVhD3lqD,"Kryptonite","Big Boi Presents... Got Purp? Vol. 2","Killer Mike;Blackowned C-Bone;Rock D The Legend;Big Boi",2005-01-01,272586,53,true,,2023-12-20T10:17:16Z,"southern hip hop,alternative hip hop,crunk","Virgin Records",0.863,0.916,2,-4.523,1,0.137,0.0829,0.00000709,0.566,0.964,145.182,4
spotify:track:5uSA7eVHcNIsN2Wi9QWlei,"Restless (feat. Josh Homme) - 16 Bit Lolitas remix","Unkle Sounds Vol. 1","UNKLE",2012-07-09,532561,0,false,,2023-12-20T10:17:16Z,"trip hop,downtempo","Surender All / Essential",0.613,0.751,1,-7.288,1,0.0307,0.00796,0.883,0.0626,0.31,128,4
spotify:track:2wC0qK8JN6gblb0ZJzE2d9,"Hell Is Round The Corner","Maxinquaye (Deluxe Edition)","Tricky;Martina Topley-Bird",1995,227066,63,false,,2023-12-20T10:17:16Z,"trip hop,downtempo","UMC (Universal Music Catalogue)",0.574,0.539,0,-12.273,1,0.177,0.336,0.00515,0.196,0.507,119.94,4
spotify:track:1MiVlLMCKrMV0uikVZK2Za,"Pumpkin","Maxinquaye (Deluxe Edition)","Tricky;Martina Topley-Bird",1995,270733,41,false,,2023-12-20T10:17:16Z,"trip hop,downtempo","UMC (Universal Music Catalogue)",0.598,0.278,1,-14.244,1,0.0302,0.15,0.475,0.13,0.165,153.431,3
spotify:track:3XHrTm6WE2BOHafLwTT3GR,"Eyes on Fire","Life Of A Ghost","Blue Foundation",2007-09-24,302826,74,false,,2023-12-20T10:17:16Z,"","Parlophone Denmark",0.544,0.383,3,-10.143,0,0.0334,0.67,0.00204,0.125,0.367,145.025,4
spotify:track:7IpDQcksaT8SxS7vOX4SRm,"What You Need","Trilogy","The Weeknd",2012-11-13,196360,65,false,,2023-12-20T10:17:16Z,"","CP Records",0.68,0.405,7,-8.637,0,0.0561,0.525,0.0745,0.146,0.0684,133.933,4
spotify:track:6u0dQik0aif7FQlrhycG1L,"The Morning","Trilogy","The Weeknd",2012-11-13,312426,72,true,,2023-12-20T10:17:16Z,"","CP Records",0.656,0.549,6,-7.555,0,0.0392,0.316,0,0.104,0.185,120.073,4
spotify:track:6VwBbL8CzPiC4QV66ay7oR,"Wicked Games","Trilogy","The Weeknd",2012-11-13,323746,76,true,,2023-12-20T10:17:16Z,"","CP Records",0.658,0.594,9,-5.196,1,0.031,0.00934,0.00000499,0.325,0.317,114.078,4
spotify:track:1LzNfuep1bnAUR9skqdHCK,"Fade Into You","So Tonight That I Might See","Mazzy Star",1993-10-05,295600,92,false,,2023-12-20T10:17:16Z,"dream pop,shoegaze,slowcore","Capitol Records",0.417,0.33,9,-13.925,1,0.0275,0.247,0.000689,0.0677,0.175,157.113,3
spotify:track:3jfr0TF6DQcOLat8gGn7E2,"Do I Wanna Know?","AM","Arctic Monkeys",2013-09-09,272394,4,false,,2023-12-20T10:17:16Z,"indie,garage rock","Domino Recording Co",0.548,0.532,5,-7.596,1,0.0323,0.186,0.000263,0.217,0.405,85.03,4
spotify:track:6y0igZArWVi6Iz0rj35c1Y,"Never Be Like You (feat. Kai)","Never Be Like You (feat. Kai)","Flume;kai",2016-01-16,234909,1,true,,2023-12-20T10:17:16Z,"future bass","Mom & Pop Music",0.54,0.59,0,-4.359,1,0.0528,0.446,0,0.14,0.267,119.878,4
spotify:track:5zJx776n8dgFFwsRzIOPcX,"Under Your Skin","All Beauty Destroyed (Deluxe)","Aesthetic Perfection",2011-11-08,232200,0,false,,2023-12-20T10:17:16Z,"ebm,industrial,industrial metal,darkwave,industrial rock,synthpop","Metropolis Records",0.659,0.572,6,-9.086,0,0.0578,0.0106,0,0.427,0.266,135.976,4
spotify:track:5XTy2Y9SVOVdlV9ScuZKBt,"Bloodsport","Black and Blue - EP","Raleigh Ritchie",2014-01-10,259920,42,true,,2023-12-20T10:17:16Z,"","Columbia",0.65,0.478,6,-7.115,0,0.0525,0.037,0.00000792,0.131,0.345,92.397,4
spotify:track:5atcNk0VJ42eev7JZ44uJr,"Fresh Blood","Hombre Lobo","Eels",2009-06-02,264666,0,false,,2023-12-20T10:17:16Z,"","Vagrant Records",0.564,0.904,0,-4.651,1,0.0536,0.298,0.74,0.0804,0.721,192.188,4
spotify:track:2PIvq1pGrUjY007X5y1UpM,"Earned It (Fifty Shades Of Grey) - From The ""Fifty Shades Of Grey"" Soundtrack","Earned It (Fifty Shades Of Grey) [From The ""Fifty Shades Of Grey"" Soundtrack]","The Weeknd",2014-12-23,252226,76,false,,2023-12-20T10:17:16Z,"","Fifty Shades of Grey",0.659,0.381,2,-5.922,0,0.0304,0.385,0,0.0972,0.426,119.844,3
spotify:track:0mQWs8qt8LpNeNSo9og3Zi,"Miles To Go","Matilda","Stateless",2011-02-21,263133,0,false,,2023-12-20T10:17:16Z,"","Ninja Tune",0.586,0.701,7,-7.503,0,0.098,0.218,0.737,0.11,0.243,135.659,3
spotify:track:4NyKEVldCvokxpmeFBNNXI,"2 Wicky","A New Stereophonic Sound Spectacular","Hooverphonic",1997-04-15,284293,60,false,,2023-12-20T10:17:16Z,"trip hop,downtempo","Epic",0.546,0.613,10,-7.938,0,0.048,0.16,0.00403,0.13,0.446,68.172,4
spotify:track:2nEXSy2bis8BBbg7c9ANdD,"Drink You Sober","Drama","Bitter:Sweet",2008-06-03,261360,19,false,,2023-12-20T10:17:16Z,"trip hop,nu jazz","Quango",0.621,0.533,3,-9.368,0,0.0467,0.224,0.0014,0.756,0.453,110.398,4
spotify:track:5W3UniuRMkHHIpaiQo1hAW,"Bad Intentions","The Bedroom Tour Playlist","Niykee Heaton;Migos;OG Parker",2016-03-18,245722,64,false,,2023-12-20T10:17:16Z,"trap","Capitol Records",0.747,0.716,11,-5.071,0,0.0798,0.26,0,0.0907,0.487,123.979,4
spotify:track:72PMRGgYB1mkY3TsUJZtyc,"Toxic","Yael Naïm","Yael Naim",2007-10-22,267226,30,false,,2023-12-20T10:17:16Z,"","tôt Ou tard",0.62,0.291,8,-11.858,1,0.0567,0.59,0.000104,0.0665,0.187,120.02,4
spotify:track:1kL5Oa60FwZl8eAMUXQzB6,"If Lovin' You Is Wrong","Original Album Classics","Faithless;Rollo Armstrong;Sister Bliss",2011,256213,0,false,,2023-12-20T10:17:16Z,"trip hop","Sony Music UK",0.761,0.44,9,-7.925,0,0.076,0.0545,0.00096,0.113,0.412,90.512,4
spotify:track:3LlAyCYU26dvFZBDUIMb7a,"Demons","Night Visions","Imagine Dragons",2012-09-04,175200,78,false,,2023-12-20T10:17:16Z,"","Kid Ina Korner / Interscope",0.5,0.71,3,-3.015,1,0.0339,0.19,0.00025,0.329,0.419,89.929,4
spotify:track:6hrgeEo1WQOHVeF8QMv68S,"Breathe Me","Colour The Small One","Sia",2005-01-01,274933,50,false,,2023-12-20T10:17:16Z,"","Astralwerks",0.544,0.63,0,-7.523,1,0.0335,0.034,0.573,0.0961,0.202,120.064,4
spotify:track:0Iac3j5ea7b5BCQKUm2Ft0,"Pony","Pony","Far",2009-03-17,262760,0,false,,2023-12-20T10:17:16Z,"post-hardcore","Vagrant",0.512,0.807,8,-3.975,0,0.0617,0.0226,0.0243,0.842,0.839,142.006,4
spotify:track:625SmNWs5ggrNdqqaQNp7p,"The Illest","The Illest","Far East Movement;Riff Raff",2013-01-01,219866,41,true,,2023-12-20T10:17:16Z,"","Cherrytree Records/Kierszenbaum 33%",0.666,0.716,6,-4.332,1,0.0678,0.0105,0.000017,0.122,0.544,142.066,3
spotify:track:7wOBqI1vVWsJIYJrvs0Igx,"Animal Magnetism","Big City Nights","Scorpions",1998-01-01,356826,0,false,,2023-12-20T10:17:16Z,"hard rock,glam metal,rock","Universal Music Group",0.161,0.605,4,-11.93,1,0.0754,0.000248,0.565,0.331,0.251,157.924,3
spotify:track:2QulT0LDnhH7011gzjFvLS,"White Blank Page","Sigh No More","Mumford & Sons",2009,254160,0,false,,2023-12-20T10:17:16Z,"folk,indie folk,folk rock","Glassnote",0.334,0.402,6,-9.552,0,0.0355,0.234,0.0000188,0.576,0.307,123.733,3
spotify:track:0cOyhnhy13lc5G5nr4EF0q,"Tainted Love","Lest We Forget - The Best Of","Marilyn Manson",2004-01-01,200066,66,false,,2023-12-20T10:17:16Z,"industrial metal,industrial rock,industrial,metal,nu metal","Marilyn Manson / Interscope",0.637,0.95,8,-4.4,1,0.109,0.00104,0.00000735,0.288,0.511,142.018,4
spotify:track:0vFrEJcKVPDXC4rRhCD2XS,"High For This","Trilogy","The Weeknd",2012-01-01,247226,1,false,,2023-12-20T10:17:16Z,"","Universal Music Group",0.453,0.436,11,-8.958,0,0.0742,0.738,0.00137,0.0745,0.0761,74.988,4
spotify:track:5uCax9HTNlzGybIStD3vDh,"Say You Won't Let Go","Back from the Edge","James Arthur",2016-10-28,211477,88,false,,2023-12-20T10:17:16Z,"soft pop","Columbia",0.358,0.557,10,-7.398,1,0.059,0.695,0,0.0902,0.494,85.043,4
spotify:track:3uIZbgjJyMLDPJUNd35dO9,"No Answer","No Answer","Tennyson",2013-12-16,168960,0,false,,2023-12-20T10:17:05Z,"","Tennyson",0.759,0.756,6,-7.815,1,0.09,0.00881,0.798,0.348,0.429,124.955,4
spotify:track:17yLq9U6fsRgPFyKjKHQZn,"Prom Night - Lindsay Lowend Remix","Prom Night","Anamanaguchi;Lindsay Lowend",2014-02-03,170666,0,false,,2023-12-20T10:17:05Z,"vocaloid,future bass","Alcopop!",0.689,0.292,6,-9.322,0,0.0812,0.0196,0.668,0.0993,0.308,89.922,4
spotify:track:1uBYSs0hOKz7jeBAxaEoq3,"Marble Aesthetics ( Marble Zone )","Spindash","GameChops",2015-01-20,137862,0,false,,2023-12-20T10:17:05Z,"lo-fi","GameChops",0.586,0.65,9,-6.181,0,0.0655,0.0122,0.0905,0.102,0.705,93.019,4
spotify:track:1EYw6I1lxY62sp0RTiXSBP,"Sword Search","MeowMeow & BowWow","GameChops;Dj Cutman",2013-09-05,218055,0,false,,2023-12-20T10:17:05Z,"lo-fi","GameChops",0.718,0.788,2,-7.807,1,0.0398,0.00865,0.575,0.393,0.485,108.009,4
spotify:track:0j8EgSthQ1pJ9NT2Yd2uuz,"Lost Woods (Mysterious Forest)","MeowMeow & BowWow","GameChops;Dj Cutman",2013-09-05,310999,0,false,,2023-12-20T10:17:05Z,"lo-fi","GameChops",0.614,0.754,7,-8.105,1,0.0386,0.000173,0.861,0.107,0.519,160.004,4
spotify:track:1tJOQQRJB9cWEUzxQoA0wW,"Mountain Range (Tal Tal Heights)","MeowMeow & BowWow","GameChops;Dj Cutman",2013-09-05,296906,0,false,,2023-12-20T10:17:05Z,"lo-fi","GameChops",0.582,0.902,10,-6.809,0,0.0403,0.0000431,0.798,0.339,0.298,174.992,4
spotify:track:7B07dc2TGx0Iu3N93v1z2P,"Ballad of the Wind Fish","MeowMeow & BowWow","GameChops;Dj Cutman",2013-09-05,211506,0,false,,2023-12-20T10:17:05Z,"lo-fi","GameChops",0.556,0.659,11,-9.996,0,0.042,0.000389,0.911,0.0664,0.58,146.032,4
spotify:track:3r9V80FEdeuYJZPaUGOrQJ,"Dream Castle","Dream Castle","Snail's House",2016-06-12,196440,25,false,,2023-12-20T10:17:05Z,"future bass","CachetteNotes.",0.622,0.516,0,-8.418,1,0.155,0.00104,0.914,0.0826,0.297,170.039,4
spotify:track:1sWk4xWDtWitCrYwjpGB3r,"Dream Castle (Tsundere Twintails Remix)","Dream Castle","Snail's House",2016-06-12,313201,19,false,,2023-12-20T10:17:05Z,"future bass","CachetteNotes.",0.646,0.609,11,-5.707,1,0.281,0.0313,0.0353,0.344,0.651,106.135,5
spotify:track:72kCaaMekYzHfhajIRauHt,"Don't Force It","No Restraint","Ben Briggs",2016-12-09,208033,8,false,,2023-12-20T10:17:05Z,"","641777 Records DK",0.731,0.946,5,-5.717,1,0.06,0.00624,0.893,0.0636,0.735,119.989,4
spotify:track:4WY46WDCntbIiddsYYSh6H,"Wait For It","Still Turning","Ben Briggs",2017-12-20,260000,2,false,,2023-12-20T10:17:05Z,"","641777 Records DK",0.644,0.82,0,-7.292,1,0.0322,0.0545,0.282,0.166,0.298,119.995,4
spotify:track:5gqpNdePMLE8MbOpiK6hsN,"Downtime","Still Turning","Ben Briggs",2017-12-20,218000,3,false,,2023-12-20T10:17:05Z,"","641777 Records DK",0.746,0.873,3,-6.805,1,0.0447,0.028,0.874,0.0922,0.503,120.013,4
spotify:track:5QRgasJgs4EeUyoc4oi30Z,"Lake Verity (From ""Pokémon Diamond & Pearl"")","Ultraball","GameChops;Tetracase",2017-12-15,310340,0,false,,2023-12-20T10:17:05Z,"lo-fi,liquid funk,drum and bass","GameChops",0.574,0.956,5,-3.796,1,0.139,0.00392,0.245,0.0874,0.15,179.973,3
spotify:track:0bPPLG2i2L01mPfOFKcpXI,"Azalea Town (From ""Pokémon Gold & Silver"")","Ultraball","GameChops;Ben Briggs",2017-12-15,182343,0,false,,2023-12-20T10:17:05Z,"lo-fi","GameChops",0.819,0.725,1,-6.056,1,0.0377,0.00184,0.934,0.036,0.916,127.986,4
spotify:track:7zHq5ayXLxpJ89392EYm1L,"Pixel Galaxy","Pixel Galaxy","Snail's House",2017-02-23,235624,51,false,,2023-12-20T10:17:05Z,"future bass","CachetteNotes.",0.557,0.864,0,-6.477,1,0.0449,0.00362,0.642,0.105,0.734,150.034,4
spotify:track:0cg1OrUEOIvHgDNf2aTbkg,"9-Bit Expedition","Fastfall - Dustforce Original Soundtrack","Lifeformed",2012-01-24,180000,0,false,,2023-12-20T10:17:05Z,"","Lifeformed",0.566,0.798,4,-10.321,1,0.0297,0.034,0.835,0.0969,0.525,139.992,4
spotify:track:3IAe5GsfiTqQCiVvmJFLV7,"7 PM","Time Travel","Tokyo Elvis;GameChops",2020-05-29,165717,27,false,,2023-12-20T10:17:05Z,"vocaloid,lo-fi","GameChops",0.818,0.715,11,-8.243,0,0.316,0.0121,0.00652,0.0557,0.562,159.969,4
spotify:track:0LVTBKQZfAhFFlrfCYd7xS,"Mario's Rooftop Pool Party","Volume IV","Dj Cutman",2018-03-30,124235,35,false,,2023-12-20T10:17:05Z,"lo-fi","Dj CUTMAN",0.746,0.543,5,-5.918,1,0.102,0.148,0.841,0.0645,0.84,85.008,4
spotify:track:1TlIJjbY8JIfg6H9BeTFua,"Suspended in Love","Suspended in Love","omniboi",2017-04-08,190224,9,false,,2023-12-20T10:17:05Z,"future bass","642284 Records DK",0.616,0.687,8,-8.422,1,0.0345,0.00579,0.686,0.24,0.287,124.991,4
spotify:track:21e8PRbYBgMlYvNdhIoGmm,"Manta Ray's Reward (Super Mario 64 (Dire, Dire Docks))","Arcade Attack!","GameChops",2015-04-07,293891,0,false,,2023-12-20T10:17:05Z,"lo-fi","GameChops",0.72,0.811,1,-7.091,1,0.0559,0.316,0.686,0.114,0.267,127,4
spotify:track:1nSYuK1svVBnaTHlZ2Uw4y,"Undiscovery","Undiscovery","Lifeformed",2014-10-24,148872,0,false,,2023-12-20T10:17:05Z,"","Lifeformed",0.617,0.674,9,-10.601,1,0.0285,0.706,0.895,0.106,0.408,133.009,3
spotify:track:7b46rmeWe0u6TUNTPjymfv,"Castle LOLOLOL (From ""Kirby's Dream Land"")","Tiny Waves: Kirb - EP","Ben Briggs",2016-10-05,206269,0,false,,2023-12-20T10:17:05Z,"","Tiny Waves",0.617,0.94,0,-5.349,1,0.0433,0.000554,0.462,0.0732,0.389,128.035,4
spotify:track:4xsXBcNwjHyrL7XDLy6pws,"Retro Machines (feat. Level 99)","Hydrocity","halc;Level 99",2014-01-24,321230,0,false,,2023-12-20T10:17:05Z,"","GameChops",0.652,0.792,1,-7.494,1,0.0435,0.31,0.804,0.112,0.84,130.004,4
spotify:track:4fsEgvo5zEc6gltqFC5tKV,"Hydrocity","Hydrocity","halc",2014-01-24,216759,0,false,,2023-12-20T10:17:05Z,"","GameChops",0.663,0.643,8,-8.072,0,0.0383,0.00534,0.591,0.084,0.415,135.013,4
spotify:track:1pnnmLqOr5Jxp1dCHNxCJY,"Sleeping Underwater","Hydrocity","halc",2014-01-24,265801,0,false,,2023-12-20T10:17:05Z,"","GameChops",0.611,0.596,8,-8.221,1,0.0301,0.00287,0.7,0.0896,0.425,116.985,4
spotify:track:7gHMuOOAIgvprktqrkS8vj,"New Atlantis","Hydrocity","halc",2014-01-24,255157,0,false,,2023-12-20T10:17:05Z,"","GameChops",0.637,0.939,6,-5.317,1,0.0362,0.161,0.772,0.0842,0.9,94.999,4
spotify:track:09nltcIKW3HwXrhatzcrKi,"Wormhole","Slime-San: Official Soundtrack","Fabraz;Adhesive Wombat",2017-04-07,212574,6,false,,2023-12-20T10:17:05Z,"","Fabraz",0.737,0.446,4,-8.716,1,0.0621,0.0000165,0.633,0.074,0.988,140.089,4
spotify:track:7sSV8AbN0hNRO0vauy8yIY,"K.K. Cruisin'","Hello Friend","Ralfington",2018,157668,0,false,,2023-12-20T10:17:05Z,"lo-fi","Ralfington",0.599,0.589,10,-14.712,0,0.0505,0.499,0.865,0.0757,0.483,82.952,4
spotify:track:3a2wM30qbEwHN1WU843d0A,"Cozy","Cozy","cute girls doing cute things",2018-03-29,260471,16,false,,2023-12-20T10:17:05Z,"future bass","701219 Records DK",0.785,0.616,7,-6.682,1,0.0572,0.0803,0.528,0.0646,0.383,151.039,4
spotify:track:5ijM2YUFtfOhFdkFcaxVhL,"Good Day","Ordinary Songs 3","Snail's House",2017-06-15,156056,24,false,,2023-12-20T10:17:05Z,"future bass","CachetteNotes.",0.739,0.426,0,-8.75,0,0.131,0.00791,0.253,0.235,0.296,83.644,4
spotify:track:6TBlgMOQodxA0f4xb99CZc,"Aloha","Ordinary Songs 3","Snail's House",2017-06-15,184712,29,false,,2023-12-20T10:17:05Z,"future bass","CachetteNotes.",0.623,0.792,6,-6.616,0,0.0513,0.00618,0.384,0.106,0.866,172,4
spotify:track:7IiFLJhENiZ20VgNtQnJhV,"Naru Yoni Naru","8bit Music Power - Riki Collection -","Prof.Sakamoto",2016-11-23,127280,0,false,,2023-12-20T10:17:05Z,"","NIPPONOPHONE",0.621,0.979,2,-3.905,0,0.0418,0.000171,0.748,0.177,0.56,114.155,4
spotify:track:03VU4tIBzancmjJqgs54Sa,"Quick Chip Jam","Quick Chip Jam","Dj Cutman",2020-06-05,92121,8,false,,2023-12-20T10:17:05Z,"lo-fi","GameChops",0.695,0.7,1,-9.239,1,0.0612,0.000456,0.93,0.0645,0.534,99.027,4
spotify:track:12D5NDRJfny01EvbF48zcu,"Synthwave Hip Shop","Synthwave Hip Shop","Helynt",2018-12-22,148992,10,false,,2023-12-20T10:17:05Z,"lo-fi","878450 Records DK",0.702,0.671,7,-6.252,1,0.034,0.0516,0.583,0.105,0.185,100.031,4
spotify:track:3zx6ijFXHrKtAgEpB7j4bW,"Passion for Exploring","Pppppp","Magnus Storm",2010-02-10,174307,26,false,,2023-12-20T10:17:05Z,"","Magnus Render",0.501,0.789,10,-10.58,0,0.0436,0.114,0.785,0.143,0.954,111.43,4
spotify:track:2FoQNY71T0d4TjrZfbDcw4,"Potential for Anything","Pppppp","Magnus Storm",2010-02-10,224720,35,false,,2023-12-20T10:17:05Z,"","Magnus Render",0.523,0.822,2,-7.773,0,0.0328,0.0578,0.751,0.113,0.348,125,4
spotify:track:2vHlPm91LchCF25leZ4QgB,"Pluie","L'été","Snail's House",2018-07-07,214120,24,false,,2023-12-20T10:17:05Z,"future bass","CachetteNotes.",0.696,0.564,0,-11.439,1,0.0293,0.475,0.0192,0.341,0.429,94.007,4
spotify:track:0m76RSTUYSNGC7OvwkZXKx,"Spyro The Dragon Theme","Spyro Remixed: Music from ""Spyro The Dragon""","Tiny Waves;Ben Briggs",2018-11-14,195097,0,false,,2023-12-20T10:17:05Z,"lo-fi","Tiny Waves",0.715,0.888,5,-5.424,1,0.0354,0.000529,0.823,0.0981,0.634,127.991,4
spotify:track:0e5pgM4NW7wBwSRUR2tiuE,"Autumn Plains (from ""Spyro 2"")","Spyro Remixed: Music from ""Spyro The Dragon""","Tiny Waves;Funk Fiction",2018-11-14,194077,0,false,,2023-12-20T10:17:05Z,"lo-fi,vaporwave,chillwave","Tiny Waves",0.437,0.568,0,-10.917,1,0.0369,0.21,0.203,0.0936,0.133,80.98,4
spotify:track:3S36UNAq8A0S0EtkwY7BYg,"Gnasty Gnorc (from ""Spyro The Dragon"")","Spyro Remixed: Music from ""Spyro The Dragon""","GlitchxCity",2018-11-14,182312,0,false,,2023-12-20T10:17:05Z,"lo-fi,glitch","Tiny Waves",0.537,0.845,5,-7.969,1,0.0301,0.00196,0.862,0.0827,0.223,95.031,4
spotify:track:0DPCHuH6jIbFyOREhNHx9W,"Stone Hill (from ""Spyro The Dragon"")","Spyro Remixed: Music from ""Spyro The Dragon""","Tiny Waves;Steven Silo",2018-11-14,240006,0,false,,2023-12-20T10:17:05Z,"lo-fi","Tiny Waves",0.59,0.912,0,-4.623,1,0.0358,0.0000445,0.668,0.255,0.116,100.01,4
spotify:track:3zF1RvARE71MBXeWETPoEk,"Aquatic Ambience","Aquatic Ambience","Funk Fiction",2019-01-15,194000,46,false,,2023-12-20T10:17:05Z,"vaporwave,chillwave","583876 Records DK2",0.654,0.477,0,-8.648,0,0.0281,0.232,0.9,0.587,0.36,150.034,4
spotify:track:0PimqJTXOVDgTI5e79wAYb,"Cutie Cutie","Lost Station","fusq",2016-02-10,148771,42,false,,2023-12-20T10:17:05Z,"future bass","fusq",0.601,0.635,3,-6.673,1,0.068,0.0032,0.756,0.161,0.917,171.057,4
spotify:track:0wVSTsBNYZdrwSDiEE6hIe,"Dire Dire Docks","Mario & Chill","Helynt;GameChops",2019-05-03,194666,29,false,,2023-12-20T10:17:05Z,"lo-fi","GameChops",0.653,0.713,0,-9.141,1,0.027,0.0344,0.756,0.1,0.152,110.02,4
spotify:track:7cim1IONoaTtgWRCEeQyZb,"Gusty Gardens","Mario & Chill","Helynt;GameChops",2019-05-03,223274,24,false,,2023-12-20T10:17:05Z,"lo-fi","GameChops",0.759,0.639,1,-7.035,1,0.0321,0.0332,0.926,0.107,0.133,99.998,4
spotify:track:7vy5mriZGQMKcEjp8FWv47,"Game Over","Mario & Chill","Helynt;GameChops",2019-05-03,169992,29,false,,2023-12-20T10:17:05Z,"lo-fi","GameChops",0.825,0.659,5,-5.659,1,0.0502,0.128,0.757,0.0769,0.146,85.008,4
spotify:track:4BdkP4XroiuVvfRqyO68wc,"Wii Shop - Instrumental","Wii Shop","Iceboy Ben",2018-09-13,96967,34,true,,2023-12-20T10:17:05Z,"","944839 Records DK",0.76,0.516,0,-10.881,1,0.0694,0.000192,0.904,0.109,0.829,148.272,4
spotify:track:23uNiVgsIgoHC7eLet3kCI,"Cat","Minecraft - Volume Alpha","C418",2011-03-04,186250,5,false,,2023-12-20T10:17:05Z,"","C418",0.485,0.472,8,-16.412,1,0.0434,0.872,0.905,0.0995,0.0384,112.011,4
spotify:track:4YLXjoYmRGIXstTLtloHf2,"Dog","Minecraft - Volume Alpha","C418",2011-03-04,145750,4,false,,2023-12-20T10:17:05Z,"","C418",0.583,0.529,10,-14.881,0,0.038,0.0484,0.917,0.106,0.0757,112.037,4
spotify:track:446uS2hk2kGLzVqWHnCApg,"Droopy Likes Ricochet","Minecraft - Volume Alpha","C418",2011-03-04,96234,3,false,,2023-12-20T10:17:05Z,"","C418",0.563,0.348,0,-17.67,1,0.0308,0.375,0.911,0.172,0.061,94.632,4
spotify:track:0kZEfdlIq3sfQklsGcUZDm,"Droopy Likes Your Face","Minecraft - Volume Alpha","C418",2011-03-04,116762,3,false,,2023-12-20T10:17:05Z,"","C418",0.59,0.325,2,-20.327,0,0.0348,0.589,0.927,0.2,0.404,94.625,4
spotify:track:1qfG4KiV3Z17QRsShL7H1Q,"Like What","Like What","Tennyson",2015-12-04,227149,0,false,,2023-12-20T10:17:05Z,"","Last Gang",0.614,0.425,9,-10.942,0,0.0852,0.295,0.901,0.296,0.22,87.927,4
spotify:track:7ijYcbpjHi5twmBDKkL58P,"7:00 AM","Like What","Tennyson",2015-12-04,177539,0,false,,2023-12-20T10:17:05Z,"","Last Gang",0.799,0.459,8,-10.566,1,0.0718,0.0418,0.372,0.0773,0.417,106.515,4
spotify:track:7b48cAc8QPwjZQFYNPo3I7,"L'oiseau qui danse","Like What","Tennyson",2015-12-04,116657,0,false,,2023-12-20T10:17:05Z,"","Last Gang",0.751,0.497,11,-8.788,0,0.0565,0.116,0.841,0.104,0.727,130.051,4
spotify:track:6d2IO6EJdcG9d4MHeQbCoX,"Luigi's Mansion","Luigi's Mansion","Ben Briggs",2020-06-29,130666,0,false,,2023-12-20T10:17:05Z,"","Ben Briggs",0.861,0.506,7,-9.161,1,0.04,0.0955,0.873,0.0618,0.934,89.985,4
spotify:track:2kALWSOGoo4qKDi7Tr3wxe,"Cianwood City","Super Lofi World","Helynt;GameChops",2019-10-18,158040,34,false,,2023-12-20T10:17:05Z,"lo-fi","GameChops",0.548,0.323,11,-11.023,1,0.0284,0.884,0.848,0.51,0.404,82.021,4
spotify:track:2Csg0XMPdNmHLozWODtsQq,"I Was Feeling Down, I Found a Nice Witch and We're Friends","Healing","In Love With a Ghost",2017,230243,45,false,,2023-12-20T10:17:05Z,"lo-fi","In Love With a Ghost",0.585,0.375,1,-13.428,1,0.116,0.633,0.848,0.159,0.375,85.459,4
spotify:track:0K13fhlcJmOcLXrMD0woi6,"Pastel feat. Snail's House","Pastel feat. Snail's House","Moe Shop;Snail's House",2017-07-11,246083,0,false,,2023-12-20T10:17:05Z,"future bass,hyperpop","Repost Network",0.764,0.606,7,-7.47,0,0.0496,0.00268,0.0378,0.182,0.43,128.004,4
spotify:track:1IKQRbQGRw3T4h690iAHIN,"Pokemon Cheese Beat","FrankJavCee Collection, Vol. 1","FrankJavCee",2015-07-04,75941,20,false,,2023-12-20T10:17:05Z,"vaporwave,synthwave","FrankJavCee",0.719,0.339,0,-12.563,1,0.0281,0.00219,0.0159,0.0801,0.328,98.011,4
spotify:track:6moZZxVGghfnZtsvdF9PM5,"Hot Tea & Firmware Updates","WiiU Grooves","Dj Cutman",2012-11-25,193500,39,false,,2023-12-20T10:17:05Z,"lo-fi","Robot Master Industries",0.809,0.657,8,-8.917,1,0.0554,0.082,0.83,0.11,0.67,120.026,4
spotify:track:2nnIaPFw63sFbVoxSyszyi,"Gone Shoppin'","WiiU Grooves","Dj Cutman",2012-11-25,175000,26,false,,2023-12-20T10:17:05Z,"lo-fi","Robot Master Industries",0.757,0.789,7,-9.031,1,0.07,0.0142,0.895,0.0754,0.961,95.979,4
spotify:track:2QuM1VoPEc8SfgSxhs3LZu,"How Attractive!","WiiU Grooves","Dj Cutman",2012-11-25,220606,17,false,,2023-12-20T10:17:05Z,"lo-fi","Robot Master Industries",0.826,0.859,5,-5.809,0,0.0735,0.0671,0.108,0.0477,0.874,99.006,4
spotify:track:4l6Ni4ym9y3am94yvuKHcY,"Lay-by","Lay-by","Tennyson",2014-10-02,271333,0,false,,2023-12-20T10:17:05Z,"","Last Gang",0.313,0.466,9,-9.963,0,0.0341,0.00671,0.933,0.427,0.162,175.563,3
spotify:track:7fD72waADOZymEpuQfbiDE,"Fairy Fountain","Zelda & Chill","Mikel;GameChops",2018-09-14,164266,54,false,,2023-12-20T10:17:05Z,"lo-fi","GameChops",0.67,0.524,2,-10.768,0,0.05,0.403,0.926,0.0917,0.285,78.006,4
spotify:track:4Ay6SgcMwGhwx82GGfmdEJ,"Dark World","Zelda & Chill","Mikel;GameChops",2018-09-14,166829,51,false,,2023-12-20T10:17:05Z,"lo-fi","GameChops",0.67,0.339,5,-10.282,1,0.0568,0.44,0.865,0.111,0.561,81.996,4
spotify:track:1trkhhMYjfU6R8VFo43dnD,"Lost Woods","Zelda & Chill","Mikel;GameChops",2018-09-14,158549,50,false,,2023-12-20T10:17:05Z,"lo-fi","GameChops",0.713,0.543,1,-9.894,1,0.0514,0.0885,0.933,0.0744,0.908,91.015,4
spotify:track:3fBa2iRjwXz5bt6WMAx1so,"Gerudo Valley","Zelda & Chill","Mikel;GameChops",2018-09-14,183333,50,false,,2023-12-20T10:17:05Z,"lo-fi","GameChops",0.841,0.432,6,-9.229,0,0.072,0.457,0.84,0.128,0.162,144.006,4
spotify:track:4Jx9h7JWhXZyMdbpwULXsP,"Legend of Zelda","Zelda & Chill","Mikel;GameChops",2018-09-14,182540,49,false,,2023-12-20T10:17:05Z,"lo-fi","GameChops",0.507,0.627,5,-7.657,1,0.0274,0.252,0.846,0.109,0.742,86,4
spotify:track:4Q7ZTcOemrVx5ex3JHVPvn,"Ocarina of Time","Zelda & Chill","Mikel;GameChops",2018-09-14,149268,53,false,,2023-12-20T10:17:05Z,"lo-fi","GameChops",0.642,0.488,5,-10.164,1,0.0421,0.15,0.858,0.111,0.237,164.02,4
spotify:track:2PxHmmIZdzemD6vRNh8JXC,"Heaven","George & Jonathan III","George & Jonathan",2014-04-22,78998,6,false,,2023-12-20T10:17:05Z,"","George & Jonathan",0.144,0.613,10,-15.571,0,0.0706,0.66,0.9,0.101,0.238,198.223,4
spotify:track:41x1o49qdYaNGBPbFYmfOi,"Jamn","George & Jonathan III","George & Jonathan",2014-04-22,225350,14,false,,2023-12-20T10:17:05Z,"","George & Jonathan",0.84,0.595,8,-4.655,0,0.048,0.229,0.679,0.0668,0.841,97.503,4
spotify:track:0DIofFXdJRkGh8KgdiuLNd,"Puppy Love","George & Jonathan III","George & Jonathan",2014-04-22,186461,16,false,,2023-12-20T10:17:05Z,"","George & Jonathan",0.784,0.43,6,-8.193,1,0.054,0.032,0.825,0.0945,0.886,130.033,4
spotify:track:35Se6PlFydSkR3GgPKAo5x,"Everyday Problems","George & Jonathan III","George & Jonathan",2014-04-22,158400,6,false,,2023-12-20T10:17:05Z,"","George & Jonathan",0.829,0.728,9,-4.858,0,0.141,0.234,0.52,0.0757,0.802,99.997,4
spotify:track:2CODDR07GsJ6H5dOaUEUvG,"Canopy","George & Jonathan III","George & Jonathan",2014-04-22,216000,14,false,,2023-12-20T10:17:05Z,"","George & Jonathan",0.688,0.808,0,-7.192,1,0.0329,0.0199,0.798,0.0699,0.853,100.027,4
spotify:track:7qdyHCFzA4kzz2FrQGG0h9,"Hurtful Things","George & Jonathan III","George & Jonathan",2014-04-22,186198,5,false,,2023-12-20T10:17:05Z,"","George & Jonathan",0.666,0.86,0,-5.13,1,0.0616,0.0468,0.219,0.0996,0.754,120.031,4
spotify:track:6Of63RsdJrHDRA4tGoBXqm,"Intro (Party Every Night)","The Best Music","George & Jonathan",2010-09-07,110435,4,false,,2023-12-20T10:17:05Z,"","George & Jonathan",0.539,0.865,5,-4.457,1,0.0536,0.0026,0.848,0.147,0.409,149.893,4
spotify:track:6Xt5CYUb1wR3EBqMsutUev,"No Ya Not & No Ya Didn't","The Best Music","George & Jonathan",2010-09-07,197189,4,false,,2023-12-20T10:17:05Z,"","George & Jonathan",0.654,0.874,6,-3.456,0,0.223,0.0134,0.872,0.266,0.728,185.007,4
spotify:track:22FLVi3c1ahv2mRmVkgSuv,"No More Lies","The Best Music","George & Jonathan",2010-09-07,168000,7,false,,2023-12-20T10:17:05Z,"","George & Jonathan",0.635,0.712,2,-4.316,0,0.0387,0.0498,0.654,0.0605,0.598,120.006,4
spotify:track:1rfTxS6nI7ROem4zJpz70m,"Out With My Girlfriends","The Best Music","George & Jonathan",2010-09-07,107107,9,false,,2023-12-20T10:17:05Z,"","George & Jonathan",0.722,0.811,9,-6.388,1,0.0483,0.00155,0.598,0.0667,0.972,121.014,4
spotify:track:3zWLwRzFOsNtQQFgv07jAD,"Witch's Brew","The Best Music","George & Jonathan",2010-09-07,208285,3,false,,2023-12-20T10:17:05Z,"","George & Jonathan",0.39,0.941,0,-3.87,0,0.0884,0.0196,0.833,0.249,0.128,186.704,4
spotify:track:7jjzoKBkDTFGx0luw9ap49,"Whale","The Best Music","George & Jonathan",2010-09-07,255584,16,false,,2023-12-20T10:17:05Z,"","George & Jonathan",0.336,0.863,4,-8.113,1,0.0349,0.0335,0.981,0.165,0.196,153.977,4
spotify:track:196oTIaEiJDD2jgA8dUpwX,"Lily Love","Girl's Love","GHOST DATA;Kaivaan",2017-04-19,267802,0,false,,2023-12-20T10:17:05Z,"vaporwave,future bass","GHOST DATA",0.598,0.564,6,-7.599,0,0.058,0.00985,0.0594,0.119,0.107,95.062,4
spotify:track:19x0wfJhjCLPlUEE63ar4o,"Floating on Your Memories","Fading Horizon LP","Rhodz",2016-11-21,156600,0,false,,2023-12-20T10:17:05Z,"future bass","Tasty",0.63,0.484,0,-12.122,1,0.0336,0.25,0.834,0.103,0.0365,100.023,4
spotify:track:3LP5JJz8c5CU3bpeUxa3Vi,"Bubblegum K.K. (From ""Animal Crossing"")","Bubblegum K.K. (From ""Animal Crossing"")","The Icarus Kid;GameChops",2020-06-05,205205,31,false,,2023-12-20T10:17:05Z,"lo-fi","GameChops",0.708,0.658,0,-7.833,1,0.0603,0.0268,0.782,0.113,0.442,122.001,4
spotify:track:6EuhLzTesnTYOTQNumFKKr,"Magic Mushrooms","Zero-G Saga","halc",2013,216618,0,false,,2023-12-20T10:17:05Z,"","halc",0.351,0.667,8,-8.441,1,0.268,0.265,0.146,0.113,0.66,97.68,3
spotify:track:5NCVkK7ajnFHkqy8oU4Z2l,"Starflowers","Zero-G Saga","halc",2013,225318,0,false,,2023-12-20T10:17:05Z,"","halc",0.76,0.682,4,-10.848,0,0.111,0.04,0.705,0.141,0.699,97.988,4
spotify:track:3KeJC8T4qiUqO1y4UJJ3mu,"And Thats Why You Always Bring a Towel","Zero-G Saga","halc",2013,129149,0,false,,2023-12-20T10:17:05Z,"","halc",0.612,0.532,5,-8.019,1,0.0436,0.427,0.701,0.149,0.508,130.002,4
spotify:track:2CXD05FLTOQQghVaZTqByd,"Keylime","Day Dream","omniboi",2018-03-03,163870,9,false,,2023-12-20T10:17:05Z,"future bass","642284 Records DK",0.75,0.548,10,-8.777,1,0.0949,0.0488,0.0274,0.13,0.518,84.996,4
spotify:track:6gBqwa1PvERX58n4TuQ1P5,"Moon Garage","Ridge Racer Arrange 2013","halc",2013-04-22,180937,0,false,,2023-12-20T10:17:05Z,"","GameChops",0.716,0.899,6,-6.034,0,0.0369,0.172,0.912,0.115,0.886,100.008,4
spotify:track:6andM0aH8b48t6ZxKEDw4J,"Curtain Fig","ART NATURE","Tomggg",2016-05-25,308679,12,false,,2023-12-20T10:17:05Z,"future bass","2.5D PRODUCTION / THINKR",0.375,0.568,7,-8.513,1,0.0372,0.00836,0.249,0.151,0.156,139.39,4
spotify:track:1S7kmSaCWWicjlaJ7bIeFJ,"Boba Tea Cup Lid ASMR (10 HOURS)","Summer Vacation","Plasma Cutter;Tiny Waves",2021-06-12,183232,0,false,,2023-12-20T10:17:05Z,"lo-fi","Tiny Waves",0.31,0.835,5,-6.93,1,0.056,0.629,0.714,0.125,0.263,150.013,4
spotify:track:3lg1wx9oVqgKGBhR0LcEnS,"Pancake Feet","Uh Oh!","Tennyson",2017-09-29,178711,21,false,,2023-12-20T10:17:05Z,"","OWSLA",0.87,0.369,1,-7.141,0,0.0914,0.0181,0.725,0.0864,0.563,129.95,4
spotify:track:0jHe49rm4UhOPlxEAa2LHj,"White Day","Ordinary Songs 2","Snail's House",2016-11-17,199745,23,false,,2023-12-20T10:17:05Z,"future bass","CachetteNotes.",0.753,0.475,4,-8.031,1,0.0385,0.0516,0.489,0.0628,0.699,155.049,4
spotify:track:7wMOqgZHfbnWdcCjWs3Bjm,"Fizzy Resort","Ordinary Songs 2","Snail's House",2016-11-17,212532,25,false,,2023-12-20T10:17:05Z,"future bass","CachetteNotes.",0.85,0.74,2,-8.412,1,0.114,0.165,0.407,0.345,0.639,157.016,4
spotify:track:4mCwspCTPF1aoWUNxsS5aD,"Hot Milk","Ordinary Songs 2","Snail's House",2016-11-17,246583,55,false,,2023-12-20T10:17:05Z,"future bass","CachetteNotes.",0.694,0.582,2,-8.33,1,0.069,0.0000913,0.0151,0.187,0.302,74.992,4
spotify:track:4BbZUOXODM11LsM2styGaX,"Sweetheart","Ordinary Songs 2","Snail's House",2016-11-17,121581,25,false,,2023-12-20T10:17:05Z,"future bass","CachetteNotes.",0.763,0.319,1,-9.353,1,0.33,0.167,0.561,0.377,0.773,79.72,4
spotify:track:35JQFfNJ3piJvKSDrKDK5n,"Metamorphosis - Fierce Deity Edit","Ben Drowned (Remastered)","Ben Briggs;GameChops",2017-10-20,216000,0,false,,2023-12-20T10:17:05Z,"lo-fi","GameChops",0.737,0.741,2,-8.643,0,0.0709,0.0107,0.77,0.077,0.672,89.988,4
spotify:track:00yPSAjpEO7cvqyHcOGdC7,"Yoshigemia ft. ectogemia","Year of the Yoshi","GameChops;ectogemia",2014-06-01,175520,0,false,,2023-12-20T10:17:05Z,"lo-fi","GameChops",0.65,0.736,2,-9.211,1,0.0421,0.103,0.0302,0.107,0.974,160.04,4
spotify:track:3az2VdKiGezqOIg0LJ2zQ0,"Yoshi's House ft. James Landino","Year of the Yoshi","GameChops;James Landino",2014-06-01,115200,0,false,,2023-12-20T10:17:05Z,"lo-fi","GameChops",0.867,0.479,7,-5.509,1,0.038,0.000125,0.414,0.0522,0.61,124.989,4
spotify:track:4Qpz8U5KWfE3SWbmVgojDH,"Yoshi's Resort ft. Ben Briggs","Year of the Yoshi","GameChops;Ben Briggs",2014-06-01,192801,0,false,,2023-12-20T10:17:05Z,"lo-fi","GameChops",0.689,0.895,7,-5.33,1,0.0527,0.0365,0.863,0.111,0.544,149.997,4
spotify:track:10FU0Xm3HQgUH9w2KQAtTk,"BonBon","Nice Dream","omniboi",2016-12-12,202489,0,false,,2023-12-20T10:17:05Z,"future bass","642284 Records DK",0.697,0.759,5,-7.908,0,0.0501,0.113,0.195,0.0701,0.848,140.03,4
spotify:track:1UEuki8BsQrBvyaCUhQNYq,"Sugar Glider","Nice Dream","omniboi",2016-12-12,228182,0,false,,2023-12-20T10:17:05Z,"future bass","642284 Records DK",0.547,0.566,8,-7.149,1,0.0451,0.0207,0.00408,0.0812,0.566,139.802,4
spotify:track:6iyUzJNFpZWXr03yp9M5Ct,"Welcome to Nice Dream","Nice Dream","omniboi",2016-12-12,124389,0,false,,2023-12-20T10:17:05Z,"future bass","642284 Records DK",0.705,0.465,0,-6.807,0,0.0432,0.00266,0.129,0.235,0.304,109.908,4
spotify:track:7gw5e4dlO0BUUrOeNMeYFg,"Little Marcus","Beautiful Lifestyle","George & Jonathan",2011-10-23,125333,6,false,,2023-12-20T10:17:05Z,"","George & Jonathan",0.681,0.366,1,-5.526,1,0.0383,0.0183,0.107,0.168,0.76,90.006,4
spotify:track:3fA0bF34uHAwxWOV69y9LN,"One Hundred Lifetimes","Beautiful Lifestyle","George & Jonathan",2011-10-23,220444,3,false,,2023-12-20T10:17:05Z,"","George & Jonathan",0.489,0.766,2,-7.333,1,0.0338,0.00439,0.54,0.317,0.137,135.041,4
spotify:track:0jYYChm2Jie3FAe2hQFR0n,"Aquatic Ambiance","Donkey Kong Remixed","Tiny Waves;RoBKTA",2019,228813,0,false,,2023-12-20T10:17:05Z,"lo-fi","Tiny Waves",0.676,0.892,8,-4.946,1,0.0532,0.0132,0.516,0.11,0.474,122.023,4
spotify:track:6PIkRkEpJdViHgegMXU2TS,"Funky's Armory","Donkey Kong Remixed","Tiny Waves;Kruai",2019,196410,0,false,,2023-12-20T10:17:05Z,"lo-fi","Tiny Waves",0.805,0.781,5,-5.6,0,0.106,0.0319,0.64,0.346,0.763,109.961,4
spotify:track:5iAMRINKoVYZbMuPuEGDhU,"Fear Factory","Donkey Kong Remixed","Tiny Waves;Glenntai",2019,266074,0,false,,2023-12-20T10:17:05Z,"lo-fi","Tiny Waves",0.419,0.881,9,-5.096,1,0.037,0.0000164,0.137,0.261,0.108,179.962,4
spotify:track:3ND9HLjbiXtbTTvriduOLA,"Welcome To Club Kong (DK Island Swing)","Club Kong","halc",2014-02-10,205562,0,false,,2023-12-20T10:17:05Z,"","GameChops",0.678,0.78,7,-5.978,1,0.0478,0.0412,0.12,0.18,0.438,159.991,4
spotify:track:6Uzn9zePeSxGIYHwolvCRB,"Swept Away (Aquatic Ambience)","Club Kong","halc",2014-02-10,202509,0,false,,2023-12-20T10:17:05Z,"","GameChops",0.265,0.818,0,-5.756,0,0.0681,0.00383,0.846,0.132,0.962,190.459,3
spotify:track:2uKnNDwVQrDjrrHdSgvhLh,"Monkey And Machine (Fear Factory)","Club Kong","halc",2014-02-10,186388,0,false,,2023-12-20T10:17:05Z,"","GameChops",0.633,0.744,11,-5.753,0,0.0291,0.00208,0.564,0.429,0.83,129.98,4
spotify:track:0Afj8n1ohJAhJuKj4BDqw2,"Da Mines (Mining Melancholy)","Club Kong","halc",2014-02-10,195567,0,false,,2023-12-20T10:17:05Z,"","GameChops",0.609,0.716,0,-5.558,1,0.0458,0.000606,0.594,0.08,0.881,107.971,4
spotify:track:6yHuojkiekpu4IYjNvNr4F,"Forever Frozen (In a Snow-Bound Land)","Club Kong","halc",2014-02-10,217260,0,false,,2023-12-20T10:17:05Z,"","GameChops",0.578,0.623,6,-6.172,1,0.0301,0.0000601,0.504,0.0997,0.436,128.02,4
spotify:track:1GUeMQ8knuKAUU4IlDt1CW,"Brave New World","Cast Away","Pixelpalm",2021-12-03,140800,0,false,,2023-12-20T10:17:05Z,"","YX Records",0.742,0.914,5,-14.524,0,0.0521,0.000496,0.959,0.0757,0.873,150.066,4
spotify:track:33fOwFJqK5yoPgcDjWRyiE,"X-404","Cast Away","Pixelpalm",2021-12-03,161280,0,false,,2023-12-20T10:17:05Z,"","YX Records",0.434,0.949,10,-13.516,0,0.0402,0.232,0.938,0.369,0.7,125.045,4
spotify:track:65QVu2hgmbByO2c9bbTfUc,"National Park (From ""Pokémon G/S/C"")","National Park (From ""Pokémon G/S/C"")","VGR",2018-06-17,209400,26,false,,2023-12-20T10:17:05Z,"","VGR",0.624,0.657,6,-7.968,1,0.0431,0.0853,0.0104,0.135,0.0514,100.05,4
spotify:track:3pzgwtqXT3W5TbmXsomKTj,"Bright And Early (Wild World)","Animal Crossing: K.K. & Friends","Ben Briggs;ectogemia",2013-06-08,150264,0,false,,2023-12-20T10:17:05Z,"","Ben Briggs",0.567,0.688,9,-7.464,1,0.0316,0.0161,0.023,0.129,0.182,97.016,4
spotify:track:1AZSFzzxI0ALYnerHpqPkf,"Breakfast With K.K. (7 AM)","Animal Crossing: K.K. & Friends","Ben Briggs;ectogemia",2013-06-08,195379,0,false,,2023-12-20T10:17:05Z,"","Ben Briggs",0.794,0.88,8,-7.268,1,0.0452,0.00737,0.842,0.13,0.962,110.002,4
spotify:track:3umw9AOc7HO2Py8ZEEUwF6,"Rush Hour (8 AM, City Folk)","Animal Crossing: K.K. & Friends","Ben Briggs;ectogemia",2013-06-08,255272,0,false,,2023-12-20T10:17:05Z,"","Ben Briggs",0.698,0.576,0,-7.108,1,0.0343,0.00033,0.832,0.0388,0.673,110.014,4
spotify:track:5KU2ho2ipavq391eH4unfb,"Quittin' Time (5 PM)","Animal Crossing: K.K. & Friends","Ben Briggs;ectogemia",2013-06-08,189371,0,false,,2023-12-20T10:17:05Z,"","Ben Briggs",0.625,0.802,5,-7.372,0,0.0299,0.0922,0.795,0.196,0.582,127.989,4
spotify:track:1QVAyeoGIJNuFBJd5XqgUk,"Sunsets And Seashells (9 PM)","Animal Crossing: K.K. & Friends","Ben Briggs;ectogemia",2013-06-08,180000,0,false,,2023-12-20T10:17:05Z,"","Ben Briggs",0.609,0.578,0,-9.739,1,0.0405,0.0426,0.485,0.061,0.587,143.97,4
spotify:track:5Kf37DZcwTIXAWDuDxc8t0,"K.K. Cruisin'","Animal Crossing: K.K. & Friends","Ben Briggs",2013-06-08,207157,0,false,,2023-12-20T10:17:05Z,"","Ben Briggs",0.757,0.625,6,-7.306,1,0.0491,0.00258,0.663,0.0362,0.759,95.031,4
spotify:track:4VSDGgNKnvln23aPjX6Pgn,"Lay-by","Lay-by","Tennyson",2014-07-09,271333,0,false,,2023-12-20T10:17:05Z,"","Tennyson",0.312,0.465,9,-9.963,0,0.0342,0.00673,0.938,0.426,0.159,175.514,3
spotify:track:1cXJiXxgFBHZL4VtTNn0ZR,"Fearless Living","FEARLESS LIVING","Ben Briggs",2014-10-23,210000,0,false,,2023-12-20T10:17:05Z,"","Ben Briggs",0.551,0.899,7,-6.165,1,0.0283,0.203,0.751,0.114,0.151,99.996,4
spotify:track:3HWv1LpUGpYszCUbYWq6OQ,"Planet","Endless Fantasy","Anamanaguchi",2013-05-14,258705,0,false,,2023-12-20T10:17:05Z,"vocaloid","dream.hax",0.433,0.872,11,-3.843,0,0.0426,0.0306,0.0124,0.193,0.243,105.216,4
spotify:track:1LnvvETuCo3vqt1xC9j7J4,"Game over!","Game over!","Harris Cole",2016-08-02,206811,0,false,,2023-12-20T10:17:05Z,"lo-fi,lo-fi beats,lo-fi hip hop","Harris Cole",0.635,0.0861,11,-18.311,0,0.0755,0.358,0.00995,0.138,0.0618,130.146,4
spotify:track:7ursjrnHrsLoFO2uSYFVck,"[Covered in White]","Snö","Snail's House",2018-03-23,283061,24,false,,2023-12-20T10:17:05Z,"future bass","CachetteNotes.",0.788,0.914,5,-7.342,1,0.0467,0.416,0.66,0.14,0.619,108.002,4
spotify:track:0NTyRNSDMcg3VmnxLmCsqv,"[Snowdrift]","Snö","Snail's House",2018-03-23,291875,32,false,,2023-12-20T10:17:05Z,"future bass","CachetteNotes.",0.581,0.828,1,-9.083,1,0.0414,0.0213,0.708,0.0807,0.324,127.017,4
spotify:track:7v6BEwl74qlnPi9W9nziHh,"[Fluttering]","Snö","Snail's House",2018-03-23,256103,22,false,,2023-12-20T10:17:05Z,"future bass","CachetteNotes.",0.776,0.525,1,-11.748,1,0.081,0.636,0.0362,0.126,0.261,93.938,4
spotify:track:1HW1arhhmKY3jI7QyARvsf,"Interdimensional Portal Leading to a Cute Place (with Snail's House)","Interdimensional Portal Leading to a Cute Place (with Snail's House)","In Love With a Ghost;Snail's House",2018-01-08,148500,31,false,,2023-12-20T10:17:05Z,"lo-fi,future bass","In Love With A Ghost",0.93,0.396,0,-10.88,1,0.0978,0.889,0.117,0.353,0.573,121.253,3
spotify:track:6cfd9MBstV2nQ2artWOHr1,"Game Over","Game Over","Jonas Munk Lindbo;GameChops",2020-01-17,178235,37,false,,2023-12-20T10:17:05Z,"lo-fi","GameChops",0.649,0.494,4,-11.332,1,0.0281,0.671,0.932,0.12,0.177,136.037,4
spotify:track:3sGcdXzN9W6zV73xzitjEr,"Once Upon a Time","Hopes & Dreams (An Undertale Remix Album)","Arcien;GameChops",2016-06-18,222772,0,false,,2023-12-20T10:17:05Z,"lo-fi","GameChops",0.738,0.747,8,-5.871,1,0.104,0.027,0.851,0.0805,0.128,160.017,4
spotify:track:6UwVBumIzgJg1GJwRbgYDy,"Bubblegum K.K. (From ""Animal Crossing: New Leaf"")","Bubblegum K.K. (From ""Animal Crossing: New Leaf"")","Qumu",2021-06-09,158400,0,false,,2023-12-20T10:17:05Z,"","Qumu",0.489,0.485,7,-12.502,1,0.0727,0.29,0.871,0.0662,0.422,113.227,5
spotify:track:7A9ubVLNowzDVZtUGSV7Id,"Rez Cracktro 4","Lost Floppies Vol 1","Dubmood",2006,176692,22,false,,2023-12-20T10:17:05Z,"synthwave","Data Airlines",0.727,0.944,11,-7.647,0,0.0475,0.000437,0.926,0.128,0.712,124.952,4
spotify:track:6jnpl2HKimxJN2zCffVP9M,"Keygen 11","Lost Floppies Vol 1","Dubmood",2006,120006,20,false,,2023-12-20T10:17:05Z,"synthwave","Data Airlines",0.789,0.998,7,-8.575,1,0.0407,0.0000136,0.918,0.0603,0.865,132.03,4
spotify:track:5fCau99rAJco18Hyp6dNqr,"Cydonian Sky part 1","Lost Floppies Vol 1","Dubmood",2006,170057,27,false,,2023-12-20T10:17:05Z,"synthwave","Data Airlines",0.409,0.81,11,-8.304,0,0.0359,0.00965,0.885,0.123,0.495,149.964,4
spotify:track:5pz5xKTTYAlepVocgL6bSP,"Så Här Kan Man Också Göra (feat. Zabutom)","Lost Floppies Vol 1","Dubmood;zabutom",2006,185600,26,false,,2023-12-20T10:17:05Z,"synthwave","Data Airlines",0.625,0.923,1,-6.054,1,0.0318,0.0000615,0.588,0.17,0.563,131.107,4
spotify:track:32tU9c1c8kXYdnr9Sg4L3q,"Insert No Coins","Lost Floppies Vol 1","Dubmood",2006,146050,17,false,,2023-12-20T10:17:05Z,"synthwave","Data Airlines",0.635,0.973,4,-7.876,0,0.0408,0.000482,0.879,0.138,0.646,125.012,4
spotify:track:61IO4pSknmkmzlLYSm7EGR,"Thinkin' of U.","Ordinary Songs","Snail's House",2016-03-29,145084,31,false,,2023-12-20T10:17:05Z,"future bass","CachetteNotes.",0.672,0.381,6,-10.031,0,0.0649,0.192,0.891,0.0928,0.328,170.006,4
spotify:track:4pILlUSO0PQfQuei5MIIjK,"ラ・ム・ネ","Ordinary Songs","Snail's House",2016-03-29,214681,44,false,,2023-12-20T10:17:05Z,"future bass","CachetteNotes.",0.563,0.751,9,-4.986,1,0.0638,0.0189,0.0746,0.356,0.771,80.411,4
spotify:track:1PzfhBQ3bQd5wPNHsaL7XU,"Cocoa","Ordinary Songs","Snail's House",2016-03-29,218185,36,false,,2023-12-20T10:17:05Z,"future bass","CachetteNotes.",0.645,0.739,8,-4.434,1,0.046,0.0179,0.879,0.0604,0.489,82.553,4
spotify:track:4e7jJYYXoRIC58WIVpEPDH,"[Snowlight]","Ordinary Songs","Snail's House",2016-03-29,299363,23,false,,2023-12-20T10:17:05Z,"future bass","CachetteNotes.",0.553,0.493,11,-10.569,1,0.0372,0.0215,0.839,0.178,0.131,172.012,4
spotify:track:2BkKu8Ohts8KDN31ggJJXn,"La La La...","Ordinary Songs","Snail's House",2016-03-29,145703,19,false,,2023-12-20T10:17:05Z,"future bass","CachetteNotes.",0.705,0.729,6,-6.569,0,0.11,0.0522,0.315,0.0749,0.0637,75.028,4
spotify:track:5jETlbplk10X3x5n7mCPBL,"Wait","Minecraft - Volume Beta","C418",2013-11-09,234484,3,false,,2023-12-20T10:17:05Z,"","C418",0.629,0.342,6,-10.884,1,0.0352,0.425,0.876,0.104,0.248,114.008,4
spotify:track:2t8yVaLvJ0RenpXUIAC52d,"a lot","i am > i was","21 Savage",2018-12-21,288624,84,true,,2023-12-20T10:16:31Z,"","Slaughter Gang, LLC/Epic Records",0.837,0.636,1,-7.643,1,0.086,0.0395,0.00125,0.342,0.274,145.972,4
spotify:track:5ry2OE6R2zPQFDO85XkgRb,"Money In The Grave (Drake ft. Rick Ross)","The Best In The World Pack","Drake;Rick Ross",2019-06-15,205426,80,true,,2023-12-20T10:16:31Z,"rap,southern hip hop","Republic Records",0.831,0.502,10,-4.045,0,0.046,0.101,0,0.122,0.101,100.541,4
spotify:track:41A89rj3GoMG6ktN37L7PG,"Alice","Chromatica","Lady Gaga",2020-05-29,177600,62,false,,2023-12-20T10:16:31Z,"art pop,pop","Interscope",0.723,0.88,11,-4.287,0,0.038,0.00334,0.0179,0.0632,0.323,123.036,4
spotify:track:1ZlVEstPFrKs3alKIejN6I,"Runnin' (Dying To Live)","Runnin' (Dying To Live)","2Pac;The Notorious B.I.G.",2003-09-30,231986,59,true,,2023-12-20T10:16:31Z,"old school hip hop,gangster rap,west coast hip hop,g-funk,hip hop,east coast hip hop","2Pac Greatest Hits",0.545,0.796,10,-2.762,0,0.406,0.0467,0.000287,0.165,0.629,166.122,4
spotify:track:7oJrVhiTPZGBXWPwhxjy9S,"Lust","Life of a Dark Rose","Lil Skies",2017-12-12,156000,78,true,,2023-12-20T10:16:31Z,"melodic rap","All We Got Ent.",0.718,0.767,9,-5.641,1,0.166,0.138,0,0.114,0.519,160.084,4
spotify:track:4j1Bk0BEIGCF9hR7cSwl9d,"Candy Rain","Candy Rain","Soul For Real",1995,276066,77,false,,2023-12-20T10:16:31Z,"new jack swing,r&b","Geffen*",0.589,0.699,11,-7.529,0,0.0788,0.00389,0.0000476,0.0577,0.63,188.253,4
spotify:track:3YeQsJs1FdLI3w0BqWwpmk,"2nd Hand","KILL YOURSELF Part XII: The Dark Glacier Saga","$uicideboy$",2017-05-26,123468,71,true,,2023-12-20T10:16:31Z,"emo rap,horrorcore,cloud rap,trap metal,underground hip hop","G59 Records",0.933,0.424,1,-6.686,1,0.127,0.0307,0,0.101,0.0775,139.977,4
spotify:track:7sO5G9EABYOXQKNPNiE9NR,"Ric Flair Drip (with Metro Boomin)","Without Warning","Offset;Metro Boomin",2017-10-30,172800,85,true,,2023-12-20T10:16:31Z,"","Slaughter Gang, LLC/Epic/Quality Control Music/Motown/Capitol/Boominati Worldwide/Republic",0.88,0.428,9,-8.28,1,0.206,0.149,0.0000505,0.114,0.333,100.007,4
spotify:track:6eEVqkT1ZWHHzg08rfj7Uc,"Run It Up","Run It Up","DDG;YBN Nahmir;G Herbo;Blac Youngsta",2018-12-28,279014,32,true,,2023-12-20T10:16:31Z,"chicago drill,drill","DDG/Epic Records",0.772,0.702,0,-5.322,0,0.046,0.0925,0.00000296,0.126,0.583,84.043,4
spotify:track:37RC87Ce8jeeKmnpYNExhP,"Awnaw - All Hooks up Version","Watermelon, Chicken & Gritz","Nappy Roots;Jazze Pha",2002-02-26,239400,59,true,,2023-12-20T10:16:31Z,"southern hip hop","Atlantic Records",0.718,0.675,7,-4.085,1,0.265,0.00566,0,0.177,0.702,160.026,4
spotify:track:3y9cCbnBn0zjkJa2YkOj70,"Black Barbies","Black Barbies","Nicki Minaj;Mike WiLL Made-It",2016-11-30,254080,68,true,,2023-12-20T10:16:31Z,"","Mike WiLL Made-It",0.809,0.588,0,-5.167,1,0.0869,0.0878,0.0000724,0.171,0.249,146.024,4
spotify:track:7ebiwyzLlDkSeS29XXSYdI,"Omae Wa Mou","Omae Wa Mou","deadman 死人",2017-09-22,113499,0,false,,2023-12-20T10:16:31Z,"anime","deadman 死人",0.738,0.732,7,-11.802,1,0.061,0.127,0.786,0.103,0.718,93.026,4
spotify:track:1DFD5Fotzgn6yYXkYsKiGs,"Piece Of Your Heart","Piece Of Your Heart","MEDUZA;Goodboys",2019-02-01,152913,73,false,,2023-12-20T10:16:31Z,"","Intercord",0.677,0.744,10,-6.806,0,0.0295,0.0404,0.00016,0.074,0.631,124.08,4
spotify:track:4fUh9VvKW4shhWN5LfN1Ba,"Be Real (feat. DeJ Loaf)","Full Speed","Kid Ink;DeJ Loaf",2015-01-02,206760,61,true,,2023-12-20T10:16:31Z,"","Tha Alumni Music Group/88 Classic/RCA Records",0.762,0.611,9,-5.462,0,0.0876,0.122,0.000315,0.141,0.386,99.934,4
spotify:track:4oT1PuEMU3UyZPwEZTVY5L,"Go Rucci","Dawgystyle","Rucci",2017-12-30,155808,49,true,,2023-12-20T10:16:31Z,"","Mackk & Company",0.786,0.518,0,-8.921,1,0.195,0.0542,0,0.0923,0.353,94.053,4
spotify:track:4hHXhCRSnOKd6nMGaivmD0,"Hotel (feat. R.Kelly)","Split Personality","Cassidy;R. Kelly",2004-03-15,247040,62,false,,2023-12-20T10:16:31Z,"r&b","J Records",0.68,0.659,0,-6.855,1,0.211,0.118,0,0.107,0.411,91.259,4
spotify:track:3Kd6Wp3lG5HXMB2dlvuy7y,"Death","A Love Letter To You 4","Trippie Redd;DaBaby",2019-11-22,172195,1,true,,2023-12-20T10:16:31Z,"melodic rap","TenThousand Projects, LLC",0.803,0.82,10,-5.969,0,0.145,0.0579,0,0.149,0.613,164.005,4
spotify:track:4dVpf9jZjcORqGTLUaeYj9,"Plain Jane","Still Striving","A$AP Ferg",2017-08-18,173601,74,true,,2023-12-20T10:16:31Z,"rap","RCA Records Label",0.797,0.844,11,-5.482,1,0.275,0.0651,0,0.087,0.52,170.142,4
spotify:track:5avQSAKB1dOEeIQBqV4jgW,"Until The End Of Time","Until The End Of Time","2Pac;R.L. Hugger;Samuel J. ""Tone"" Barnes",2001-01-01,266506,64,true,,2023-12-20T10:16:31Z,"old school hip hop,gangster rap,west coast hip hop,g-funk,hip hop","2Pac - Until The End of Time",0.757,0.706,8,-6.665,1,0.203,0.0267,0,0.197,0.375,96.976,4
spotify:track:0gYNp9YQbYr5fejXO5sfdx,"Until The End Of Time - RP Remix","Until The End Of Time","2Pac;Richard Page;R.L. Hugger;Samuel J. ""Tone"" Barnes",2001-01-01,267600,47,true,,2023-12-20T10:16:31Z,"old school hip hop,gangster rap,west coast hip hop,g-funk,hip hop,aor","2Pac - Until The End of Time",0.738,0.776,5,-4.356,0,0.161,0.0992,0,0.0927,0.565,96.979,4
spotify:track:1iIsl8Z9WG4V5DarICRCja,"Same Ol' G","100% Ginuwine","Ginuwine",1999-03-15,259666,53,false,,2023-12-20T10:16:31Z,"r&b","550 Music",0.833,0.338,5,-12.831,1,0.127,0.0375,0,0.0459,0.73,81.822,4
spotify:track:2K1CQMoG2Dy5nmeOYnhoi8,"Poblado - Remix","JOSE","J Balvin;KAROL G;Nicky Jam;Crissin;Totoy El Frio;Natan & Shander",2021-09-10,392866,70,false,,2023-12-20T10:16:31Z,"reggaeton,latin,urbano latino","Sueños Globales, LLC",0.813,0.81,3,-5.382,0,0.0809,0.112,0.00000159,0.377,0.632,93.005,4
spotify:track:5QvU2zJrEVw1gAVL4D4iLj,"Bare Wit Me","The Album","Teyana Taylor",2020-06-19,128651,0,true,,2023-12-20T10:16:31Z,"","Getting Out Our Dreams, Inc./Def Jam Recordings",0.73,0.498,5,-8.629,0,0.064,0.138,0.083,0.187,0.498,117.975,4
spotify:track:0TlLq3lA83rQOYtrqBqSct,"Nonstop","Scorpion","Drake",2018-06-29,238614,82,true,,2023-12-20T10:16:31Z,"rap","Cash Money/Drake LP6",0.912,0.412,7,-8.074,1,0.123,0.0165,0.0126,0.104,0.423,154.983,4
spotify:track:1jCsCYgzQQHk3bDJDuFbNi,"If I Ever Fall In Love","If I Ever Fall In Love","Shai",1992-01-01,189026,65,false,,2023-12-20T10:16:31Z,"new jack swing,quiet storm,r&b","Gasoline Alley",0.402,0.205,6,-11.232,1,0.038,0.758,0,0.147,0.42,143.994,4
spotify:track:0fXA204M3mInxKrl5STVrx,"Don't Stop","Don't Stop","Justin Prime;VIVID",2020-02-07,145267,3,false,,2023-12-20T10:16:31Z,"big room,future house","ZEROCOOL",0.707,0.993,6,-1.416,1,0.0641,0.0943,0.811,0.61,0.663,126.053,4
spotify:track:60hwCyAHX9zdcUyALMOIV4,"Play For Keeps","500 Miles","Runzo;Paxe;Jay Biz",2020-12-11,186723,49,true,,2023-12-20T10:16:31Z,"afroswing,afrobeats,afrobeat","1 ST 1 UP",0.697,0.519,5,-9.258,0,0.27,0.721,0.000197,0.105,0.819,98.599,4
spotify:track:5jnxxpX2834SB6LJ0S73Uz,"Lollipop","Tha Carter III","Lil Wayne;Static Major",2008-01-01,299333,78,true,,2023-12-20T10:16:31Z,"rap,hip hop","CM/Republic",0.829,0.428,0,-9.469,1,0.0831,0.056,0.00413,0.137,0.45,148.075,4
spotify:track:1pMK7GI3AqrHZISTBMqsIs,"Kiven Mukhre Ton Nazran Hatawan","Kanday Utte Mehrma Ve","Nusrat Fateh Ali Khan",1992,1270520,0,false,,2023-12-20T10:16:31Z,"qawwali,ghazal,sufi","RGH",0.404,0.635,8,-12.518,1,0.156,0.719,0,0.843,0.653,117.498,4
spotify:track:2Y2ud3awMZHDxOCpDebiv3,"Umbrella","Good Girl Gone Bad: Reloaded","Rihanna;JAŸ-Z",2008-06-02,275986,3,false,,2023-12-20T10:16:31Z,"hip hop,east coast hip hop,rap","Universal Music Group",0.583,0.829,1,-4.603,1,0.134,0.00864,0,0.0426,0.575,174.028,4
spotify:track:1kusepF3AacIEtUTYrw4GV,"Paper Planes","Kala","M.I.A.",2007-01-01,203760,5,false,,2023-12-20T10:16:31Z,"","Interscope",0.447,0.848,2,-6.175,1,0.222,0.033,0.0000745,0.722,0.485,172.247,4
spotify:track:4EivmOT13NMpNSfTKn9p4s,"Like That (feat. Gucci Mane)","Hot Pink","Doja Cat;Gucci Mane",2019-11-07,163167,79,true,,2023-12-20T10:16:31Z,"southern hip hop,rap,trap","Kemosabe Records/RCA Records",0.879,0.498,4,-6.027,0,0.18,0.239,0,0.0967,0.405,106.044,4
spotify:track:60ynsPSSKe6O3sfwRnIBRf,"Streets","Hot Pink","Doja Cat",2019-11-07,226978,87,true,,2023-12-20T10:16:31Z,"","Kemosabe Records/RCA Records",0.749,0.463,11,-8.433,1,0.0842,0.21,0.0382,0.338,0.189,90.035,4
spotify:track:7f5trao56t7sB7f14QDTmp,"Juicy","Hot Pink","Doja Cat;Tyga",2019-11-07,203093,73,true,,2023-12-20T10:16:31Z,"","Kemosabe Records/RCA Records",0.785,0.652,0,-2.607,1,0.0668,0.102,0,0.0697,0.484,170.024,4
spotify:track:3e39X4Q74yJzsYUEeyf4ws,"OFF THE RIP","KIRK","DaBaby",2019-09-27,115609,54,true,,2023-12-20T10:16:31Z,"","South Coast Music Group/Interscope Records",0.801,0.693,0,-4.002,1,0.323,0.0104,0,0.376,0.602,164.084,4
spotify:track:153gRvRs6g9gCQUgDykrLV,"Me Against The World","Greatest Hits","2Pac;Dramacydal",1998-01-01,278493,54,true,,2023-12-20T10:16:31Z,"old school hip hop,gangster rap,west coast hip hop,g-funk,hip hop","2Pac Greatest Hits",0.791,0.821,6,-3.441,1,0.236,0.0254,0.0299,0.228,0.782,91.89,4
spotify:track:1ZB2zIoc8AjSuyqKRcJgbO,"How Do U Want It","Greatest Hits","2Pac;K-Ci & JoJo",1998-01-01,287760,65,true,,2023-12-20T10:16:31Z,"old school hip hop,gangster rap,west coast hip hop,g-funk,hip hop,r&b","2Pac Greatest Hits",0.828,0.81,8,-2.151,1,0.101,0.121,0.00000302,0.0495,0.838,92.46,4
spotify:track:33ZXjLCpiINn8eQIDYEPTD,"Shook Ones, Pt. II","The Infamous","Mobb Deep",1995-04-25,325506,82,true,,2023-12-20T10:16:31Z,"old school hip hop,east coast hip hop,hardcore hip hop,hip hop,gangster rap","RCA Records Label",0.763,0.786,10,-6.472,0,0.229,0.0146,0.0114,0.0817,0.504,93.857,4
spotify:track:0aJ2hFC6e9Z00Lx9RIRNcT,"SWISH","Legendary (Deluxe Edition)","Tyga",2019-08-23,194935,62,true,,2023-12-20T10:16:31Z,"","Last Kings Music / EMPIRE",0.884,0.541,11,-5.608,1,0.221,0.0831,0,0.118,0.274,105.009,4
spotify:track:4EOpol0K5u620R2OLfoJ1B,"Purple Pills","Devils Night","D12",2001-01-01,304506,1,true,,2023-12-20T10:16:31Z,"","Universal Music Group",0.774,0.634,1,-5.941,1,0.167,0.0199,0.0000298,0.29,0.752,125.223,4
spotify:track:0W6I02J9xcqK8MtSeosEXb,"Get Into It (Yuh)","Planet Her","Doja Cat",2021-06-25,138293,75,true,,2023-12-20T10:16:31Z,"","Kemosabe Records/RCA Records",0.912,0.655,8,-6.029,0,0.162,0.315,0.0000339,0.0894,0.793,91.942,4
spotify:track:0k4d5YPDr1r7FX77VdqWez,"You Right","Planet Her","Doja Cat;The Weeknd",2021-06-25,186173,84,true,,2023-12-20T10:16:31Z,"","Kemosabe Records/RCA Records",0.828,0.621,8,-6.414,1,0.0565,0.0164,0.00233,0.0845,0.436,128.986,4
spotify:track:24iwskv8LDFMYRZ6Sr9iyw,"Touchable","IT’S REMBLE","Remble",2021-07-16,122647,60,true,,2023-12-20T10:16:31Z,"","Warner Records",0.756,0.596,4,-9.644,1,0.452,0.572,0,0.101,0.673,94.869,4
spotify:track:5kGDLjDIu0CAXydC1L6O3g,"Crook for Life","Tha Rippla","Mr. Pookie",1999-11-12,242000,0,true,,2023-12-20T10:16:31Z,"southern hip hop","Stoney Crook Records",0.913,0.631,5,-6.527,0,0.169,0.0849,0.00000352,0.142,0.766,148.054,4
spotify:track:2yabd7DpiUzfA3kvJ01K9Y,"Smoke One","Tha Rippla","Mr. Pookie",1999-11-12,196076,0,true,,2023-12-20T10:16:31Z,"southern hip hop","Stoney Crook Records",0.901,0.372,5,-10.378,0,0.124,0.255,0.000277,0.301,0.532,122.067,4
spotify:track:3FFcZZq3Z3EJrhUecwcMdG,"She Will","Tha Carter IV (Deluxe)","Lil Wayne;Drake",2011-01-01,305840,1,true,,2023-12-20T10:16:31Z,"rap,hip hop","CM/Republic",0.364,0.841,8,-4.831,1,0.119,0.000402,0,0.242,0.0837,100.14,5
spotify:track:3unfyHZmjBjXsQC0VBWt8F,"Dancing In The Sky","Covers EP","Samantha Harvey",2020-01-17,220969,0,false,,2023-12-20T10:16:31Z,"","TYM Recordings",0.351,0.202,1,-8.596,1,0.0345,0.936,0.00000129,0.108,0.429,206.224,3
spotify:track:3qkmwFlKAYQVm5KK0UrC0F,"THAT'S NORF, PT. 2 (feat. FOE & Bueno Da Champ)","For My Dawgz 2","Rucci;FOE;Bueno Da Champ",2022-01-21,140930,61,true,,2023-12-20T10:16:31Z,"","Mackk & Company / EMPIRE",0.869,0.643,7,-6.743,1,0.38,0.134,0,0.918,0.569,103.987,4
spotify:track:43YQDj1KOPMFAUcTEPKy4p,"Millions","So Much Fun (Deluxe)","Young Thug",2019-12-20,157520,64,true,,2023-12-20T10:16:31Z,"rap,melodic rap,trap","300 Entertainment/Atl",0.942,0.531,1,-7.51,1,0.215,0.00236,0.000106,0.0812,0.74,99.027,4
spotify:track:2ZAx6NDhX2yE5aL5ueEQgY,"Mr. Saxobeat","Saxobeats","Alexandra Stan",2011-10-25,195105,2,false,,2023-12-20T10:16:31Z,"europop","Ultra Records",0.72,0.925,4,-4.165,0,0.0511,0.0276,0.000238,0.14,0.781,127.004,4
spotify:track:4Km5HrUvYTaSUfiSGPJeQR,"Bad and Boujee (feat. Lil Uzi Vert)","Culture","Migos;Lil Uzi Vert",2017-04-07,343150,4,true,,2023-12-20T10:16:31Z,"trap,melodic rap,rage rap","Quality Control Music",0.926,0.666,11,-5.314,1,0.244,0.0611,0,0.123,0.168,127.079,4
spotify:track:747tpec1a0Hfqvj2za1pBs,"Gotta Get Thru This - D'N'D Radio Edit","Gotta Get Thru This","Daniel Bedingfield;D'N'D Productions",2002-01-01,161200,57,false,,2023-12-20T10:16:31Z,"uk garage","Island Mercury",0.837,0.765,7,-5.007,0,0.0631,0.0852,0.0000708,0.1,0.912,133.57,4
spotify:track:75dLEqanQTupF3dtP9exT5,"Yikes","Yikes","Nicki Minaj",2020-02-07,156881,62,true,,2023-12-20T10:16:31Z,"","Young Money/Cash Money Records",0.911,0.637,8,-8.381,1,0.447,0.0412,0.0000408,0.238,0.662,149.998,4
spotify:track:0fRIzjNaVxFqwoLg8rfQX5,"Ana Lahale","Elyanna","Elyanna;Massari",2020-02-07,179988,53,false,,2023-12-20T10:16:31Z,"","El Mar Music / EMPIRE",0.543,0.84,9,-4.786,0,0.0411,0.0253,0,0.542,0.379,81.947,4
spotify:track:2NBvQKiRPw29rW7R6fp96K,"Tonight (Best You Ever Had) - No Rap","50 Pop Sensations","John Legend",2014-06-10,227066,31,false,,2023-12-20T10:16:31Z,"soft pop,neo soul","RCA/Legacy",0.678,0.763,7,-4.011,0,0.0322,0.0451,0,0.222,0.435,89.98,4
spotify:track:3FkeNbs9Zeiqkr3WkbOiGp,"Envolver","Versions of Me","Anitta",2022-04-12,193805,72,false,,2023-12-20T10:16:31Z,"brazilian pop,funk pop,brazilian funk,funk carioca","Warner Records",0.812,0.736,4,-5.421,0,0.0833,0.152,0.00254,0.0914,0.396,91.993,4
spotify:track:2e3YoddL43UkaSqhYGqfKz,"Do You See","Regulate… G Funk Era","Warren G;Nate Dogg",1994-06-07,239066,49,true,,2023-12-20T10:16:31Z,"g-funk,west coast hip hop,old school hip hop,gangster rap","Island Records",0.769,0.624,1,-10.559,0,0.197,0.173,0.00000102,0.378,0.569,95.232,4
spotify:track:2ImuQo1g14CTR9hZAZD3aQ,"This D.J.","Regulate… G Funk Era","Warren G;O.G.L.B.",1994-06-07,203026,65,true,,2023-12-20T10:16:31Z,"g-funk,west coast hip hop,old school hip hop,gangster rap","Island Records",0.804,0.443,6,-10.268,0,0.134,0.0312,0.0225,0.112,0.58,92.035,4
spotify:track:43ZyHQITOjhciSUUNPVRHc,"Gucci Gang","Lil Pump","Lil Pump",2017-10-06,124055,64,true,,2023-12-20T10:16:31Z,"","Warner Records",0.936,0.523,5,-6.71,1,0.0597,0.239,0,0.117,0.699,119.889,4
spotify:track:0sf12qNH5qcw8qpgymFOqD,"Blinding Lights","Blinding Lights","The Weeknd",2019-11-29,201573,27,false,,2023-12-20T10:16:31Z,"","Republic Records",0.512,0.796,1,-4.075,1,0.0645,0.00147,0.000209,0.0938,0.344,171.014,4
spotify:track:00FROhC5g4iJdax5US8jRr,"Satisfy You","Forever","Diddy;R. Kelly",1999-08-24,288266,59,false,,2023-12-20T10:16:31Z,"hip hop,east coast hip hop,r&b","Bad Boy Records",0.764,0.594,6,-10.05,1,0.185,0.591,0,0.145,0.695,87.261,4
spotify:track:0Uhnzk5zI46IRlQ04LNOtc,"Hey Ma","Come Home With Me","Cam'ron;Juelz Santana;Freekey Zeekey;Toya",2002-01-01,232533,57,false,,2023-12-20T10:16:31Z,"east coast hip hop","Roc-A-Fella",0.792,0.666,8,-5.483,1,0.343,0.0256,0.00000606,0.0796,0.951,90.337,4
spotify:track:2GGMabyHXnJmjY6CXhhB2e,"Money","Money","Cardi B",2018-10-23,183527,70,true,,2023-12-20T10:16:31Z,"","Atlantic/KSR",0.95,0.59,8,-6.508,0,0.29,0.00534,0,0.11,0.219,130.003,4
spotify:track:0c7K73roy6RW4ebDkf4yGh,"VALENTINO","VALENTINO","24kGoldn",2019-01-25,179133,56,true,,2023-12-20T10:16:31Z,"","Records/Columbia",0.744,0.718,9,-4.853,0,0.181,0.197,0,0.134,0.549,151.098,4
spotify:track:2Sx2TE4Lm977qfXcBF3KU3,"Beautiful Love","I Wish We All Could Win","The Afters",2005-02-08,238320,0,false,,2023-12-20T10:16:31Z,"christian,ccm,christian alternative rock,christian rock,christian pop,worship","Fair Trade Services",0.449,0.816,8,-3.635,0,0.0373,0.000172,0.000311,0.225,0.394,132.022,4
spotify:track:41LPuPvXqyzCDF5ySN3O7H,"We Were Here","Skin & Earth","Lights",2017-09-22,229600,33,false,,2023-12-20T10:16:31Z,"","Warner Records",0.615,0.784,7,-4.94,0,0.0342,0.00513,0.00000131,0.159,0.626,140.008,4
spotify:track:7pxflgjZ8FvJMnyOh5WexW,"Thats Norf","Thats Norf","Rucci",2018-07-05,140062,40,true,,2023-12-20T10:16:31Z,"","Mackk & Company",0.947,0.658,1,-7.471,1,0.361,0.0313,0,0.0831,0.643,101.005,4
spotify:track:0hYFc3HSZHDaDzquLVRwBH,"TO THE MOON","TO THE MOON","JNR CHOI",2021-11-05,152137,0,true,,2023-12-20T10:16:31Z,"","Independent",0.744,0.648,2,-11.819,1,0.35,0.045,0.00614,0.109,0.387,144.036,4
spotify:track:1PoJXULCvl03b1fiZmMxmd,"On the Low","African Giant","Burna Boy",2019-07-25,185898,69,false,,2023-12-20T10:16:31Z,"afrobeats,afrobeat,afropop,dancehall,afroswing,afropiano","Spaceship/ Bad Habit/Atlantic Records",0.816,0.781,1,-4.237,0,0.0425,0.692,0.00928,0.0835,0.937,99.95,4
spotify:track:0fbR95FEaJUxiQYaqZZukv,"Whitehouse Road","Purgatory","Tyler Childers",2017-08-04,280786,76,false,,2023-12-20T10:16:31Z,"country,outlaw country,red dirt,alt country,bluegrass,texas country","Hickman Holler Records",0.607,0.739,0,-5.503,1,0.0274,0.114,0.000234,0.192,0.875,84.467,4
spotify:track:2MbdDtCv5LUVjYy9RuGTgC,"WHATS POPPIN (feat. DaBaby, Tory Lanez & Lil Wayne) - Remix","WHATS POPPIN (feat. DaBaby, Tory Lanez & Lil Wayne) [Remix]","Jack Harlow;Tory Lanez;DaBaby;Lil Wayne",2020-06-24,227478,68,true,,2023-12-20T10:16:31Z,"rap,hip hop","Generation Now/Atlantic",0.904,0.723,11,-5.224,0,0.26,0.0631,0,0.185,0.835,145.013,4
spotify:track:6hgoYQDUcPyCz7LcTUHKxa,"Calm Down","Calm Down","Rema",2022-02-10,219813,74,false,,2023-12-20T10:16:31Z,"afrobeats,afrobeat,afropop,afropiano","Mavin Records / Jonzing World",0.811,0.781,11,-6.333,1,0.0428,0.376,0.001,0.121,0.824,107.007,4
spotify:track:19FQ92HToUiI5HqccZ605r,"My Heart Goes (La Di Da)","Beach & Pool Party 2022","Becky Hill;Topic",2022-04-04,148960,0,false,,2023-12-20T10:16:31Z,"","UMG Recordings, Inc.",0.695,0.781,7,-5.578,0,0.0452,0.0185,0.0000312,0.295,0.456,124.04,4
spotify:track:4cSSL3YafYjM3yjgFO1vJg,"Walk Em Down (feat. Roddy Ricch)","Walk Em Down (feat. Roddy Ricch)","NLE Choppa;Roddy Ricch",2020-03-19,173288,61,true,,2023-12-20T10:16:31Z,"melodic rap","Warner Records",0.867,0.744,2,-5.171,1,0.227,0.268,0,0.0713,0.645,84.005,4
spotify:track:2FObVEGSMZ42qij15tXeXe,"La Thong","La Thong","Sisqo;Jd Pantoja",2021-10-01,214426,31,false,,2023-12-20T10:16:31Z,"space music","3fams LLC / VirtualCons Music / Dragon Music Group",0.728,0.861,6,-6.022,0,0.0384,0.00216,0.197,0.168,0.528,122.029,4
spotify:track:1XFHbzTikXks9CsMq4v8Q3,"Not So Bad (feat. Emie)","Not So Bad (feat. Emie)","Yves V;Ilkay Sencan;Emie",2020-01-03,153696,64,false,,2023-12-20T10:16:31Z,"slap house","Spinnin' Records",0.74,0.674,11,-4.374,1,0.0476,0.00903,0.238,0.154,0.231,126.017,4
spotify:track:29d0nY7TzCoi22XBqDQkiP,"Running Up That Hill (A Deal With God) - 2018 Remaster","Hounds of Love (2018 Remaster)","Kate Bush",1985-09-16,300840,7,false,,2023-12-20T10:16:31Z,"art pop,baroque pop,art rock","Rhino",0.625,0.533,10,-11.903,0,0.0596,0.659,0.00266,0.0546,0.139,108.296,4
spotify:track:5Eax0qFko2dh7Rl2lYs3bx,"Efecto","Un Verano Sin Ti","Bad Bunny",2022-05-06,213061,85,true,,2023-12-20T10:16:31Z,"reggaeton,trap latino,latin,urbano latino","Rimas Entertainment LLC.",0.801,0.475,7,-8.797,0,0.0516,0.141,0.0000173,0.0639,0.234,98.047,4
spotify:track:0ua0Go4NN4Td7l0Zre6Ce3,"Flashing Lights","Graduation","Kanye West",2007-09-11,237506,3,true,,2023-12-20T10:16:31Z,"rap","Universal/Island Def Jam",0.634,0.649,6,-7.505,0,0.0486,0.0315,0,0.482,0.509,90.482,4
spotify:track:2sHYMLUd4nVLxHPKY05Ein,"Habibi - Albanian Remix","Habibi (Albanian Remix)","Ricky Rich;Dardan;DJ Gimi-O",2021-11-19,129589,74,false,,2023-12-20T10:16:31Z,"german hip hop","WM Germany",0.639,0.728,4,-7.065,0,0.0301,0.0223,0.00384,0.68,0.0996,103.966,4
spotify:track:2LmyFJW92BeYl0qdH3ztiO,"Wind (Naruto) - Trap Remix","Wind (Naruto) [Trap Remix]","Musicality;Tha J-SQUAD",2020-04-04,180004,29,false,,2023-12-20T10:16:31Z,"anime rap,anime,uk drill","Musicality Productions",0.813,0.478,0,-13.425,0,0.124,0.0316,0.0545,0.0938,0.515,127.977,4
spotify:track:6a5jHgwqYMk9wlYJYfs3c9,"Can We Talk","The Best of Tevin Campbell","Tevin Campbell",2001,284586,67,false,,2023-12-20T10:16:31Z,"new jack swing,quiet storm","Warner Records/Qwest",0.658,0.711,2,-7.424,0,0.0425,0.0759,0.0000177,0.0446,0.614,172.365,4
spotify:track:3dT126FgdirenOn5aDXHBE,"Money Ain't A Thang","Vol.2... Hard Knock Life","JAŸ-Z;Jermaine Dupri",1998-11-29,253240,50,true,,2023-12-20T10:16:31Z,"hip hop,east coast hip hop,rap,southern hip hop","Roc Nation / Jay-Z",0.86,0.702,6,-8.412,0,0.234,0.0546,0,0.104,0.857,100.047,4
spotify:track:7817rA9ycAIWARDmrZFOlC,"Still On It","Still On It","Jamie Nugent",2021-10-29,184918,0,false,,2023-12-20T10:16:31Z,"lounge","TheLatestSounds",0.853,0.79,11,-5.671,0,0.0391,0.0443,0.482,0.11,0.558,122.997,4
spotify:track:5IgjP7X4th6nMNDh4akUHb,"Under The Influence","Indigo (Extended)","Chris Brown",2019-10-04,184203,86,true,,2023-12-20T10:16:31Z,"r&b","Chris Brown Entertainment/RCA Records",0.755,0.562,9,-8.947,0,0.0355,0.0186,0.000231,0.18,0.368,116.931,4
spotify:track:0x3TibRgnSqzkcwrqBd4iX,"Down On Me","All About You","Jeremih;50 Cent",2010-01-01,228453,7,false,,2023-12-20T10:16:31Z,"old school hip hop,east coast hip hop","Def Jam",0.7,0.598,2,-7.783,1,0.114,0.0369,0,0.111,0.594,160.041,4
spotify:track:27cOULnIkVv1nFDmTZECkE,"Feel (feat. MRYN)","Feel (feat. MRYN)","Westend;Millean.;MRYN",2022-04-08,168989,29,false,,2023-12-20T10:16:31Z,"tech house,latin house,house,stutter house","Musical Freedom",0.673,0.837,6,-5.324,1,0.0983,0.0469,0.0000169,0.109,0.446,124.985,3
spotify:track:47EiUVwUp4C9fGccaPuUCS,"DÁKITI","DÁKITI","Bad Bunny;JHAYCO",2020-10-30,205090,83,true,,2023-12-20T10:16:31Z,"reggaeton,trap latino,latin,urbano latino","Rimas Entertainment LLC.",0.731,0.573,4,-10.059,0,0.0544,0.401,0.0000522,0.113,0.145,109.928,4
spotify:track:6lrRIfQDcikJ5y5DtyZPuJ,"Can't Let You Go (feat. Mike Shorey & Lil' Mo)","Street Dreams (Bonus Track)","Fabolous;Mike Shorey;Lil' Mo",2003-02-01,223973,63,true,,2023-12-20T10:16:31Z,"","Elektra Records",0.646,0.6,9,-6.569,1,0.458,0.231,0,0.0794,0.811,192.082,4
spotify:track:6h7PQQIUQSNSAWqRe98MBU,"Trade It All, Pt. 2 (feat. P. Diddy & Jagged Edge)","Street Dreams (Bonus Track)","Fabolous;Diddy;Jagged Edge",2003-02-01,275266,55,true,,2023-12-20T10:16:31Z,"hip hop,east coast hip hop,r&b,quiet storm","Elektra Records",0.819,0.778,1,-5.839,0,0.21,0.029,0,0.215,0.779,96.72,4
spotify:track:4MHboJP4Mj8b2bc4hXayIo,"Touch It - Remix/Featuring Mary J. Blige, Rah Digga, Missy Elliot, Lloyd Banks, Papoose & DMX (Explcit)","Touch It Remixes","Busta Rhymes;Mary J. Blige;Missy Elliott;DMX;Rah Digga;Lloyd Banks;Papoose",2005-01-01,240373,57,true,,2023-12-20T10:16:31Z,"east coast hip hop,old school hip hop,hip hop,r&b,hardcore hip hop","Aftermath",0.686,0.608,1,-7.293,1,0.386,0.0363,0,0.104,0.452,68.308,3
spotify:track:6iC7vapdKp0XlKhxOkp8QJ,"BOOM","BOOM","Tiësto;Sevenn;Gucci Mane",2018-01-26,179512,67,true,,2023-12-20T10:16:31Z,"edm,trance,big room,brazilian bass,southern hip hop,rap,trap","Universal Music B.V.",0.886,0.84,2,-3.386,1,0.0502,0.0164,0.00622,0.329,0.203,123.035,4
spotify:track:0JXXNGljqupsJaZsgSbMZV,"Sure Thing","All I Want Is You","Miguel",2010-11-30,195373,92,false,,2023-12-20T10:16:31Z,"r&b","Jive",0.684,0.607,11,-8.127,0,0.1,0.0267,0.000307,0.191,0.498,81.001,4
spotify:track:6NdkIejC39Pcwg9Buw5f2B,"Black and Yellow","Black and Yellow","Wiz Khalifa",2010-09-14,217666,47,true,,2023-12-20T10:16:31Z,"","Atlantic Records",0.684,0.834,2,-4.524,0,0.0675,0.0646,0,0.271,0.538,164.02,4
spotify:track:6Ole34qqbgkZ60IyrcVm7e,"Cooped Up / Return Of The Mack","Cooped Up / Return Of The Mack","Post Malone;Mark Morrison;Sickick",2022-10-21,127253,73,true,,2023-12-20T10:16:31Z,"","Mercury Records/Republic Records",0.726,0.756,2,-4.735,1,0.148,0.00686,0.00000252,0.197,0.63,95.5,4
spotify:track:2YpeDb67231RjR0MgVLzsG,"Old Town Road (feat. Billy Ray Cyrus) - Remix","7","Lil Nas X;Billy Ray Cyrus",2019-06-21,157066,83,false,,2023-12-20T10:16:31Z,"","Columbia",0.878,0.619,6,-5.56,1,0.102,0.0533,0,0.113,0.639,136.041,4
spotify:track:6KBYefIoo7KydImq1uUQlL,"Bodak Yellow","Invasion of Privacy","Cardi B",2018-04-06,223712,78,true,,2023-12-20T10:16:31Z,"","Atlantic/KSR",0.926,0.703,11,-6.337,0,0.103,0.0659,0,0.231,0.485,125.022,4
spotify:track:50K6O6JwJzpzkfq9j4yMQk,"Set Adrift on Memory Bliss - Re-Recorded","No.1 Urban Hits","P.M. Dawn",2014-11-01,235800,41,false,,2023-12-20T10:16:31Z,"","Silverphonic Records",0.795,0.705,5,-8.552,0,0.0715,0.00118,0.00658,0.136,0.482,100.025,4
spotify:track:6lZ5p6VTbZ2ZvnsdTlLv7I,"emiliana","Emiliana","CKay",2022-03-04,164848,62,false,,2023-12-20T10:16:31Z,"afrobeats,afrobeat,afro r&b,afropop","WM South Africa",0.738,0.549,6,-9.704,1,0.0513,0.638,0.402,0.111,0.475,98.965,4
spotify:track:27ZZdyTSQWI7Cug2d2PkqV,"BILLIE EILISH.","BILLIE EILISH.","Armani White",2022-05-19,99282,68,true,,2023-12-20T10:16:31Z,"","Legendbound, LLC / Def Jam Recordings",0.9,0.509,1,-6.647,1,0.257,0.115,0.00000167,0.0937,0.765,100.007,4
spotify:track:3ImDU8TdDKkEl1Kg1DfEU3,"Sugar (feat. Francesco Yates) - EDX's Ibiza Sunrise Remix","Sugar (feat. Francesco Yates) [The Remixes]","Robin Schulz;Francesco Yates;EDX",2015-09-11,324385,33,false,,2023-12-20T10:16:31Z,"tropical house,future house,progressive house,house,deep house","Tonspiel",0.84,0.822,5,-4.664,0,0.0827,0.00279,0.0056,0.0638,0.649,123.007,4
spotify:track:1GV71IFsUuumD7leDoVBce,"Rapture - Gareth Emery Remix","Rapture","Nadia Ali;Gareth Emery",2010-12-21,435059,27,false,,2023-12-20T10:16:31Z,"trance,progressive trance,progressive house","PinkStar Records",0.653,0.884,10,-10.033,0,0.0636,0.00508,0.557,0.947,0.62,134.982,4
spotify:track:1EM23A621Z0QyTlWKu7T1l,"Can't Nobody Hold Me Down (feat. Mase)","No Way Out","Diddy;Mase",1997,231160,64,true,,2023-12-20T10:16:31Z,"hip hop,east coast hip hop,old school hip hop","Bad Boy Records",0.928,0.771,3,-5.935,0,0.251,0.102,0.0000107,0.338,0.679,93.987,4
spotify:track:4PmMVdIFpJTB9WQbmILf4p,"How We Do","The Documentary","The Game;50 Cent",2005,235533,80,true,,2023-12-20T10:16:31Z,"west coast hip hop,old school hip hop,gangster rap,hip hop,east coast hip hop","Geffen",0.862,0.648,4,-7.401,0,0.251,0.0455,0,0.0332,0.637,98.012,4
spotify:track:2YDOjCfkGciEXxSutB6LJR,"World Hold On - FISHER Rework","World Hold On (FISHER Rework)","Bob Sinclar;FISHER;Steve Edwards",2022-07-08,178304,12,false,,2023-12-20T10:16:31Z,"french house,disco house,tech house,house","Yellow productions",0.771,0.883,1,-5.243,0,0.0584,0.00596,0.00607,0.135,0.895,127.008,4
spotify:track:0Uc706myy6Th7I6KQ9xA1x,"So What","Light Poles And Pine Trees","Field Mob;Ciara",2006-01-01,216000,64,true,,2023-12-20T10:16:31Z,"southern hip hop","DTP/Geffen",0.931,0.486,6,-10.558,1,0.139,0.0579,0,0.161,0.896,120.026,4
spotify:track:1K5KBOgreBi5fkEHvg5ap3,"Life Is Good (feat. Drake)","High Off Life","Future;Drake",2020-05-15,237918,80,true,,2023-12-20T10:16:31Z,"rap,trap","Epic/Freebandz",0.795,0.574,2,-6.903,0,0.487,0.067,0,0.15,0.537,142.053,4
spotify:track:1mzGywacjpeik00PVLBPpF,"All of Me - Tiësto's Birthday Treatment Remix - Radio Edit","All of Me (Tiësto's Birthday Treatment Remix - Radio Edit)","John Legend;Jason Agel;Tiësto",2014-02-25,251613,61,false,,2023-12-20T10:16:31Z,"soft pop,neo soul,edm,trance,big room","G.O.O.D. Music/Columbia",0.606,0.72,5,-6.253,0,0.0283,0.000149,0.00165,0.0745,0.178,127.985,4
spotify:track:6UN73IYd0hZxLi8wFPMQij,"Players","Players","Coi Leray",2022-11-30,139560,72,true,,2023-12-20T10:16:31Z,"","Uptown / Republic Records",0.948,0.512,6,-5.74,0,0.146,0.0269,0.00000857,0.0504,0.599,105.004,4
spotify:track:672JJ417PzudqflvxB0B3D,"Ice Cream Paint Job (g-funk Remix)","Ice Cream Paint Job (g-funk Remix) Feat. Snoop Dogg; Nipsey Hussle; Soulja Boy; E-40; Jim Jones","Dorrough Music;Snoop Dogg;E-40;Jim Jones;Nipsey Hussle;Soulja Boy",2009-09-29,307013,0,true,,2023-12-20T10:16:31Z,"crunk,southern hip hop,g-funk,west coast hip hop,gangster rap,old school hip hop,hip hop,rap,hyphy,east coast hip hop","eOne Music",0.868,0.764,7,-5.486,1,0.245,0.0192,0,0.294,0.716,90,4
spotify:track:6HZILIRieu8S0iqY8kIKhj,"DNA.","DAMN.","Kendrick Lamar",2017-04-14,185946,82,true,,2023-12-20T10:16:31Z,"hip hop,west coast hip hop","Aftermath",0.638,0.523,1,-6.664,1,0.357,0.00454,0,0.0842,0.422,139.913,4
spotify:track:7KXjTSCq5nL1LoYtL7XAwS,"HUMBLE.","DAMN.","Kendrick Lamar",2017-04-14,177000,87,true,,2023-12-20T10:16:31Z,"hip hop,west coast hip hop","Aftermath",0.908,0.621,1,-6.638,0,0.102,0.000282,0.0000539,0.0958,0.421,150.011,4
spotify:track:3tLhjMOfbdRGQNudmIABp4,"Down (feat. Latto)","Down (feat. Latto)","G-Eazy;Latto",2020-09-04,217866,42,true,,2023-12-20T10:16:31Z,"","BPG/RVG/RCA Records",0.797,0.853,0,-4.269,1,0.105,0.000699,0,0.118,0.595,98.043,4
spotify:track:170DNUSnQRp1tGpppF26pA,"Epidemic","Epidemic","Polo G",2020-09-25,177272,1,true,,2023-12-20T10:16:31Z,"","Columbia",0.616,0.617,1,-8.431,1,0.52,0.128,0,0.177,0.476,175.929,4
spotify:track:577YBGuskWkVDCxZrLRB4v,"Pure Cocaine","Street Gossip","Lil Baby",2018-11-30,154023,82,true,,2023-12-20T10:16:31Z,"","Quality Control Music/Motown Records/Capitol Records",0.964,0.487,10,-6.071,0,0.421,0.00127,0.00000607,0.115,0.108,127.05,4
spotify:track:0zhJ4ywlDUYsxzrftbZWhP,"Sako Meile Gydo (Remix)","Sako Meile Gydo (Remix)","Bäsello;Akvilė",2021-03-04,130570,34,false,,2023-12-20T10:16:31Z,"slap house","BSS RECORDS Under Exclusive License From Vu Records",0.771,0.644,0,-7.77,1,0.318,0.0932,0,0.54,0.314,114.89,4
spotify:track:4NhDYoQTYCdWHTvlbGVgwo,"GOOBA","GOOBA","6ix9ine",2020-05-08,132303,2,true,,2023-12-20T10:16:31Z,"","Create Music Group",0.611,0.688,1,-5.688,1,0.341,0.0264,0,0.251,0.393,178.462,4
spotify:track:0UdZzUSOLhqIFCU7wHWkgp,"Hadal Ahbek","Hadal Ahbek","Issam Alnajjar",2021-02-12,209684,66,false,,2023-12-20T10:16:31Z,"","Republic Records",0.827,0.485,1,-10.384,0,0.0352,0.172,0,0.0798,0.384,94.997,4
spotify:track:7FIWs0pqAYbP91WWM0vlTQ,"Godzilla (feat. Juice WRLD)","Music To Be Murdered By","Eminem;Juice WRLD",2020-01-17,210800,84,true,,2023-12-20T10:16:31Z,"rap,hip hop,melodic rap,emo rap","Shady/Aftermath/Interscope Records",0.808,0.745,10,-5.26,0,0.342,0.145,0,0.292,0.829,165.995,4
spotify:track:1cKHdTo9u0ZymJdPGSh6nq,"I Was Never There","My Dear Melancholy,","The Weeknd;Gesaffelstein",2018-03-30,241066,86,false,,2023-12-20T10:16:31Z,"","The Weeknd/Lyric",0.323,0.737,10,-4.008,1,0.0335,0.14,0.000162,0.163,0.156,112.923,4
spotify:track:66aMnwdhkEc1V0AAnyYchX,"Blinding Lights","Blinding Lights","Teddy Swims",2020-05-15,214874,69,false,,2023-12-20T10:16:31Z,"","Warner Records",0.512,0.543,0,-6.915,0,0.031,0.338,0.0000125,0.112,0.442,159.9,4
spotify:track:6pWzCKTrKrwbUPzY8RLCoP,"Rock Wit U (Awww Baby)","Chapter II","Ashanti",2003-01-01,209120,76,false,,2023-12-20T10:16:31Z,"r&b","I.G. Records, Inc./Universal Records",0.71,0.797,4,-3.006,0,0.0583,0.409,0,0.16,0.849,94.998,4
spotify:track:0pJDnLRe38vYS1zAhpsESV,"Children - Edit Mix","Children","Tinlicker;Robert Miles",2020-09-25,245927,4,false,,2023-12-20T10:16:31Z,"melodic house,progressive house,melodic techno,trance,eurodance","Smilax Records",0.638,0.907,5,-9.357,0,0.0424,0.0208,0.855,0.107,0.0362,124.007,4
spotify:track:6bnF93Rx87YqUBLSgjiMU8,"Heartless","After Hours","The Weeknd",2020-03-20,198266,83,true,,2023-12-20T10:16:31Z,"","Republic Records",0.537,0.746,10,-5.507,0,0.15,0.0236,0.000001,0.156,0.252,170.083,4
spotify:track:0nbXyq5TXYPCO7pr3N8S4I,"The Box","Please Excuse Me for Being Antisocial","Roddy Ricch",2019-12-06,196652,87,true,,2023-12-20T10:16:31Z,"melodic rap","Atlantic Records",0.896,0.586,10,-6.687,0,0.0559,0.104,0,0.79,0.642,116.971,4
spotify:track:6HSqyfGnsHYw9MmIpa9zlZ,"Forever","More Than A Game","Drake;Kanye West;Lil Wayne;Eminem",2009-01-01,357346,66,true,,2023-12-20T10:16:31Z,"rap,hip hop","Interscope",0.415,0.926,5,-1.304,0,0.374,0.253,0,0.256,0.542,158.423,4
spotify:track:10QfPYzfVK5ghTIModvmcf,"Heat Waves - Sonny Fodera Remix","Heat Waves (Expansion Pack)","Glass Animals;Sonny Fodera",2021-02-05,191537,0,false,,2023-12-20T10:16:31Z,"house","Polydor Records",0.609,0.869,9,-7.493,1,0.0347,0.0513,0.00571,0.254,0.662,125.007,4
spotify:track:6ScJMrlpiLfZUGtWp4QIVt,"A Milli","Tha Carter III","Lil Wayne",2008-06-10,221840,75,true,,2023-12-20T10:16:31Z,"rap,hip hop","CM/Republic",0.674,0.695,6,-8.636,0,0.278,0.0387,0.00202,0.194,0.773,151.486,4
spotify:track:6SrriGAtHnL1OMROo7oQNH,"Running Up That Hill","Running Up That Hill","Kilian K;Blaze U;Luke Madness",2022-06-17,133209,60,false,,2023-12-20T10:16:31Z,"slap house,hypertechno,future house","Future House Cloud",0.695,0.536,0,-9.337,0,0.0495,0.0479,0.0000566,0.148,0.446,120.004,4
spotify:track:4vHf3mf0iZgEmkdHyLTSE9,"Yung and Bhad (feat. City Girls)","15","Bhad Bhabie;City Girls",2018-09-18,170560,41,true,,2023-12-20T10:16:31Z,"","B.H.A.D. Music",0.792,0.555,10,-7.504,0,0.373,0.265,0,0.128,0.491,165.066,4
spotify:track:79wDq3jpGu0yew1ngQpAAi,"Quédate - Tiësto Remix","Quédate (Tiësto Remix)","Bizarrap;Tiësto",2022-11-02,232498,59,false,,2023-12-20T10:16:31Z,"argentine trap,trap latino,urbano latino,edm,trance,big room","DALE PLAY Records",0.652,0.877,11,-2.767,0,0.141,0.00848,0.0158,0.695,0.722,127.996,4
spotify:track:4gvrJnKCKIPiacNsWVQwEU,"love nwantiti (feat. Dj Yo! & AX'EL) - Remix","love nwantiti (feat. Dj Yo! & AX'EL) [Remix]","CKay;Dj Yo!;AX'EL",2021-09-09,188368,78,false,,2023-12-20T10:16:31Z,"afrobeats,afrobeat,afro r&b,afropop","WM South Africa",0.579,0.596,8,-4.823,1,0.0561,0.436,0.0938,0.0549,0.443,119.9,3
spotify:track:36Hwcla06Q5BCr59CL0sBp,"Ayo Technology","Curtis","50 Cent;Justin Timberlake;Timbaland",2007-01-01,247946,84,true,,2023-12-20T10:16:31Z,"old school hip hop,east coast hip hop","Aftermath/Shady",0.63,0.782,8,-5.44,0,0.132,0.0828,0,0.034,0.418,140.144,4
spotify:track:2uetImT6oYkOOJ6nKga4Lz,"Ancient Flame","Ancient Flame","Torii Wolf",2022-04-01,228409,45,false,,2023-12-20T10:16:31Z,"","Epidemic Sound",0.25,0.151,7,-17.134,0,0.0381,0.868,0.0866,0.149,0.146,175.516,4
spotify:track:3USxtqRwSYz57Ewm6wWRMp,"Heat Waves","Dreamland","Glass Animals",2020-08-07,238805,92,false,,2023-12-20T10:16:31Z,"","Polydor Records",0.761,0.525,11,-6.9,1,0.0944,0.44,0.0000067,0.0921,0.531,80.87,4
spotify:track:3Min9QOinM41SPnvOG68P3,"TiP TOE 3","PiNK PYTHON","Riff Raff;Chief Keef",2019-04-12,195200,42,true,,2023-12-20T10:16:31Z,"chicago drill,drill","JODY HiGHROLLER",0.771,0.656,8,-5.231,1,0.121,0.0161,0.000158,0.145,0.142,74.996,4
spotify:track:43CIWpJaJHRcI4mUSjqgc2,"Bad Boy (with Young Thug)","Bad Boy (with Young Thug)","Juice WRLD;Young Thug",2021-01-15,157355,71,true,,2023-12-20T10:16:31Z,"melodic rap,emo rap,rap,trap","Grade A Productions/Interscope Records",0.697,0.674,1,-6.326,1,0.0533,0.00215,0,0.138,0.198,81.535,4
spotify:track:7KDkjknQAILlnqkPSkR1gC,"California","California (Ft. Ricco Barrino) - Single","Colonel Loud;T.I.;Young Dolph;Ricco Barrino",2015-11-06,281902,41,true,,2023-12-20T10:16:31Z,"southern hip hop,trap","Derty North Ent / EMPIRE",0.796,0.799,7,-5.443,1,0.192,0.0858,0,0.104,0.538,96.477,4
spotify:track:7eYhN6ciVsXBfb7kVjmvgt,"Mr Boombastic","Dancehall","Shaggy",2020-02-10,246413,0,false,,2023-12-20T10:16:31Z,"reggae","BNM",0.86,0.708,2,-10.589,1,0.29,0.295,0.0000188,0.355,0.771,158.424,4
spotify:track:4MRT0dDbhqFKl67WzhUbSw,"Only","The Pinkprint (Deluxe)","Nicki Minaj;Drake;Lil Wayne;Chris Brown",2014-12-15,312026,67,true,,2023-12-20T10:16:31Z,"rap,hip hop,r&b","Nicki Minaj/Cash Money",0.573,0.495,8,-7.245,0,0.592,0.405,0,0.0969,0.255,179.369,3
spotify:track:6FuAe03bP2SQT4TCDKhuGx,"Lapdance","In Search Of...","N.E.R.D;Vita;Lee Harvey",2002-03-12,209760,63,true,,2023-12-20T10:16:31Z,"","Virgin Records",0.713,0.96,11,-2.34,1,0.143,0.0381,0.0000125,0.255,0.714,101.982,4
spotify:track:6fujklziTHa8uoM5OQSfIo,"Black Beatles","SremmLife 2 (Deluxe)","Rae Sremmurd;Gucci Mane",2016-08-12,291893,89,true,,2023-12-20T10:16:31Z,"southern hip hop,rap,trap","Mike WiLL Made-It",0.794,0.632,0,-6.163,1,0.0649,0.142,0,0.128,0.355,145.926,4
spotify:track:1g8dRVzAvmSOTfTz5m0H9K,"Letters From The Sky","Civil Twilight","Civil Twilight",2010-04-13,275040,53,false,,2023-12-20T10:16:31Z,"","Wind-up Records",0.342,0.7,8,-5.955,1,0.0449,0.561,0.00121,0.0994,0.118,150.04,4
spotify:track:1CeizRCGEYPWooEeVfmyFL,"A Long Walk","Who Is Jill Scott? - Words and Sounds, Vol. 1","Jill Scott",2000-07-18,280973,64,false,,2023-12-20T10:16:31Z,"neo soul","Hidden Beach Records",0.713,0.541,6,-9.295,0,0.248,0.0617,0.000137,0.112,0.28,75.714,4
spotify:track:7ytR5pFWmSjzHJIeQkgog4,"ROCKSTAR (feat. Roddy Ricch)","BLAME IT ON BABY","DaBaby;Roddy Ricch",2020-04-17,181733,79,true,,2023-12-20T10:16:31Z,"melodic rap","South Coast Music Group/Interscope Records",0.746,0.69,11,-7.956,1,0.164,0.247,0,0.101,0.497,89.977,4
spotify:track:2mSqwACm2ZgwKp6TaLVMoP,"Rabbit Hole","MAD QVEEN","Qveen Herby",2022-04-01,187086,42,true,,2023-12-20T10:16:31Z,"","Checkbook Records",0.933,0.456,0,-5.477,1,0.0487,0.0185,0,0.0432,0.416,127.033,4
spotify:track:6FRtjadDsEhZIQIlh1loEM,"To the Moon & Back","Savage Garden","Savage Garden",1997-03-04,341066,66,false,,2023-12-20T10:16:31Z,"","Sony Music Entertainment",0.584,0.76,0,-7.369,0,0.0359,0.0205,0.00000725,0.1,0.325,104.101,4
spotify:track:67jvGGbJmOmVonlyX3mNkV,"Caramelo - Remix","ENOC","Ozuna;KAROL G;Myke Towers",2020-09-04,233160,80,false,,2023-12-20T10:16:31Z,"reggaeton,trap latino,latin,urbano latino","Aura Music Corp.",0.755,0.772,3,-4.539,0,0.154,0.0605,0.0000919,0.223,0.586,168.062,4
spotify:track:6cy3ki60hLwimwIje7tALf,"RITMO (Bad Boys For Life)","RITMO (Bad Boys For Life)","Black Eyed Peas;J Balvin",2019-10-12,221714,73,true,,2023-12-20T10:16:31Z,"reggaeton,latin","Epic/We The Best",0.721,0.716,10,-7.037,0,0.0657,0.0334,0.00084,0.237,0.667,104.994,4
spotify:track:2jKoVlU7VAmExKJ1Jh3w9P,"Alkaholik (feat. Erik Sermon, J Ro & Tash)","Restless","Xzibit;Erick Sermon;J. Ro;Tash",2000-04-02,219160,58,true,,2023-12-20T10:16:31Z,"west coast hip hop,gangster rap,g-funk,old school hip hop,hardcore hip hop,hip hop,east coast hip hop","LOUD/Columbia",0.893,0.514,11,-5.08,1,0.283,0.18,0,0.0596,0.787,95.848,4
spotify:track:3sSESwCLq4g7WiXk6LJKbI,"Wrecking Ball (Arr. Stephan Moccio for Piano)","Wrecking ball (Solo Piano Version)","Stephan Moccio",2021-03-29,204560,48,false,,2023-12-20T10:16:31Z,"","Decca (UMO) (Classics)",0.515,0.0695,5,-22.837,1,0.0342,0.992,0.934,0.0943,0.109,112.81,4
spotify:track:696DnlkuDOXcMAnKlTgXXK,"ROXANNE","ROXANNE","Arizona Zervas",2019-10-10,163636,81,true,,2023-12-20T10:16:31Z,"","Arizona Zervas",0.621,0.601,6,-5.616,0,0.148,0.0522,0,0.46,0.457,116.735,5
spotify:track:60NvAO9lx0KmBNAVHIlWN6,"How Deep Is Your Love","Enter The Dru","Dru Hill",1998-01-01,243360,65,true,,2023-12-20T10:16:31Z,"quiet storm,r&b","Def Jam Recordings",0.729,0.434,3,-9.111,0,0.079,0.0473,0.0000123,0.314,0.743,94.411,4
spotify:track:5bBzkJE9BqYTL27webAUCw,"Rocc Climbing (feat. Lil Yachty)","Rocc Climbing (feat. Lil Yachty)","Remble;Lil Yachty",2021-09-24,175877,57,true,,2023-12-20T10:16:31Z,"","Warner Records",0.832,0.656,4,-7.492,0,0.375,0.316,0.00000213,0.108,0.562,100.032,4
spotify:track:72RtkpAksTCabYRTyEkUfk,"Come Back In One Piece (feat. DMX)","Ultimate Aaliyah","Aaliyah;DMX",2005-05-10,260200,0,false,,2023-12-20T10:16:31Z,"r&b,contemporary r&b,east coast hip hop,old school hip hop,hardcore hip hop","Blackground Records, LLC",0.788,0.588,11,-5.517,1,0.294,0.0388,0.00000169,0.363,0.481,87.92,4
spotify:track:4slSrbTK1sNK4I1mDYEthf,"Rover (feat. DTG)","Rover (feat. DTG)","S1mba;DTG",2020-03-04,167916,74,true,,2023-12-20T10:16:31Z,"afroswing","Parlophone UK",0.613,0.624,11,-6.66,0,0.206,0.496,0,0.283,0.803,62.948,5
spotify:track:4dZTZbmJBCCofAExHwefda,"Lottery (Renegade)","Wayy 2 Kritical","K CAMP",2019-06-21,170946,54,true,,2023-12-20T10:16:31Z,"","RARE Sound / Interscope / EMPIRE",0.915,0.556,1,-8.601,1,0.216,0.0145,0.000179,0.0733,0.67,148.964,4
spotify:track:5O66DFOkyxRFXOUNqssovJ,"Missing","Amplified Heart","Everything But The Girl",1994-06-13,247200,0,false,,2023-12-20T10:16:31Z,"","Chrysalis Records",0.677,0.484,9,-10.506,0,0.0324,0.077,0.0000475,0.135,0.697,123.534,4
spotify:track:5wG7d4cNogw0ETKaICPEYA,"Hey Lover","Mr. Smith (Deluxe Edition)","LL COOL J;Boyz II Men",1995-11-21,284693,64,false,,2023-12-20T10:16:31Z,"old school hip hop,east coast hip hop,new jack swing,r&b,quiet storm","LL Cool J.",0.707,0.427,5,-12.216,0,0.07,0.341,0,0.105,0.542,88.079,4
spotify:track:59ywHNwwchG4nZJMLyxSzd,"Clout (feat. Cardi B)","FATHER OF 4","Offset;Cardi B",2019-02-22,205803,70,true,,2023-12-20T10:16:31Z,"","Quality Control Music/Motown Records",0.919,0.622,1,-7.384,1,0.0997,0.23,0.00000424,0.122,0.423,140.022,4
spotify:track:66wkCYWlXzSTQAfnsPBptt,"My Favorite Part","The Divine Feminine","Mac Miller;Ariana Grande",2016-09-16,216000,76,false,,2023-12-20T10:16:31Z,"pop","Warner Records",0.861,0.33,6,-7.194,1,0.0526,0.627,0.00000193,0.14,0.718,95.016,4
spotify:track:2toVe5hfuIi97ytDPDbQFt,"Taste (feat. Offset)","Legendary","Tyga;Offset",2019-06-07,229210,78,true,,2023-12-20T10:16:31Z,"","Last Kings Music / EMPIRE",0.866,0.613,0,-6.385,1,0.151,0.0293,0,0.104,0.359,98.001,4
spotify:track:0MzNCQGoD133RNniLiwb7J,"My Heart Goes La Di La - Workout Remix 140 Bpm","Kick Boxing 2022 Hard Workout Session (60 Minutes Non-Stop Mixed Compilation for Fitness & Workout - 140 Bpm / 32 Count)","Workout Music Tv",2022-03-10,246857,2,false,,2023-12-20T10:16:31Z,"","Workout Music Tv",0.713,0.931,7,-5.39,0,0.0405,0.0809,0.00678,0.107,0.868,140.01,4
spotify:track:1hzJQIkgXwZevaKsc7iA6D,"About the Money (feat. Young Thug)","About the Money (feat. Young Thug)","T.I.;Young Thug",2014-06-03,270120,26,true,,2023-12-20T10:16:31Z,"southern hip hop,rap,melodic rap,trap","Grand Hustle/Columbia",0.81,0.721,9,-4.964,0,0.265,0.0487,0,0.0886,0.552,101.997,4
spotify:track:75lcPkAkUsKWHGBlGM476R,"1400 / 999 Freestyle","A Love Letter To You 3","Trippie Redd;Juice WRLD",2018-11-09,175954,4,true,,2023-12-20T10:16:31Z,"melodic rap,emo rap","TenThousand Projects, LLC",0.823,0.572,6,-6.067,0,0.0865,0.0079,0,0.113,0.568,141.996,4
spotify:track:39xWBHPM4E9MwzEy5gbM7p,"Last Time That I Checc'd (feat. YG)","Victory Lap","Nipsey Hussle;YG",2018-02-16,225573,66,true,,2023-12-20T10:16:31Z,"west coast hip hop,hyphy","Atlantic Records",0.711,0.746,1,-4.224,1,0.253,0.0289,0,0.371,0.279,96.024,4
spotify:track:4X5f3vT8MRuXF68pfjNte5,"F**kin' Problems (feat. Drake, 2 Chainz & Kendrick Lamar)","LONG.LIVE.A$AP (Deluxe Version)","A$AP Rocky;Drake;2 Chainz;Kendrick Lamar",2013,233786,82,true,,2023-12-20T10:16:31Z,"rap,southern hip hop,hip hop,west coast hip hop","A$AP Worldwide/Polo Grounds Music/RCA Records",0.853,0.693,1,-6.87,1,0.275,0.0239,0,0.11,0.662,95.967,4
spotify:track:0mIAM7lYCcesJXoPG24bCK,"Thugz Cry","The Greatest Hits, Vol. 1 (Deluxe Edition)","Bizzy Bone",2015-05-19,230000,0,true,,2023-12-20T10:16:31Z,"","Legacy Recordings",0.794,0.606,7,-8.051,1,0.146,0.036,0.00000141,0.142,0.701,88.078,4
spotify:track:2tc16SiowJOcfHRHBwH9F1,"Sneaky Link Shemix","Sneaky Link Shemix","Kayla Nicole;Queen Key",2022-02-04,98795,42,true,,2023-12-20T10:16:31Z,"","Run It Up Records",0.798,0.599,5,-7.359,1,0.613,0.111,0,0.0658,0.386,77.04,4
spotify:track:0pwYLVXVknPSGUQb39cePC,"As Long As You Love Me","Believe (Deluxe Edition)","Justin Bieber;Big Sean",2012-06-15,229466,74,false,,2023-12-20T10:16:31Z,"","RBMG/Def Jam",0.571,0.873,0,-3.382,0,0.1,0.0811,0,0.361,0.613,139.691,4
spotify:track:0ZVPhYF4fPq4U3bMAx4szQ,"Sittin' Sidewayz (feat. Big Pokey)","Sittin' Sideways","Paul Wall;Big Pokey",2005-06-21,228933,39,true,,2023-12-20T10:16:31Z,"southern hip hop,crunk","Atlantic Records",0.722,0.621,1,-4.378,1,0.306,0.00469,0.00976,0.199,0.568,159.962,4
spotify:track:0QnGI4OgY8ReggLWvEXdgD,"Street Dreams","It Was Written","Nas",1996-07-02,279933,61,true,,2023-12-20T10:16:31Z,"old school hip hop,east coast hip hop,hip hop","Columbia",0.752,0.611,11,-8.681,0,0.315,0.21,0,0.778,0.746,90.993,4
spotify:track:1zB0kXKLQr7tYifth69jlG,"Picture Me Rollin' (ft. Danny Boy, CPO, Big Syke)","All Eyez On Me","2Pac;Big Syke;C-PO;Danny Boy",1996-02-13,314720,66,true,,2023-12-20T10:16:31Z,"old school hip hop,gangster rap,west coast hip hop,g-funk,hip hop","Amaru Entertainment, Inc./Interscope Records",0.834,0.759,7,-4.918,1,0.135,0.0278,0,0.471,0.438,95.927,4
spotify:track:1tiK3va7TeUzpGWKQ9dS8b,"Letter To The President","Still I Rise","2Pac;Outlawz;Big Skye",1999-12-21,363933,45,true,,2023-12-20T10:16:31Z,"old school hip hop,gangster rap,west coast hip hop,g-funk,hip hop","2Pac + Outlawz - Still I Rise",0.787,0.818,1,-4.567,0,0.238,0.0909,0,0.125,0.631,97.119,4
spotify:track:0Yu3YJCrxA8htVYv4r9e19,"Banna Re","Banna Re","Project 91;Bramha;Mitika Kanwar",2021-01-22,213600,0,false,,2023-12-20T10:16:31Z,"indian indie,hindi indie","Project 91",0.71,0.582,2,-7.994,1,0.0543,0.0238,0.00035,0.0766,0.443,99.998,4
spotify:track:4JPCdSaqs9dJd7RatFSHww,"Make It Rain","Me, Myself & I","Fat Joe;Lil Wayne",2006-11-14,247413,66,true,,2023-12-20T10:16:31Z,"east coast hip hop,rap,hip hop","R4 So Valid, LLC",0.744,0.697,11,-5.063,0,0.197,0.0106,0,0.0842,0.767,149.28,4
spotify:track:5c1QJAiC3773EwiZLwHf5x,"Again","Again","Lenny Kravitz",2000-01-01,231666,76,false,,2023-12-20T10:16:31Z,"","Virgin",0.55,0.804,2,-5.218,1,0.0271,0.0148,0.0000433,0.105,0.789,79.166,4
spotify:track:0b9oOr2ZgvyQu88wzixux9,"This Is America","This Is America","Childish Gambino",2018-05-06,225773,71,true,,2023-12-20T10:16:31Z,"","Wolf+Rothstein/RCA Records",0.854,0.463,5,-6.159,1,0.137,0.117,0,0.354,0.549,120.024,4
spotify:track:2HoDr1yVksl19omOhc1zWy,"Hip-Hop","Let's Get Free","Dead Prez",2000-02-08,214066,63,true,,2023-12-20T10:16:31Z,"east coast hip hop,old school hip hop,hardcore hip hop,hip hop","LOUD Records",0.725,0.737,4,-7.453,1,0.324,0.000633,0.00417,0.109,0.219,77.162,4
spotify:track:7HdBfBpLjqLOecB3iZRJJj,"Free Peysoh","El Perro 2","Rucci;Peysoh",2022-05-27,141528,39,true,,2023-12-20T10:16:31Z,"","Mackk & Company / EMPIRE",0.831,0.815,1,-5.399,1,0.0558,0.0745,0,0.137,0.282,103.981,4
spotify:track:3dVvWnj4D8JGkKvo6Hucso,"TROLLZ (with Nicki Minaj)","TROLLZ (with Nicki Minaj)","6ix9ine;Nicki Minaj",2020-06-12,202666,1,true,,2023-12-20T10:16:31Z,"","Create Music Group",0.744,0.422,1,-8.946,1,0.294,0.0319,0.00011,0.11,0.493,180.006,4
spotify:track:0E72UaOjGEOHJliDjq6Ivw,"Dennis Rodman (feat. Tyga)","Floor Seats II","A$AP Ferg;Tyga",2020-09-25,198306,0,true,,2023-12-20T10:16:31Z,"rap","A$AP Worldwide/Polo Grounds Music/RCA Records",0.741,0.537,1,-6.797,1,0.143,0.0358,0,0.146,0.233,80.454,4
spotify:track:4W8kRoExIlgYJLahiHY2No,"Keep Your Hands Off My Girl","Greatest Hits","Good Charlotte",2010-11-12,203946,37,false,,2023-12-20T10:15:54Z,"pop punk,punk,emo","Epic/Legacy",0.598,0.951,1,-3.7,1,0.138,0.0145,0,0.586,0.638,137.917,4
spotify:track:4Gy1tqXxQgSQisclVGulES,"GIRL","GIRL","Lil Rraz;Revelashin",2020-08-03,232000,0,false,,2023-12-20T10:15:54Z,"","HustleDaMoney Records",0.738,0.621,4,-8.133,0,0.0613,0.378,0.0000355,0.0954,0.516,144.97,4
spotify:track:66s45uMhk7Y4z0xUgESdm3,"Unwell - 2007 Remaster","Exile on Mainstream (International)","Matchbox Twenty",2007-09-29,237266,64,false,,2023-12-20T10:15:54Z,"post-grunge","Atlantic Records",0.442,0.793,9,-5.152,1,0.0347,0.0456,0,0.328,0.437,80.985,4
spotify:track:2BlQeuDpPFHyl1XdAv4257,"Hygiene Strip","Hygiene Strip","Dubstar",2020-08-27,248080,0,false,,2023-12-20T10:15:54Z,"britpop,alternative dance,madchester","Northern Writes",0.672,0.706,6,-7.713,1,0.0252,0.728,0.00139,0.219,0.367,106.495,4
spotify:track:4v5eSYCzr2U1c5wPySLnko,"Weekend","Weekend","Whoisbrandino",2020-08-14,198426,1,true,,2023-12-20T10:15:54Z,"","whoisbrandino",0.734,0.658,1,-6.761,1,0.0521,0.0265,0,0.0913,0.521,157.032,4
spotify:track:2takcwOaAZWiXQijPHIx7B,"Time is Running Out","Absolution","Muse",2004-03-23,237039,7,false,,2023-12-20T10:15:54Z,"alternative rock,rock","Warner Records",0.585,0.842,9,-5.883,0,0.0556,0.00242,0.00686,0.0866,0.428,118.211,4
spotify:track:6aNZwRbG9jiCmYH4aTNMU4,"For Life - Radio Edit","For Life (Radio Edit)","DJ crazyglow",2020-08-25,197100,0,false,,2023-12-20T10:15:54Z,"","DJ crazyglow Music",0.726,0.735,7,-5.935,1,0.0976,0.045,0.00097,0.0468,0.361,119.92,4
spotify:track:22VdIZQfgXJea34mQxlt81,"Can't Feel My Face","Beauty Behind The Madness","The Weeknd",2015-08-28,213520,88,false,,2023-12-20T10:15:54Z,"","The Weeknd/Lyric",0.705,0.769,9,-5.526,0,0.0425,0.113,0,0.105,0.583,107.949,4
spotify:track:3rpgjnmlDawK5bALCeHqqA,"Superspreader of Love","Superspreader of Love","Supermao",2020-08-18,215908,0,true,,2023-12-20T10:15:54Z,"","Channelbridge Recordings",0.538,0.62,4,-5.938,0,0.0422,0.00381,0,0.352,0.578,132.942,4
spotify:track:5ot8Az0ZXv9Li17dcEDCqz,"Times Change","Times Change","Difference",2020-07-03,202105,0,true,,2023-12-20T10:15:54Z,"","2217 Productions",0.723,0.618,10,-9.114,1,0.187,0.0172,0,0.0997,0.505,152.021,4
spotify:track:4SSnFejRGlZikf02HLewEF,"bury a friend","WHEN WE ALL FALL ASLEEP, WHERE DO WE GO?","Billie Eilish",2019-03-29,193143,77,false,,2023-12-20T10:15:54Z,"","Darkroom/Interscope Records",0.905,0.389,8,-14.505,1,0.332,0.74,0.162,0.106,0.196,120.046,4
spotify:track:31ru0WnbXmb3bskHXXDYq1,"Mystery Disease","MGMT","MGMT",2013-09-16,248640,35,false,,2023-12-20T10:15:54Z,"indie","Columbia",0.253,0.951,4,-4.047,1,0.0872,0.0002,0.346,0.35,0.382,144.112,5
spotify:track:28FJMlLUu9NHuwlZWFKDn7,"Unnatural Selection","The Resistance","Muse",2009-09-10,414960,59,false,,2023-12-20T10:15:54Z,"alternative rock,rock","Warner Records",0.327,0.918,7,-5.067,1,0.0623,0.000337,0.246,0.0679,0.107,161.088,4
spotify:track:2HWXlAYYHRSwAjWq63Ezm1,"City with No Children","The Suburbs (Deluxe)","Arcade Fire",2010-07-01,191600,42,false,,2023-12-20T10:15:54Z,"indie rock,baroque pop","Sony Music CG",0.514,0.685,6,-4.918,1,0.0329,0.152,0.528,0.101,0.642,128.204,4
spotify:track:3v0ylYF51SKkgAi4PrfKTq,"I'm So Sick","Flyleaf","Flyleaf",2005,176160,63,false,,2023-12-20T10:15:54Z,"christian rock,christian alternative rock,emo","Interscope Records*",0.431,0.959,10,-4.257,1,0.0853,0.00006,0.00000611,0.118,0.266,153.96,4
spotify:track:6aqNCrRA7vs7v6QvRpI50t,"Dancing On My Own","Body Talk","Robyn",2010-01-01,285853,84,false,,2023-12-20T10:15:54Z,"swedish pop","Universal-Island Records Ltd.",0.674,0.857,6,-5.328,1,0.0346,0.0557,0.196,0.0942,0.278,117.028,4
spotify:track:6ooluO7DiEhI1zmK94nRCM,"Take Me Out","Franz Ferdinand","Franz Ferdinand",2004,237026,9,false,,2023-12-20T10:15:54Z,"indie rock","Epic",0.278,0.676,9,-8.821,1,0.0371,0.000423,0.000899,0.136,0.494,104.545,4
spotify:track:4tCtwWceOPWzenK2HAIJSb,"Work from Home (feat. Ty Dolla $ign)","7/27 (Deluxe)","Fifth Harmony;Ty Dolla $ign",2016-05-27,214477,84,false,,2023-12-20T10:15:54Z,"trap soul","Syco Music/Epic",0.803,0.585,8,-5.861,1,0.0432,0.103,0.00000394,0.0644,0.593,105.017,4
spotify:track:6I9VzXrHxO9rA9A5euc8Ak,"Toxic","In The Zone","Britney Spears",2003-11-13,198800,91,false,,2023-12-20T10:15:54Z,"pop","Jive",0.774,0.838,5,-3.914,0,0.114,0.0249,0.025,0.242,0.924,143.04,4
spotify:track:1WJg8vRU9O799Sp9f77TDG,"Time To Get Ill","Licensed To Ill","Beastie Boys",1986-11-15,219573,48,false,,2023-12-20T10:15:54Z,"rap rock,old school hip hop,east coast hip hop,hip hop","Def Jam Recordings",0.874,0.608,6,-9.763,0,0.333,0.00136,0.0000203,0.331,0.392,97.806,4
spotify:track:0VgkVdmE4gld66l8iyGjgx,"Mask Off","FUTURE","Future",2017-06-30,204600,85,true,,2023-12-20T10:15:54Z,"rap,trap","Epic/Freebandz/A1",0.833,0.434,2,-8.795,1,0.431,0.0102,0.0219,0.165,0.281,150.062,4
spotify:track:2a2MbiJN2skOxohykOVcss,"Solitude Is Bliss","InnerSpeaker","Tame Impala",2010-05-21,235866,63,false,,2023-12-20T10:15:54Z,"neo-psychedelic,indie","Universal Music Australia Pty. Ltd.",0.588,0.849,4,-5.027,0,0.0596,0.00811,0.000161,0.131,0.629,104.012,4
spotify:track:4fPBB44eDH71YohayI4eKV,"You Only Live Once","First Impressions Of Earth","The Strokes",2006-01-03,189226,77,false,,2023-12-20T10:15:54Z,"garage rock,indie rock,alternative rock","RCA Records Label",0.63,0.908,11,-2.42,1,0.0326,0.0238,0.592,0.116,0.968,120.522,4
spotify:track:6kISMRfweKSvgHR0urMQFG,"We Are Never Ever Getting Back Together","Red (Deluxe Edition)","Taylor Swift",2012-10-22,193146,63,false,,2023-12-20T10:15:54Z,"","Taylor Swift",0.628,0.676,7,-5.911,1,0.0916,0.00957,0.0000265,0.121,0.75,85.984,4
spotify:track:4fRzunTZ51UC0oNwoVqiKB,"Nurse's Office","K-12","Melanie Martinez",2019-09-06,202723,69,false,,2023-12-20T10:15:54Z,"","Atlantic Records",0.612,0.651,2,-8.292,0,0.19,0.313,0,0.114,0.556,182.87,3
spotify:track:2bfRfAO1RNWcpNtWJv042o,"Some Die Young","Sjung","Laleh",2012-01-10,228066,59,false,,2023-12-20T10:15:54Z,"swedish pop","WM Sweden",0.631,0.678,5,-7.18,1,0.0273,0.122,0.0000706,0.204,0.279,98.477,4
spotify:track:1hZJcuz9iMoz6tLkFlIaUy,"Take My Breath Away","Take My Breath Away","Berlin",2007-01-01,264213,71,false,,2023-12-20T10:15:54Z,"","Cleopatra",0.578,0.477,1,-8.119,1,0.0228,0.448,0.00031,0.124,0.511,95.892,4
spotify:track:2dDJlopT6lNNuX9vsG3RtV,"Temperature","R&B Throwback","Sean Paul",2020-02-28,218573,0,false,,2023-12-20T10:15:54Z,"dancehall","Rhino",0.951,0.6,0,-4.675,0,0.0685,0.106,0,0.0712,0.822,125.04,4
spotify:track:7zxLkZbUxITHabPzGN8Xgc,"Sick Feeling","Soy Pablo","boy pablo",2018-10-05,155714,59,false,,2023-12-20T10:15:54Z,"bedroom pop","U OK?",0.415,0.504,9,-10.003,1,0.0318,0.022,0.00000384,0.363,0.401,165.86,4
spotify:track:1JyFfLj000cY275h9reTHP,"Burnin' Up","Pop It / Rock It","Jonas Brothers",2009-01-01,173986,0,false,,2023-12-20T10:15:54Z,"","Walt Disney Records",0.669,0.943,2,-4.125,1,0.073,0.0282,0,0.447,0.857,114.014,4
spotify:track:6zcewyuB1rZPbqvqidGXMQ,"Between Two Lungs","Lungs (Deluxe Version)","Florence + The Machine",2009,249240,50,false,,2023-12-20T10:15:54Z,"baroque pop","Universal-Island Records Ltd.",0.547,0.415,0,-6.429,1,0.0491,0.222,0.00000511,0.126,0.481,149.96,4
spotify:track:1KxcbEY0asYVMR043MjZWq,"My Boy Builds Coffins","Lungs (Deluxe Version)","Florence + The Machine",2009,176733,49,false,,2023-12-20T10:15:54Z,"baroque pop","Universal-Island Records Ltd.",0.615,0.721,5,-6.244,1,0.074,0.172,0,0.0847,0.188,122.042,4
spotify:track:6AEKlMzg2N1rCugdHVcdYQ,"Hoodrat","Hoodrat","Coyote",2020-03-13,130299,0,true,,2023-12-20T10:15:54Z,"","Entertainment One Music",0.815,0.557,1,-9.988,1,0.145,0.00435,0,0.0595,0.477,106.686,4
spotify:track:7bnj5peD5Rch5vUki69JTW,"bluer skies","bluer skies","Daniel Sid",2019-07-05,201271,0,false,,2023-12-20T10:15:54Z,"","Goose Infiniti",0.572,0.559,0,-6.61,1,0.0316,0.468,0.0000196,0.202,0.258,102.996,4
spotify:track:5veJDT0MLsLbhYsx42GXUD,"Don't Stand So Close To Me","Zenyatta Mondatta (Remastered 2003)","The Police",1980-10-03,242666,76,false,,2023-12-20T10:15:54Z,"","Polydor Records",0.799,0.506,2,-9.414,1,0.0606,0.0453,0.00107,0.0365,0.518,140.309,4
spotify:track:174rZBKJAqD10VBnOjlQQ3,"How Do I Breathe","Go","Mario",2007-12-11,216893,75,false,,2023-12-20T10:15:54Z,"r&b","J Records/Legacy",0.684,0.455,5,-8.216,1,0.0307,0.215,0.00000108,0.263,0.487,97.956,4
spotify:track:1m0awO8pBZYlEotnHnz7qX,"Goodbye, for Now","Goodbye, for Now","Adam Casanova",2020-07-01,216704,1,true,,2023-12-20T10:15:54Z,"","Adam Casanova",0.527,0.761,4,-6.509,1,0.0353,0.0829,0,0.155,0.459,145.029,4
spotify:track:4Zfq7r0v4FKeoxwhyLYSyb,"Evacuate the Dancefloor","Back On the Dancefloor","Cascada",2012-04-27,205884,55,false,,2023-12-20T10:15:54Z,"europop,eurodance,nightcore","Zoo Digital",0.76,0.696,0,-5.811,1,0.0491,0.0195,0,0.278,0.903,127.029,4
spotify:track:3AnsYRUEZUuzLv8XQq3u4H,"SEE THROUGH","IDIOT GRL","ari hicks",2020-08-14,176272,0,true,,2023-12-20T10:15:54Z,"","ARI",0.539,0.551,2,-7.611,0,0.0307,0.0645,0.000323,0.262,0.415,95.448,4
spotify:track:2Qrq9PVxcEzOhjaLDmVZmN,"Come Thru","Come Thru","Bangers Only;gavn!",2020-03-13,145319,20,true,,2023-12-20T10:15:54Z,"christian folk","Bangers Only",0.78,0.431,1,-7.43,1,0.0418,0.0846,0.000168,0.112,0.254,114.016,4
spotify:track:3dhjNA0jGA8vHBQ1VdD6vV,"I Feel It Coming","Starboy","The Weeknd;Daft Punk",2016-11-25,269186,83,false,,2023-12-20T10:15:54Z,"french house,electronic,electro","The Weeknd/Lyric",0.773,0.819,0,-5.946,0,0.118,0.428,0,0.0679,0.585,92.987,4
spotify:track:4EchqUKQ3qAQuRNKmeIpnf,"The Kids Aren't Alright","Americana","The Offspring",1998-11-16,180160,88,false,,2023-12-20T10:15:54Z,"punk,skate punk","Concord Records",0.523,0.943,1,-4.203,1,0.0337,0.00704,0.0000381,0.0579,0.766,99.607,4
spotify:track:70GnEP7xUmdJFO3PCWWUNR,"Simpler Places","We'll Be Just Fine","Burn the Louvre",2017-07-28,192253,1,false,,2023-12-20T10:15:54Z,"","Broken Glass Records",0.539,0.772,0,-4.761,1,0.0353,0.000782,0,0.0481,0.599,125.079,4
spotify:track:6LnrC0d1TXcRL6tYs8c2sS,"Tired","Tired","Nick Vig",2019-01-15,183229,30,true,,2023-12-20T10:15:54Z,"","Nick Vig",0.671,0.693,4,-7.163,0,0.316,0.764,0,0.12,0.516,97.115,4
spotify:track:5131e64A4Ez0j4FhO9WXlD,"Underneath the Mask","Underneath the Mask","Royal & the Serpent",2019-10-16,168000,0,false,,2023-12-20T10:15:54Z,"","Seeking Blue",0.601,0.508,7,-7.002,0,0.0533,0.199,0.00311,0.217,0.175,149.906,4
spotify:track:2q4rjDy9WhaN3o9MvDbO21,"Kiss Me Thru The Phone","iSouljaBoyTellem","Soulja Boy;Sammie",2008-01-01,193386,86,false,,2023-12-20T10:15:54Z,"","Collipark / Interscope",0.758,0.712,7,-3.781,1,0.112,0.0188,0,0.0677,0.794,150.001,4
spotify:track:3pIYV8ajPqkgTABRR54rWP,"Fever","EMOTION SIDE B","Carly Rae Jepsen",2016-07-15,184986,42,false,,2023-12-20T10:15:54Z,"","Silent Records IGA",0.786,0.729,0,-5.931,1,0.0536,0.00774,0.0000145,0.0704,0.479,112.96,4
spotify:track:3MO9JCG4Vcqpycq81ViwOJ,"You Touch Me, I Touch You Back","The Drama","Cailin Russo",2020-02-14,216485,0,false,,2023-12-20T10:15:54Z,"","Access Records",0.625,0.899,10,-5.967,0,0.0641,0.0091,0.000556,0.0844,0.371,109.966,4
spotify:track:5OQGeJ1ceykovrykZsGhqL,"Breathless","In Blue","The Corrs",2000-07-17,207506,78,false,,2023-12-20T10:15:54Z,"celtic rock","Atlantic Records",0.607,0.82,11,-7.754,1,0.0597,0.0541,0.000068,0.269,0.768,126.988,4
spotify:track:3CJvmtWw2bJsudbAC5uCQk,"Hands To Myself","Revival (Deluxe)","Selena Gomez",2015-10-09,200680,73,false,,2023-12-20T10:15:54Z,"","Selena Gomez PS",0.811,0.507,5,-7.161,0,0.117,0.0146,0.00000214,0.342,0.438,111.016,4
spotify:track:2NxIIb2OZ1DSbfWAH0W47B,"Cough Syrup - Alternate Radio Edit","Cough Syrup","Young the Giant",2011-08-19,234345,33,false,,2023-12-20T10:15:54Z,"","Roadrunner Records",0.537,0.719,11,-7.243,0,0.0449,0.0158,0.000171,0.105,0.237,128.962,3
spotify:track:1kxeWHF9PrCVZHvVskv8lg,"Love Lockdown","808s & Heartbreak","Kanye West",2008-11-24,270306,70,false,,2023-12-20T10:15:54Z,"rap","Roc-A-Fella",0.76,0.524,1,-7.67,0,0.0323,0.0542,0.5,0.112,0.112,119.603,4
spotify:track:4nK5YrxbMGZstTLbvj6Gxw,"Supalonely","STELLA & STEVE","BENEE;Gus Dapperton",2019-11-15,223480,71,true,,2023-12-20T10:15:54Z,"bedroom pop","Republic Records",0.863,0.63,7,-4.688,1,0.0537,0.304,0.0000304,0.123,0.816,128.977,4
spotify:track:1RLnJ3adqTNozrqubTikv9,"Coronavirus Pandemic (Spreading The Disease)","Coronavirus Pandemic (Spreading The Disease)","Necro",2020-05-22,214732,10,true,,2023-12-20T10:15:54Z,"horrorcore,hardcore hip hop,underground hip hop","Psycho+Logical-Records",0.602,0.789,10,-4.086,0,0.28,0.0162,0.00000321,0.0853,0.324,189.459,4
spotify:track:49A10weBfgwg4TUM3My7iv,"We Might Be Dead By Tomorrow","I Thought I Was An Alien","Soko",2012,161413,54,false,,2023-12-20T10:15:54Z,"french indie pop","Babycat Records",0.391,0.152,7,-16.558,1,0.0391,0.966,0.00197,0.119,0.0974,143.508,4
spotify:track:1DhRbox3xkceP64k3JeYfW,"Antisocial (with Travis Scott)","No.6 Collaborations Project","Ed Sheeran;Travis Scott",2019-07-12,161746,63,false,,2023-12-20T10:15:54Z,"soft pop,rap","Atlantic Records UK",0.716,0.823,5,-5.313,0,0.0495,0.132,0,0.361,0.91,151.957,4
spotify:track:7u6DMPznGbpziuEgCE0JGQ,"get well soon","Sweetener","Ariana Grande",2018-08-17,322026,66,true,,2023-12-20T10:15:54Z,"pop","Republic Records",0.604,0.449,9,-6.564,0,0.0353,0.657,0,0.0932,0.528,100.355,4
spotify:track:2xLMifQCjDGFmkHkpNLD9h,"SICKO MODE","ASTROWORLD","Travis Scott",2018-08-03,312820,88,true,,2023-12-20T10:15:54Z,"rap","Cactus Jack / Epic",0.834,0.73,8,-3.714,1,0.222,0.00513,0,0.124,0.446,155.008,4
spotify:track:7krsQzgJnMejMQ7JZHbJjC,"Who Dat","Who Dat","G Rhodz;Wakai Taft",2020-06-19,173218,3,true,,2023-12-20T10:15:54Z,"","Cloud9 Entertainmentt",0.723,0.519,1,-8.835,1,0.363,0.0156,0,0.428,0.128,82.071,4
spotify:track:70ATm56tH7OrQ1zurYssz0,"I Need A Doctor","I Need A Doctor","Dr. Dre;Eminem;Skylar Grey",2011-02-01,283733,73,true,,2023-12-20T10:15:54Z,"old school hip hop,g-funk,gangster rap,west coast hip hop,hip hop,rap","Aftermath",0.594,0.946,3,-4.521,1,0.452,0.0869,0,0.306,0.397,155.826,4
spotify:track:5ICkUUf6jaNhYkPaMUJ5vC,"Party the Pain Away","Party the Pain Away","The American Love Story",2018-12-09,212800,0,false,,2023-12-20T10:15:54Z,"","Only In Us Records LLC",0.537,0.843,2,-5.529,1,0.0564,0.00227,0,0.188,0.494,149.916,4
spotify:track:1qDrWA6lyx8cLECdZE7TV7,"Somebody That I Used To Know","Making Mirrors","Gotye;Kimbra",2011-01-01,244884,87,false,,2023-12-20T10:15:54Z,"","Universal-Island Records Ltd.",0.865,0.521,0,-6.932,1,0.0371,0.548,0.000115,0.0989,0.748,129.059,4
spotify:track:4vqHz44pzFSfDNIE20QRBu,"Catch My Disease","Awake Is the New Sleep","Ben Lee",2005-02-22,254106,2,false,,2023-12-20T10:15:54Z,"","New West Records",0.756,0.73,11,-5.292,1,0.032,0.0224,0.0000124,0.139,0.917,115.977,4
spotify:track:3B7MWI6JyMhb5amLhkDlqn,"Covid","Covid","Penny;OneWayNick",2020-06-07,213333,0,true,,2023-12-20T10:15:54Z,"soca","MSML Music Group",0.562,0.679,8,-6.095,1,0.328,0.585,0,0.272,0.291,79.669,4
spotify:track:47tVRotmsKNeNqO7xU5og2,"You Sound Like You're Sick - 2002 Remaster","Pleasant Dreams (Expanded 2005 Remaster)","Ramones",1981-07-20,161266,36,false,,2023-12-20T10:15:54Z,"punk,proto-punk","Rhino/Warner Records",0.334,0.925,1,-4.973,1,0.046,0.00767,0.00000278,0.253,0.756,206.955,4
spotify:track:6xZ4Q2k2ompmDppyeESIY8,"Level of Concern","Level of Concern","Twenty One Pilots",2020-04-09,220051,67,false,,2023-12-20T10:15:54Z,"","Fueled By Ramen",0.754,0.583,4,-7.34,0,0.0432,0.32,0.00015,0.144,0.77,122.012,4
spotify:track:2i3WO0WkrlnrA1I4GdUmxh,"I Believe I'm Fine","Uncovered","Robin Schulz;HUGEL",2017-09-29,227720,49,false,,2023-12-20T10:15:54Z,"tropical house,latin house,afro house,techengue,house","WM Germany",0.711,0.747,10,-6.165,0,0.061,0.271,0,0.328,0.572,100.01,4
spotify:track:1B75hgRqe7A4fwee3g3Wmu,"U Can't Touch This","Please Hammer Don't Hurt 'Em","MC Hammer",1990-02-20,257359,79,false,,2023-12-20T10:15:54Z,"","EMI/EMI Records (USA)",0.867,0.517,11,-13.22,0,0.088,0.00449,0.000343,0.0864,0.862,133.149,4
spotify:track:6pKiGuwxjeRgcwEGPQOP7e,"Hour Glass","Hour Glass","Cashy Dior",2020-02-20,187141,15,false,,2023-12-20T10:15:54Z,"","Joey Melrose Mgmt",0.697,0.692,8,-9.47,1,0.091,0.175,0,0.142,0.5,164.913,4
spotify:track:75dkkhZ2ojqaBQhiysFFXV,"Give It to Me","Give It to Me","R-Cue;Melissa Kate",2020-03-04,203520,3,false,,2023-12-20T10:15:54Z,"","R-CUE",0.787,0.485,0,-10.158,1,0.134,0.0125,0.00141,0.0871,0.774,109.972,4
spotify:track:6I5cQVYvoc5dqpyYvYHpSw,"Cough Cough","Arc (Deluxe)","Everything Everything",2013-01-14,222386,40,false,,2023-12-20T10:15:54Z,"","RCA Records Label",0.566,0.869,11,-5.532,0,0.0479,0.0588,0.0000269,0.217,0.729,127.011,4
spotify:track:2lH8hMXxuIcjpbIok9KbUj,"Breathe No More - B-Side Version","Lost Whispers","Evanescence",2016-01-01,228809,50,false,,2023-12-20T10:15:54Z,"alternative metal","The Bicycle Music Company",0.62,0.186,11,-8.527,0,0.0284,0.971,0.00000147,0.117,0.219,96.992,4
spotify:track:5vdp5UmvTsnMEMESIF2Ym7,"Another One Bites The Dust - Remastered 2011","The Game (2011 Remaster)","Queen",1980-06-27,214653,62,false,,2023-12-20T10:15:54Z,"classic rock,rock,glam rock","EMI",0.933,0.528,5,-6.472,0,0.161,0.112,0.312,0.163,0.754,109.967,4
spotify:track:2lE7oRoKssULAtbWViL385,"Hand in My Pocket - 2015 Remaster","Jagged Little Pill (2015 Remaster)","Alanis Morissette",1995,222013,77,false,,2023-12-20T10:15:54Z,"","Rhino/Maverick Records",0.657,0.655,0,-8.3,1,0.0248,0.135,0.00303,0.102,0.668,92.259,4
spotify:track:13tRiDzE5qxoUGhmuUcmRR,"Emergency Room - Remix","Emergency Room (Remix)","Stephycube;ZIONN",2020-06-26,163846,0,false,,2023-12-20T10:15:54Z,"","Stephycube",0.678,0.729,3,-6.476,0,0.0486,0.167,0.00000176,0.135,0.587,104.006,4
spotify:track:4P04T22VRDMfG7Yk0SMMxP,"Cabin Fever","Cabin Fever","Jaden",2020-07-23,195535,43,false,,2023-12-20T10:15:54Z,"","MSFTSMusic / Roc Nation Records, LLC",0.729,0.874,2,-5.585,1,0.0324,0.134,0.00011,0.198,0.917,123.001,4
spotify:track:3AA8xNhDC0MpqwkGX3EP5V,"If I Ever Feel Better","United","Phoenix",2000-03-06,266600,70,false,,2023-12-20T10:15:54Z,"indie","Parlophone (France)",0.755,0.553,6,-9.449,0,0.107,0.0492,0.00607,0.0646,0.836,119.7,4
spotify:track:441GgNxTmxAguKNmtklH9r,"Not out for the Summer","Not out for the Summer","BOY CHAD",2020-04-03,220150,10,true,,2023-12-20T10:15:54Z,"","World Germ",0.651,0.901,2,-4.64,1,0.114,0.262,0,0.182,0.543,133.132,4
spotify:track:3zmduBNsQ6BPDTZAkXzG5K,"Can't Be Touched","Body Head Bangerz, Vol. 1","Body Head Bangerz;Roy Jones Jr.;Mr Magic;Trouble",2004-10-26,214400,78,true,,2023-12-20T10:15:54Z,"","Body Head Entertainment Films, LLC",0.642,0.777,4,-4.809,0,0.094,0.00323,0,0.227,0.413,96.986,4
spotify:track:4Ouhoi2lAhrLJKFzUqEzwl,"Born To Die","Born To Die - The Paradise Edition","Lana Del Rey",2012-01-01,285400,82,false,,2023-12-20T10:15:54Z,"","Polydor Records",0.428,0.626,4,-6.639,0,0.0339,0.222,0.0000822,0.277,0.379,86.02,4
spotify:track:1JSTJqkT5qHq8MDJnJbRE1,"Every Breath You Take","Synchronicity (Remastered 2003)","The Police",1983-06-17,253920,96,false,,2023-12-20T10:15:54Z,"","Polydor Records",0.82,0.452,1,-9.796,1,0.0348,0.543,0.00294,0.0714,0.74,117.401,4
spotify:track:3p02ss31ywBaZcqh7Vq9sx,"Time To Say Goodbye","Diva: The Singles Collection","Sarah Brightman;Andrea Bocelli",2006-01-01,246480,0,false,,2023-12-20T10:15:54Z,"classical crossover,opera,musicals","Angel Records",0.248,0.439,7,-6.745,1,0.0316,0.907,0.00187,0.101,0.435,105.406,4
spotify:track:4qUtC2BwFC154Ha8YQRrkk,"How to disappear","Norman Fucking Rockwell!","Lana Del Rey",2019-08-30,228071,77,false,,2023-12-20T10:15:54Z,"","Polydor Records",0.538,0.304,9,-11.79,1,0.0352,0.613,0.000631,0.164,0.065,78.997,3
spotify:track:7EQGXaVSyEDsCWKmUcfpLk,"Die Young","Warrior (Expanded Edition)","Kesha",2012-11-30,211920,86,false,,2023-12-20T10:15:54Z,"","Kemosabe Records/RCA Records",0.711,0.7,1,-4.805,0,0.046,0.00498,0.000125,0.215,0.801,128.001,4
spotify:track:3EXoXwJg7YCKBG0GZbJFqB,"No Air (feat. Chris Brown)","No Air Duet With Chris Brown (Deluxe Single)","Jordin Sparks;Chris Brown",2008-03-04,264546,47,false,,2023-12-20T10:15:54Z,"r&b","Jive",0.461,0.757,11,-5.01,1,0.212,0.0494,0,0.0603,0.333,159.997,4
spotify:track:3ZffCQKLFLUvYM59XKLbVm,"Wake Me up When September Ends","American Idiot","Green Day",2004-09-21,285653,83,false,,2023-12-20T10:15:54Z,"punk,pop punk","Reprise",0.546,0.814,7,-5.146,1,0.0314,0.023,0,0.0972,0.146,104.98,4
spotify:track:6Knv6wdA0luoMUuuoYi2i1,"My House","My House","Flo Rida",2015-04-07,192190,84,false,,2023-12-20T10:15:54Z,"","Poe Boy/Atlantic",0.688,0.702,7,-4.792,0,0.0499,0.0215,0,0.128,0.74,94.006,4
spotify:track:69oAflKTaF6WOhvRe3y4qW,"The Kids Don't Stand A Chance","Vampire Weekend","Vampire Weekend",2008-01-27,243000,0,false,,2023-12-20T10:15:54Z,"indie,baroque pop","XL Recordings",0.659,0.463,0,-6.251,1,0.0365,0.291,0.568,0.175,0.881,140.01,4
spotify:track:0JE1lKW29QCMTBsUgJcrtp,"Knock Knock","Deuce's Uncle","Desean",2020-08-21,166956,0,true,,2023-12-20T10:15:54Z,"","031035",0.769,0.544,1,-9.233,0,0.394,0.273,0,0.12,0.288,160.921,4
spotify:track:5JHNg1hxZFT7TDEphhM4wj,"Waiting for the End","A Thousand Suns","Linkin Park",2010-09-08,231680,75,false,,2023-12-20T10:15:54Z,"nu metal,rap metal,rock,alternative metal","Warner Records",0.487,0.961,4,-4.139,1,0.132,0.0415,0.00000115,0.553,0.323,170.005,4
spotify:track:71staqCBFArNBB1O7Sw3J8,"Bad Dream","Bad Dream","Jutes",2020-08-13,145400,38,true,,2023-12-20T10:15:54Z,"","Capitol Records",0.77,0.648,9,-5.675,1,0.0323,0.251,0.0000043,0.132,0.417,99.988,4
spotify:track:4V9JDRqKjN8F2HWdlEDxvI,"Harder To Breathe","Songs About Jane: 10th Anniversary Edition","Maroon 5",2002,173693,73,true,,2023-12-20T10:15:54Z,"pop","Interscope Records*",0.662,0.908,1,-4.764,0,0.0449,0.0506,0,0.0508,0.967,149.941,4
spotify:track:2CBhu2y2tqaxxqKfg7gbsQ,"Bad Disease","The Archer","Alexandra Savior",2020-01-10,226938,0,false,,2023-12-20T10:15:54Z,"","30th Century Records",0.497,0.618,0,-7.304,0,0.0345,0.15,0.367,0.252,0.367,123.853,4
spotify:track:1icygp76kVbs429RikF0jJ,"You Make Me Sick - Radio Mix","Can't Take Me Home (Expanded Edition)","P!nk",2000-04-04,247533,54,false,,2023-12-20T10:15:54Z,"","Arista/LaFace Records",0.773,0.686,11,-6.596,0,0.163,0.00224,0.00000206,0.347,0.661,100.542,4
spotify:track:7kAYyzVhWr3nSqAC7CUOWK,"Catch My Breath","Catch My Breath","Kelly Clarkson",2012-10-15,251506,59,false,,2023-12-20T10:15:54Z,"christmas","RCA Records Label",0.691,0.946,9,-3.221,1,0.0678,0.0259,0,0.0897,0.517,124.021,4
spotify:track:6L7Ba0I4v3XyzqWqBXK92u,"Collapsible Lung","Collapsible Lung","Relient K",2013-07-02,200851,0,false,,2023-12-20T10:15:54Z,"christian rock,christian alternative rock,pop punk","Mono Vs Stereo",0.707,0.557,2,-8.124,1,0.0432,0.0256,0,0.22,0.261,108.017,4
spotify:track:5Av9YbiI3ucgdgRUFRuINh,"Self Isolation","Self Isolation","Mahdi Chishty",2020-04-28,144450,0,false,,2023-12-20T10:15:54Z,"lo-fi,lo-fi beats","Mahdi Chishty",0.71,0.682,10,-5.505,0,0.0502,0.0368,0.00285,0.132,0.334,160.076,4
spotify:track:2oSpQ7QtIKTNFfA08Cy0ku,"It's The End Of The World As We Know It (And I Feel Fine)","Document (R.E.M. No. 5)","R.E.M.",1987-09-01,246933,73,false,,2023-12-20T10:15:54Z,"jangle pop,alternative rock,rock","IRS",0.381,0.894,7,-8.638,1,0.037,0.0258,0,0.0251,0.797,205.528,4
spotify:track:6brl7bwOHmGFkNw3MBqssT,"So Sick","In My Own Words","Ne-Yo",2006-01-01,207186,86,false,,2023-12-20T10:15:54Z,"","Def Soul",0.452,0.574,6,-8.336,1,0.311,0.245,0,0.189,0.578,92.795,4
spotify:track:3tP4qCZpABzHNFqadGLcu6,"Crabs","Crabs","Jae Mansa;Cuban Doll",2020-07-10,260287,8,true,,2023-12-20T10:15:54Z,"","EOARN ENTERTAINMENT INC",0.864,0.75,4,-3.983,1,0.167,0.225,0,0.385,0.58,121.987,4
spotify:track:0x4GSz5C4XZDkNhFswGboC,"I WILL SURVIVE","New In Town","Gloria Gaynor",2010-07-27,197412,1,false,,2023-12-20T10:15:54Z,"disco","Sall Entertainment Group Inc. \ Fontana North",0.772,0.794,9,-9.208,0,0.0632,0.126,0.000547,0.322,0.638,116.959,4
spotify:track:4UDmDIqJIbrW0hMBQMFOsM,"Stayin' Alive","Staying Alive (Original Motion Picture Soundtrack)","Bee Gees",1977-12-13,92866,78,false,,2023-12-20T10:15:54Z,"disco","Bee Gees Catalog",0.707,0.535,10,-19.793,0,0.0436,0.113,0.00615,0.0884,0.641,103.644,4
spotify:track:0snQkGI5qnAmohLE7jTsTn,"Toxicity","Toxicity","System Of A Down",2001-09-04,218933,89,false,,2023-12-20T10:15:54Z,"nu metal,metal,alternative metal,rap metal,rock","American/Columbia",0.413,0.873,8,-4.151,1,0.0536,0.000264,0.00249,0.204,0.48,116.68,3
spotify:track:0xMbfVm5z0Q1VdnYvox460,"Contagious","The Best Damn Thing (Expanded Edition)","Avril Lavigne",2007-04-17,129065,50,false,,2023-12-20T10:15:54Z,"","RCA Records Label",0.445,0.905,1,-3.537,1,0.0462,0.000417,0,0.324,0.447,157.956,4
spotify:track:1NHwvBmrUje4L1dxfWnXCH,"Put Your Hands Where My Eyes Could See (feat. Jamal)","When Disaster Strikes...","Busta Rhymes;Jamal",1997,194293,67,true,,2023-12-20T10:15:54Z,"east coast hip hop,old school hip hop,hip hop,disco polo","Rhino/Elektra",0.906,0.623,1,-6.711,0,0.303,0.00864,0.00000419,0.0753,0.715,99.498,4
spotify:track:00BHe2yBtdOzhKPmI7rpTE,"Locked Up","Trouble","Akon",2004-01-01,235066,0,true,,2023-12-20T10:15:54Z,"","SRC Records",0.818,0.579,7,-4.475,1,0.101,0.023,0,0.107,0.354,89.987,4
spotify:track:5c9ItJuD8wnUrWsudy6Zfx,"Rather Die Young","4","Beyoncé",2011,222480,35,false,,2023-12-20T10:15:54Z,"","Parkwood Entertainment/Columbia",0.628,0.665,4,-6.626,1,0.112,0.158,0.00278,0.177,0.447,72.032,4
spotify:track:4S4Mfvv03M1cHgIOJcbUCL,"In My Room","In My Room","Frank Ocean",2019-11-02,133680,73,true,,2023-12-20T10:15:54Z,"","Blonded",0.861,0.647,7,-7.425,1,0.0675,0.594,0.661,0.114,0.67,158.037,4
spotify:track:3melbW9uwSDAuwMyMW4dSm,"Quarantinis","Quarantinis","Michael Hammers",2020-05-01,193588,9,true,,2023-12-20T10:15:54Z,"","Tool Tone",0.791,0.506,0,-9.739,1,0.0565,0.248,0.0000358,0.28,0.59,99.994,4
spotify:track:70V0XlixeMi4nfy4885qS0,"Legends","Legends","Fraser",2020-08-28,217391,0,true,,2023-12-20T10:15:54Z,"","Mettamossi",0.698,0.54,9,-8.689,1,0.0603,0.42,0,0.092,0.438,81.715,4
spotify:track:6K4t31amVTZDgR3sKmwUJJ,"The Less I Know The Better","Currents","Tame Impala",2015-07-17,216320,93,true,,2023-12-20T10:15:54Z,"neo-psychedelic,indie","Universal Music Australia Pty. Ltd.",0.64,0.74,4,-4.083,1,0.0284,0.0115,0.00678,0.167,0.785,116.879,4
spotify:track:7yPmwtsoVzirhagDJTkdJU,"Lowest Moment","Lowest Moment","DECAP;Cole Lumpkin",2020-08-21,210401,6,false,,2023-12-20T10:15:54Z,"","That Knock",0.684,0.567,4,-5.851,0,0.0419,0.00857,0.000304,0.201,0.445,87.02,4
spotify:track:5eYUop8tCdGoGBn4U66uNa,"Dead Body Disposal","Gory Days","Necro",2001,343400,37,true,,2023-12-20T10:15:54Z,"horrorcore,hardcore hip hop,underground hip hop","Psycho+Logical-Records",0.786,0.941,3,-4.882,0,0.26,0.434,0,0.159,0.793,94.048,4
spotify:track:3td69vL9Py7Ai9wfXYnvji,"When You Die","Little Dark Age","MGMT",2018-02-09,263880,67,true,,2023-12-20T10:15:54Z,"indie","Columbia",0.645,0.938,11,-4.557,0,0.0391,0.0946,0.0226,0.159,0.495,140.886,4
spotify:track:4GbO5kxCRLRZGiOeYmR8vb,"No Hooks","No Hooks","KHOUBA",2020-08-20,148000,0,true,,2023-12-20T10:15:54Z,"","CDA RECORDS",0.888,0.704,5,-5.149,1,0.106,0.214,0,0.0663,0.81,111.983,4
spotify:track:1qowUCis8gYY9KOMuy8fCi,"Made In China","Made In China","Higher Brothers;DJ Snake",2018-04-13,171733,41,false,,2023-12-20T10:15:54Z,"chinese hip hop,chinese r&b","DJ Snake Music/Geffen Records",0.79,0.779,1,-2.642,1,0.0416,0.00397,0.000155,0.159,0.228,150.115,4
spotify:track:7mrT2oUMD6iR2GkMRlwVWF,"I'm Not Great (Valencia Sessions)","I'm Not Great (Valencia Sessions)","yams",2018-08-04,274662,0,true,,2023-12-20T10:15:54Z,"","855769 Records DK",0.663,0.271,7,-12.905,1,0.0524,0.682,0,0.089,0.497,75.075,4
spotify:track:2k2Nwz0FLUIKl7UyavRhjx,"Caught a Lite Sneeze - 2016 Remaster","Boys for Pele (Deluxe Edition)","Tori Amos",1996-01-22,265213,50,false,,2023-12-20T10:15:54Z,"singer-songwriter,art pop","Rhino Atlantic",0.6,0.772,5,-8.483,0,0.0444,0.37,0.00000446,0.0641,0.921,79.059,4
spotify:track:1EzrEOXmMH3G43AXT1y7pA,"I'm Yours","We Sing. We Dance. We Steal Things.","Jason Mraz",2008-05-01,242946,88,false,,2023-12-20T10:15:32Z,"soft pop,acoustic pop","Atlantic Records/ATG",0.703,0.444,11,-9.331,1,0.0417,0.559,0,0.0973,0.712,150.96,4
spotify:track:2JDFgbqoNnG9MxvexrAgiM,"Milotic","Turbo City","Sabrepulse",2008-01-07,167926,9,false,,2023-12-20T10:15:32Z,"","Sabrepulse",0.42,0.952,9,-7.179,0,0.0618,0.0157,0.95,0.144,0.414,139.944,4
spotify:track:5AoVk3bNVuRPxSOu3JxfFq,"The Seven Seas","The Blossom Chronicles","Philter",2012-10-19,234853,0,false,,2023-12-20T10:15:32Z,"chillstep","Nordic Records",0.59,0.452,7,-11.023,1,0.0318,0.00753,0.271,0.112,0.0518,125.029,4
spotify:track:3VROtyBrosJS4buVtTrwBX,"Tetrabyte","Not Even Once","Approaching Nirvana",2013-07-19,257343,17,false,,2023-12-20T10:15:32Z,"","Approaching Nirvana",0.701,0.777,8,-6.096,1,0.0384,0.000438,0.857,0.0683,0.313,128.002,4
spotify:track:5ZSFRrahBRUZGmpdNPLYNl,"Prow'd ( Aquatic Ruin vs Ice Cap Zone )","Spindash","GameChops",2015-01-20,283637,0,false,,2023-12-20T10:15:32Z,"lo-fi","GameChops",0.528,0.818,0,-7.584,0,0.0429,0.0015,0.256,0.102,0.0889,95.022,4
spotify:track:4OeetPp38Xyd7si6nHLXeA,"Green Hill Step ( Green Hill Zone )","Spindash","GameChops",2015-01-20,286499,0,false,,2023-12-20T10:15:32Z,"lo-fi","GameChops",0.527,0.443,0,-8.4,1,0.0492,0.0111,0.171,0.0345,0.328,75.186,4
spotify:track:3Muk26JzUS4mcHY2k3ciIa,"The Hero","The Hero","Nostalgia",2011-05-16,224000,30,false,,2023-12-20T10:15:32Z,"dubstep,chillstep,drumstep","Play Me Too Records",0.16,0.901,6,-5.194,0,0.0433,0.00158,0.872,0.31,0.469,139.984,4
spotify:track:4QuN1rOHGPMt0XTSVjJ5Yo,"Go (feat. Mai Lan) - 8-Bit Version","Go! (feat. Mai Lan) [Remixes]","M83;MAI LAN",2017-02-02,247806,10,false,,2023-12-20T10:15:32Z,"ballroom vogue","Mute",0.547,0.821,7,-7.575,0,0.0431,0.0455,0.00545,0.0986,0.188,90.991,4
spotify:track:0nFVzh0z6TfWSBH2z8jqgW,"Cold Skin - INTERCOM Remix","Cold Skin (The Remixes)","Seven Lions;Echos;INTERCOM",2017-06-13,288024,22,false,,2023-12-20T10:15:32Z,"melodic bass,future bass,edm,chillstep,dubstep,progressive trance","Monstercat",0.42,0.641,7,-5.11,0,0.0474,0.0194,0.00012,0.166,0.141,75.229,4
spotify:track:5TCbASEsU1v0ildQ9VHz5H,"Return of the ninja","Lost Tapes 1","zabutom",2014-02-18,265116,17,false,,2023-12-20T10:15:32Z,"","Data Airlines",0.461,0.847,11,-11.149,1,0.0556,0.00042,0.901,0.33,0.137,93.749,4
spotify:track:7jiDRAFKzx8ctODouuUbzk,"Cider Time","Fastfall - Dustforce Original Soundtrack","Lifeformed",2012-01-24,179200,0,false,,2023-12-20T10:15:32Z,"","Lifeformed",0.431,0.865,9,-9.39,0,0.0355,0.00786,0.852,0.158,0.559,75.005,4
spotify:track:2iTZXwrA5mIYE6ivqNmDFa,"Video Girl","Digital Disconnect","Slime Girls",2014-12-08,269959,5,false,,2023-12-20T10:15:32Z,"","Cherry Sauce Co.",0.369,0.968,2,-5.204,1,0.154,0.00774,0.00000111,0.429,0.22,114.054,4
spotify:track:0SizeeO3tQzwgOewbxx60E,"Tiltin Ova","Robot Ramification","Naive Machine",2011-09-05,240000,2,false,,2023-12-20T10:15:32Z,"future bass","Hit And Hope Records",0.718,0.537,8,-7.715,1,0.221,0.000482,0.197,0.16,0.535,140.07,4
spotify:track:4bwa0QQbgOEWBDdA4vKDon,"Born Survivor","Back Tracking","Shirobon",2013-08-27,302950,0,false,,2023-12-20T10:15:32Z,"","Shirobon Recordings",0.738,0.682,7,-6.379,0,0.0554,0.0116,0.0462,0.101,0.342,122.048,4
spotify:track:6se6X5H1KNmfnLlom6iE6r,"Betus Blues (Ch 2 Light World)","Super Meat Boy! - Official Special Edition Soundtrack","Danny Baranowsky",2011-11-25,192000,20,false,,2023-12-20T10:15:32Z,"soundtrack","Danny Baranowsky",0.537,0.878,10,-6.173,0,0.0338,0.00831,0.952,0.621,0.656,129.999,4
spotify:track:106olFxKGmOf6ElM521hRd,"No More Fear - Original Mix","Ethereality","Arkasia",2015-05-04,398214,14,false,,2023-12-20T10:15:32Z,"chillstep,dubstep,drumstep","Heavy Artillery Recordings",0.287,0.784,1,-6.536,0,0.0593,0.00728,0.957,0.13,0.0768,136.769,4
spotify:track:6nwmh9ktmSn15yFP7tYe1B,"Stardust - Original Mix","Ethereality","Arkasia",2015-05-04,483462,13,false,,2023-12-20T10:15:32Z,"chillstep,dubstep,drumstep","Heavy Artillery Recordings",0.221,0.664,9,-7.857,0,0.0504,0.225,0.871,0.11,0.0392,126.685,4
spotify:track:4Q4K8fikwOmZYmz82Wco4w,"Pass Out","Disc-Overy","Tinie Tempah",2010-06-04,268053,51,true,,2023-12-20T10:15:32Z,"grime","Parlophone UK",0.693,0.891,1,-3.261,1,0.296,0.0281,0,0.143,0.532,91.1,4
spotify:track:6evO7vmF5fUacSrDEaom6s,"Miku - NES Version","S/S17","Anamanaguchi;Hatsune Miku",2017-03-24,231328,0,false,,2023-12-20T10:15:32Z,"vocaloid","NHX",0.579,0.944,1,-6.3,1,0.0477,0.00274,0.915,0.0829,0.235,127.987,3
spotify:track:6isN3IbqSS9FppKhRydXwz,"Capsule Silence","Capsule Silence XXIV Original Soundtrack","Anamanaguchi",2016-12-21,159428,0,false,,2023-12-20T10:15:32Z,"vocaloid","NHX",0.484,0.947,3,-2.643,1,0.0365,0.00361,0.876,0.296,0.172,139.999,3
spotify:track:2JzzuXicRdmRGoxBxouh1F,"Flight 142","Paragon","Sabrepulse",2015-02-10,263964,7,false,,2023-12-20T10:15:32Z,"","Sabrepulse",0.498,0.842,0,-9.201,1,0.0402,0.00204,0.907,0.15,0.0916,120.005,3
spotify:track:3azIIHqY0kytMFG2HlAZcp,"Move Your Body","Paragon","Sabrepulse",2015-02-10,293964,19,false,,2023-12-20T10:15:32Z,"","Sabrepulse",0.664,0.834,9,-5.341,0,0.0903,0.0207,0.152,0.0835,0.473,120.046,4
spotify:track:2kRmum8CU7MEH2TEuBWbiK,"1-Up","Left to Our Own Devices","Le Cassette",2014-07-22,175714,11,false,,2023-12-20T10:15:32Z,"synthwave,vaporwave,synthpop","Le Cassette Records",0.452,0.71,8,-8.802,0,0.0319,0.00169,0.808,0.11,0.187,140.002,4
spotify:track:6M14BiCN00nOsba4JaYsHW,"Ocean Man","The Mollusk","Ween",1997-04-18,126946,72,false,,2023-12-20T10:15:32Z,"neo-psychedelic","Elektra Records",0.72,0.912,4,-6.13,1,0.0363,0.551,0.00122,0.0982,0.973,122.782,4
spotify:track:6N1TEzD2JkPO5GZ1Yfk54D,"Shooting Star","Shooting Star","Anna Yvette",2018-09-28,239838,0,false,,2023-12-20T10:15:32Z,"drumstep,chillstep,dubstep","Mother Unicorn Productions",0.559,0.744,8,-5.28,1,0.0301,0.0171,0,0.178,0.409,125.024,4
spotify:track:4adKENi8HAKWYl8bkpWRsg,"Win","Level","Disasterpeace",2013-04-12,254385,0,false,,2023-12-20T10:15:32Z,"","Joypad Records",0.125,0.523,5,-7.638,0,0.0702,0.0000016,0.445,0.266,0.229,96.493,4
spotify:track:0pqCMHN3IVkBDlWAg0kiVa,"Mi Mi Mi","Mi Mi Mi","SEREBRO",2013-01-01,192746,59,false,,2023-12-20T10:15:32Z,"","Casablanca new/Republic Records",0.925,0.801,2,-2.106,1,0.0531,0.0133,0.726,0.0851,0.938,125.995,4
spotify:track:7lgSxCuH2RB15Q963rzJxc,"CHINA","FALLING APART","LukHash",2012-09-29,237994,5,false,,2023-12-20T10:15:32Z,"synthwave","SH MUSIC",0.543,0.96,1,-3.452,1,0.031,0.00382,0.805,0.0886,0.85,137.978,4
spotify:track:2GsetUljFk050825p44abM,"BROKEN STAR","FALLING APART","LukHash",2012-09-29,176480,3,false,,2023-12-20T10:15:32Z,"synthwave","SH MUSIC",0.603,0.912,1,-4.854,0,0.0445,0.000278,0.847,0.064,0.14,128.007,4
spotify:track:7vmRgvM0AjqZ8u1WhlDr9z,"Ralf's Touch","The Arcade Dream","Shirobon",2014-08-19,175081,0,false,,2023-12-20T10:15:32Z,"","Shirobon Recordings",0.521,0.866,7,-4.688,0,0.038,0.0196,0.0032,0.15,0.352,122.021,4
spotify:track:1XINxCRPatomDd0s3ug9ua,"Withering Willows","The Campfire Tales","Philter;Miriam Vaga",2016-11-04,185920,0,false,,2023-12-20T10:15:32Z,"chillstep,norwegian pop","Nordic Records Int.",0.682,0.437,10,-10.459,1,0.0261,0.727,0.0697,0.0945,0.454,107.997,4
spotify:track:6wrif5AvyiDtBAZKzoOZFi,"Dr. Ziltch","Bleepstreet Music Disk #1","La Belle Indifference",2013-01-04,217327,0,false,,2023-12-20T10:15:32Z,"","BLEEPSTREET Records",0.787,0.655,0,-6.517,1,0.174,0.00262,0.833,0.103,0.752,111.005,4
spotify:track:0Fihlx5MF8xnHhVkhnTPaO,"Final Fantasy 6 - Terra","D Tech","Devin Taylor",2010-03-25,79874,13,false,,2023-12-20T10:15:32Z,"","DTech",0.474,0.419,8,-14.024,0,0.0321,0.45,0.984,0.161,0.482,79.956,4
spotify:track:6nK94ZVtTm6p6w8cWO7Yye,"Some Kind Of Magic","Some Kind Of Magic","LVTHER;Myzica",2016-03-30,194290,52,false,,2023-12-20T10:15:32Z,"indie dance","Monstercat",0.493,0.931,11,-4.387,1,0.0482,0.0403,0.00228,0.258,0.295,168.019,4
spotify:track:0OiN9QAx7fFSiCnCjQa3zZ,"Anatoliy Shishkov","Ninja Chips","Rymdreglage;Ninjamoped",2011-05-31,269296,12,false,,2023-12-20T10:15:32Z,"","Lutofia",0.447,0.976,2,-5.389,0,0.0414,0.124,0.937,0.356,0.934,170.646,4
spotify:track:5C8LL30HEDAeTUVsZtBOYV,"Another Winter","Scott Pilgrim vs. the World: The Game (Original Videogame Soundtrack)","Anamanaguchi",2010-01-01,153266,39,false,,2023-12-20T10:15:32Z,"vocaloid","ABKCO (US)",0.239,0.961,9,-6.675,1,0.0744,0.00000262,0.851,0.0898,0.5,188.287,4
spotify:track:0ESaAnv1yO8Y3tZfIwtHCz,"It Is Splendid!","Products of Science","Supercommuter",2011-08-16,261537,12,false,,2023-12-20T10:15:32Z,"","Supercommuter",0.58,0.881,6,-4.495,0,0.0545,0.0246,0.000348,0.0563,0.276,144.995,4
spotify:track:0qH2LsUXMCUMYAiO3Vkupk,"Starfish","ISM","Savant",2012-10-07,301524,0,false,,2023-12-20T10:15:32Z,"dubstep,drumstep","Vybz",0.69,0.444,6,-7.313,1,0.276,0.0573,0.0000789,0.181,0.549,100.68,4
spotify:track:0FP3iDlFWAOZNW5e4Cnn7V,"No Shit Sherlock","ISM","Savant",2012-10-07,223642,0,false,,2023-12-20T10:15:32Z,"dubstep,drumstep","Vybz",0.685,0.817,7,-7.461,0,0.0577,0.00237,0.000338,0.265,0.463,113,4
spotify:track:1EniEg6BGwqlFOqdEmmmFu,"Un Avenir Tout Tracé","Face the noxxbots","Janski Beeeats",2012-10-16,448000,0,false,,2023-12-20T10:15:32Z,"","Police Records",0.698,0.756,10,-6.786,1,0.0936,0.0223,0.565,0.113,0.358,119.997,4
spotify:track:1WuTpi0nCxRrpKn3HVcVqv,"End of the Moon","Mostly We Grow Pt. 1","Half an Orange",2019-03-15,233708,21,false,,2023-12-20T10:15:32Z,"","Monstercat",0.398,0.59,10,-8.157,1,0.356,0.646,0,0.102,0.338,179.41,4
spotify:track:6PbUDvtc6Oom5pRbPnxKz2,"Crystal Tokyo","Crystal Tokyo","FantomenK;meganeko",2017-05-30,328576,41,false,,2023-12-20T10:15:32Z,"","FantomenK",0.353,0.926,10,-7.184,0,0.0463,0.000761,0.899,0.321,0.398,173.983,4
spotify:track:2NLvwD3JfTsGgUzzYyfmBv,"Break Them","Break Them","Aero Chord;Anna Yvette",2014-11-24,259200,0,false,,2023-12-20T10:15:32Z,"edm trap,dubstep,drumstep,chillstep","Monstercat",0.744,0.796,4,-2.546,0,0.0908,0.0647,0.0287,0.108,0.238,100.022,4
spotify:track:4jDmJ51x1o9NZB5Nxxc7gY,"Careless Whisper","Ladies And Gentlemen... The Best Of George Michael","George Michael",1998-11-09,300106,10,false,,2023-12-20T10:15:32Z,"","Sony Music Entertainment",0.574,0.628,2,-8.815,0,0.036,0.13,0,0.271,0.803,153.119,4
spotify:track:2KZxV9knEJXWYAUJd8hzMS,"Before I Wake","KABOOM!","I Fight Dragons",2011-10-24,237133,18,false,,2023-12-20T10:15:32Z,"","Photo Finish",0.324,0.217,2,-14.337,1,0.0326,0.872,0.0000613,0.12,0.395,127.061,5
spotify:track:1HzyxvSs4gZb5tvzuTEWGJ,"Airglow","Refresh","Trey Frey",2014-02-11,276000,27,false,,2023-12-20T10:15:32Z,"synthwave","Thebasebit Recordings",0.705,0.798,8,-7.103,1,0.142,0.0484,0.184,0.106,0.318,131.986,4
spotify:track:1vO8Rd29aJ9mQZPgEJcpXm,"First Crush","First Crush","Sabrepulse;Knife City",2011-10-10,315914,35,false,,2023-12-20T10:15:32Z,"","Sabrepulse",0.293,0.56,5,-7.546,0,0.0411,0.00978,0.274,0.217,0.356,88.45,4
spotify:track:3RDq3O5pEsYjtwEOpjBuZI,"Cascade","Ember","Kubbi",2015-02-05,259889,43,false,,2023-12-20T10:15:32Z,"","Kubbi",0.478,0.774,8,-6.888,1,0.0326,0.000185,0.548,0.122,0.18,129.153,4
spotify:track:1zUx8sbtWUHPaGB94AgjuV,"Lime","Maelstrom","Koï",2012-05-20,225966,27,false,,2023-12-20T10:15:32Z,"chillwave","Koi.",0.623,0.61,9,-10.952,1,0.0405,0.0101,0.826,0.104,0.701,155.024,4
spotify:track:0d6b6QCZg9Fdwtw8Puf5Ht,"Reprise","Maelstrom","Koï",2012-05-20,263000,5,false,,2023-12-20T10:15:32Z,"chillwave","Koi.",0.583,0.689,9,-7.553,0,0.0332,0.00152,0.455,0.172,0.326,148.237,4
spotify:track:5d1aEKMkRNi8UDzHgFbheP,"Neutralite the Hero","Domo Loves Chiptune","Disasterpeace",2015-09-04,256400,15,false,,2023-12-20T10:15:32Z,"","Very Much Records",0.544,0.687,9,-7.027,1,0.107,0.234,0.0557,0.0959,0.334,150.103,4
spotify:track:4bq8rLtEYUq8rgGkvVyOfJ,"Sasetsushite Usetsushite","Domo Loves Chiptune","YMCK",2015-09-04,225714,3,false,,2023-12-20T10:15:32Z,"shibuya-kei","Very Much Records",0.707,0.851,11,-8.1,1,0.0474,0.0485,0.00213,0.292,0.785,111.997,5
spotify:track:72iBRyDXapt3lstkBlXWLu,"8-Bit Trip","Alfa C","Rymdreglage",2009-09-07,229773,27,false,,2023-12-20T10:15:32Z,"","Lutofia",0.599,0.992,0,-4.596,1,0.0412,0.0693,0.89,0.131,0.717,133.007,4
spotify:track:2itrXnlfl32pgjTbs0n9we,"Lonely Planet Girl","Yumemi / Lonely Planet Girl","Slime Girls",2015-05-21,275617,7,false,,2023-12-20T10:15:32Z,"","Slime Girls",0.51,0.934,0,-3.722,1,0.0438,0.0858,0.0000465,0.114,0.447,135.038,4
spotify:track:4UlD2w9Otd0eWBge8S0hUf,"Big Fish, Small Pond","Grand Battle","Monomate",2010-03-09,208453,24,true,,2023-12-20T10:15:32Z,"","Monomate",0.505,0.608,8,-4.425,1,0.0381,0.000211,0,0.0519,0.178,83.531,3
spotify:track:2LfiGmxffLTgstf09bfNsU,"Miss You","Keygeneration","Dunderpatrullen",2015-07-04,259026,4,false,,2023-12-20T10:15:32Z,"","BeardMonster - X5 Music Group",0.355,0.889,0,-5.492,0,0.0382,0.00485,0.0000203,0.0909,0.302,103.896,4
spotify:track:72eqYgtz1ghOAW0qnbLorR,"Cosmo Hotline","Keygeneration","Dunderpatrullen",2015-07-04,241720,4,false,,2023-12-20T10:15:32Z,"","BeardMonster - X5 Music Group",0.535,0.954,7,-4.416,1,0.0367,0.0206,0.56,0.16,0.459,152.019,4
spotify:track:1NXDzEY5i5jMIF05R8E5qY,"Notorious D.I.G. - Chipzel's Fortissimole Remix","Chipped of the Necrodancer","Chipzel;Adriana Figueroa",2017-08-22,140800,0,false,,2023-12-20T10:15:32Z,"","Chipzel",0.494,0.898,6,-7.203,0,0.0448,0.000791,0.02,0.576,0.721,149.973,4
spotify:track:3Kmcm8m9i6Be5LuWYgt47G,"Feels Like","Elements","Vicetone;Laur",2019-02-22,191611,40,false,,2023-12-20T10:15:32Z,"edm","Monstercat",0.539,0.715,9,-3.809,0,0.0377,0.289,0,0.348,0.496,128.073,4
spotify:track:4Gjbkjuz7TyzJLPkQ6ZOYv,"Club Wolf","Rise of the Obsidian Interstellar","Disasterpeace",2013-05-07,298176,0,false,,2023-12-20T10:15:32Z,"","Joypad Records",0.587,0.59,8,-14.141,1,0.0349,0.00339,0.708,0.11,0.507,145,4
spotify:track:7pX3KmDzgmBwPUI5CIBpOo,"DisChipo","FantomenK","FantomenK",2011-03-11,325223,32,false,,2023-12-20T10:15:32Z,"","FantomenK",0.615,0.974,7,-7.6,0,0.037,0.000295,0.726,0.128,0.811,127.006,4
spotify:track:19jFvs1QEPcezaHkYGw8zN,"Airbrushed (Rac Remix)","Airbrushed","Anamanaguchi",2011-03-08,254571,0,false,,2023-12-20T10:15:32Z,"vocaloid","Anamanaguchi",0.525,0.754,1,-5.91,0,0.0623,0.00325,0.0281,0.125,0.34,140.006,4
spotify:track:6sO7K4isNo0O6IRdfkGaCE,"You Are Playing With A Wolf","Fakebit","MisfitChris",2010-01-01,260067,5,false,,2023-12-20T10:15:32Z,"","Data Airlines",0.498,0.719,1,-7.86,1,0.108,0.0000202,0.862,0.0339,0.596,119.977,4
spotify:track:3texX1WF8N2qkq4EXD06bv,"Timebomb - Radio Edit","Timebomb","Laidback Luke;Jonathan Mendelsohn",2010-12-14,178232,0,false,,2023-12-20T10:15:32Z,"big room,electro house,hardstyle","Mixmash Records",0.596,0.926,7,-2.19,0,0.272,0.0176,0.000705,0.0521,0.498,126.917,4
spotify:track:23v3fTdaY5Qzhv1X26naVK,"GameGIRL","Famicom Connection (Complete Edition)","Sabrepulse",2011-01-05,138613,3,false,,2023-12-20T10:15:32Z,"","Sabrepulse, Sabrepulse",0.478,0.385,6,-11.892,1,0.0336,0.84,0.578,0.121,0.179,130.082,3
spotify:track:2cH5U1Diooe8i1zT5uyKK4,"Focus","Phonetic Symphony","Chipzel",2012-02-08,162444,33,false,,2023-12-20T10:15:32Z,"","Chipzel",0.406,0.95,10,-5.031,0,0.0312,0.0239,0.931,0.123,0.218,174.035,4
spotify:track:5BLWzbyYOK1zL7tlo54NLJ,"Missing You","Icarus","Trash80",2008-07-01,257364,27,false,,2023-12-20T10:15:32Z,"synthwave","8bitpeoples",0.526,0.674,3,-9.402,0,0.0496,0.00000596,0.848,0.463,0.397,132.025,4
spotify:track:1EsdqTsiQPaUJ82iy7KfS1,"Endless Fantasy","Endless Fantasy","Anamanaguchi",2013-05-14,357784,0,false,,2023-12-20T10:15:32Z,"vocaloid","dream.hax",0.652,0.753,3,-4.026,1,0.0706,0.000321,0.0276,0.204,0.31,128.469,4
spotify:track:79Mj6CUPQ6EtlNvM0XaRFD,"Japan Air","Endless Fantasy","Anamanaguchi;meesh",2013-05-14,263073,0,false,,2023-12-20T10:15:32Z,"vocaloid","dream.hax",0.454,0.993,8,-2.898,1,0.0808,0.00794,0.378,0.819,0.379,145.349,4
spotify:track:4XCvV15JjNKQkZyyyUtOYp,"Viridian Genesis","Endless Fantasy","Anamanaguchi",2013-05-14,182083,0,false,,2023-12-20T10:15:32Z,"vocaloid","dream.hax",0.221,0.928,3,-4.036,1,0.0481,0.00161,0.873,0.164,0.1,109.739,4
spotify:track:6eoS0bxQjGdFpSI9M6DOeI,"John Hughes","Endless Fantasy","Anamanaguchi",2013-05-14,205735,0,false,,2023-12-20T10:15:32Z,"vocaloid","dream.hax",0.314,0.955,10,-3.7,1,0.0574,0.0000507,0.897,0.306,0.318,94.06,4
spotify:track:2kerqZxEIfdGlMy6BxseFy,"Prom Night","Endless Fantasy","Anamanaguchi",2013-05-14,227808,0,false,,2023-12-20T10:15:32Z,"vocaloid","dream.hax",0.599,0.773,1,-4.274,0,0.165,0.00833,0.0000411,0.32,0.724,123.96,4
spotify:track:3aIV6v1IjdWgXx3SlPoOsT,"Canal Paradise","Endless Fantasy","Anamanaguchi",2013-05-14,273450,0,false,,2023-12-20T10:15:32Z,"vocaloid","dream.hax",0.421,0.992,4,-4.353,1,0.0512,0.0000192,0.954,0.0745,0.147,120.27,4
spotify:track:2caqs2TO8QVRlgwPVqZLAg,"EVERYTHING EXPLODES","Endless Fantasy","Anamanaguchi",2013-05-14,162762,0,false,,2023-12-20T10:15:32Z,"vocaloid","dream.hax",0.2,0.675,6,-4.018,1,0.0624,0.0185,0.644,0.093,0.312,199.757,4
spotify:track:0F7bM7LD9s2E4ttiATSjmS,"Bonetrousle","UNDERTALE Soundtrack","Toby Fox",2016-06-03,57600,0,false,,2023-12-20T10:15:32Z,"soundtrack","Materia Collective",0.722,0.978,8,-8.744,1,0.0595,0.00778,0.976,0.0199,0.968,149.981,4
spotify:track:5kCWUfblMC2xdBruW7PeuC,"Untrust Us","Crystal Castles","Crystal Castles",2008-03-18,186373,0,false,,2023-12-20T10:15:32Z,"witch house,electroclash,new rave,alternative dance","Last Gang",0.609,0.807,11,-5.405,0,0.0283,0.0376,0.204,0.13,0.203,125.906,4
spotify:track:4iMzBnRJ7MKxQLYPaD8jXW,"Chrono Trigger - 600AD (Gameboy Remix)","Chrono Trigger - 600AD (Gameboy Remix)","Dj Cutman",2012-09-18,159868,0,false,,2023-12-20T10:15:32Z,"lo-fi","GameChops",0.502,0.974,7,-2.612,1,0.0374,0.0437,0.337,0.137,0.445,120.012,4
spotify:track:3UEnF6y5tyHVtMzldS3svp,"Everything Black","Everything Black","Unlike Pluto;Mike Taylor;UPxMT",2017-03-10,228979,72,false,,2023-12-20T10:15:32Z,"","Monstercat",0.62,0.864,5,-4.334,0,0.114,0.0323,0,0.117,0.395,98.059,4
spotify:track:4orWo80L4594ASSlnL4o2u,"Serpents","KRUNCH","Disasterpeace",2012-12-21,224282,0,false,,2023-12-20T10:15:32Z,"","Joypad Records",0.622,0.97,1,-7.395,1,0.0406,0.0000255,0.598,0.164,0.277,100.004,4
spotify:track:6lqbJspB8004higrugonrC,"The Incrementalists","KRUNCH","Disasterpeace",2012-12-21,179065,0,false,,2023-12-20T10:15:32Z,"","Joypad Records",0.576,0.945,2,-7.719,1,0.0335,0.000857,0.871,0.114,0.787,150.021,5
spotify:track:6or1bKJiZ06IlK0vFvY75k,"Rap God","The Marshall Mathers LP2 (Deluxe)","Eminem",2013-11-05,363521,79,true,,2023-12-20T10:15:32Z,"rap,hip hop","Eminem Catalog PS",0.709,0.843,7,-2.66,1,0.314,0.395,0,0.799,0.625,148.134,4
spotify:track:4xJyzAdCmHZhDcglSDtzs6,"The Backup","The Backup - Single","2080",2011-04-04,338765,0,false,,2023-12-20T10:15:32Z,"","DaiPop",0.597,0.509,1,-8.006,0,0.0407,0.251,0.00104,0.162,0.141,150.004,4
spotify:track:0OSg8fgajchSgYOoVi4cH3,"Friction - Original Mix","Summer Cloud","Artem Zlobin",2012-10-22,173230,0,false,,2023-12-20T10:15:32Z,"dubstep","Front Artillery Records",0.434,0.966,0,-2.609,1,0.0626,0.0301,0,0.105,0.382,149.955,4
spotify:track:3AJwUDP919kvQ9QcozQPxg,"Yellow","Parachutes","Coldplay",2000-07-10,266773,95,false,,2023-12-20T10:15:32Z,"","Parlophone UK",0.429,0.661,11,-7.227,1,0.0281,0.00239,0.000121,0.234,0.285,173.372,4
spotify:track:0UeYCHOETPfai02uskjJ3x,"Shooting Stars","Bag Raiders (Deluxe)","Bag Raiders",2011-01-01,235813,75,false,,2023-12-20T10:15:32Z,"alternative dance","Modular",0.636,0.72,11,-6.195,1,0.0432,0.0893,0.0178,0.0868,0.425,124.944,4
spotify:track:5ShpTU1Uc5lwPYaGkDiica,"Pingvinpalatset","Analoga Stereoider","Dunderpatrullen",2010-03-17,248884,0,false,,2023-12-20T10:15:32Z,"","Record Union",0.567,0.738,10,-8.806,0,0.0341,0.000331,0.00443,0.235,0.575,139.961,4
spotify:track:6FRLCMO5TUHTexlWo8ym1W,"Girls Like You (feat. Cardi B) - Cardi B Version","Girls Like You (feat. Cardi B)","Maroon 5;Cardi B",2018-05-30,235545,66,true,,2023-12-20T10:15:32Z,"pop","Interscope Records*",0.779,0.541,0,-6.824,1,0.0658,0.566,0,0.13,0.447,124.939,4
spotify:track:2zJZwWF7BTGIIvrAlgzJEx,"Whatcha Say","Jason Derulo (Deluxe Audio)","Jason Derulo",2010-02-24,221253,67,false,,2023-12-20T10:15:32Z,"","Beluga Heights/Warner Records",0.615,0.711,11,-5.507,1,0.078,0.0444,0,0.145,0.711,144.034,4
spotify:track:4MtcZGl98O3ICE9hn59MP7,"Sleez - Bonus","Reject","Shirobon",2017-11-28,164745,0,false,,2023-12-20T10:15:32Z,"","Hyperwave Records",0.775,0.92,0,-6.626,0,0.0851,0.0329,0.851,0.0516,0.964,118.013,4
spotify:track:3R7pkoflcyWvR5Wl5GJZMr,"Only Human (7inch Edit)","Only Human","Chipzel",2015-06-02,240195,8,false,,2023-12-20T10:15:32Z,"","Data Airlines",0.126,0.989,11,-3.948,1,0.0776,0.0412,0.939,0.223,0.345,117.279,4
spotify:track:7nKPQdJoN550IGHW0Mc1ho,"Pizza Pizza","Chiptunes In Stereo","Algar",2012-12-20,182857,11,false,,2023-12-20T10:15:32Z,"","Record Union",0.533,0.952,1,-4.726,0,0.0654,0.245,0.852,0.0908,0.871,176,4
spotify:track:1p8PkByZkPdnjUEfRptlWz,"Dancing in the Moonlight - Remastered 40th Anniversary Edition","Dancing in the Moonlight (Remastered 40th Anniversary Edition)","King Harvest",2013-09-10,178045,35,false,,2023-12-20T10:15:32Z,"","Darbo Music LLC",0.653,0.719,10,-5.262,1,0.0363,0.684,0,0.408,0.682,136.153,4
spotify:track:7wLRQ6UarVaMY4kI50mLa6,"Destroy The Dragon","Overworld","Savant",2012-07-04,212898,0,false,,2023-12-20T10:15:32Z,"dubstep,drumstep","Vybz",0.654,0.599,4,-6.704,0,0.339,0.0239,0.00328,0.142,0.349,135.897,4
spotify:track:3Vf4Ba54bwFIgDdglP2LZh,"Closer","Monstercat 023 - Voyage","Laszlo",2015-08-17,256801,0,false,,2023-12-20T10:15:32Z,"","Monstercat",0.616,0.625,1,-6.615,1,0.0707,0.139,0.000813,0.129,0.413,100.043,4
spotify:track:5FEEojMjRlR6kBcn0IhCxf,"The Art of War","Spectra","Chipzel",2013-09-01,193103,38,false,,2023-12-20T10:15:32Z,"","Chipzel",0.502,0.879,2,-6.608,0,0.0441,0.121,0.896,0.212,0.042,173.978,4
spotify:track:6M8BG8kMH3JPRrOMG5ruZH,"Up Down Left Right","Pixel Passion","Arcade High",2013-06-24,213834,0,false,,2023-12-20T10:15:32Z,"synthwave,vaporwave","Telefuutre",0.528,0.811,5,-6.915,1,0.0273,0.00169,0.659,0.417,0.475,133.014,4
spotify:track:1nesLUX6KNFfnGuNgvxgtX,"Look Into My Eyes","Pixel Passion","Arcade High",2013-06-24,269734,0,false,,2023-12-20T10:15:32Z,"synthwave,vaporwave","Telefuutre",0.534,0.762,11,-7.584,1,0.0273,0.00969,0.681,0.0855,0.0775,112.978,4
spotify:track:761QvVHTibYjEi2r6A4g4Q,"Get Free","Lust For Life","Lana Del Rey",2017-07-21,334294,71,false,,2023-12-20T10:15:32Z,"","Polydor Records",0.205,0.472,10,-10.45,1,0.0718,0.498,0.000792,0.0953,0.0392,203.944,4
spotify:track:6jJg8ExSlxcgsKOWNFiPbj,"Babaroque - Original Mix","Oracle","cYsmix",2016-02-01,287366,41,false,,2023-12-20T10:15:01Z,"","Kusemono Records",0.594,0.896,11,-5.525,0,0.0716,0.00244,0.94,0.0811,0.554,136.023,4
spotify:track:6V81K1OcvYgHEnCA6A2Qx9,"Start a Riot","Spider-Man: Into the Spider-Verse (Soundtrack From & Inspired by the Motion Picture)","Duckwrth;Shaboozey",2018-12-14,171466,68,false,,2023-12-20T10:15:01Z,"","Universal Records",0.728,0.727,2,-3.585,1,0.206,0.0128,0,0.0882,0.891,143.144,4
spotify:track:7eqoqGkKwgOaWNNHx90uEZ,"Nights","Blonde","Frank Ocean",2016-08-20,307151,88,true,,2023-12-20T10:15:01Z,"","Boys Don't Cry",0.457,0.551,5,-9.36,0,0.167,0.427,0.00000115,0.113,0.428,89.87,4
spotify:track:1uSAGG6FRvrjI22HyGDayU,"TOXICITY - DeepDelic & Lowderz Remix","TOXICITY (DeepDelic & Lowderz Remix)","DeepDelic;Lowderz",2018-05-05,278709,0,false,,2023-12-20T10:15:01Z,"brazilian bass,electronic","DeepDelic",0.519,0.629,0,-5.745,0,0.0578,0.0328,0.000841,0.107,0.102,123.986,4
spotify:track:5exhxpK9Yl0x8gGIa2F7if,"The Fall","Two Hearts","Dabin",2017-03-31,170857,29,false,,2023-12-20T10:15:01Z,"melodic bass,future bass,edm,chillstep","Kannibalen Records",0.623,0.906,1,-6.322,0,0.043,0.00741,0.137,0.0943,0.189,104.993,4
spotify:track:1O5pf5R8xvppS2pD03HVy5,"May-December","Black On Both Sides","Mos Def",1999-10-12,209066,44,true,,2023-12-20T10:15:01Z,"east coast hip hop,old school hip hop,hip hop","Rawkus Entertainment",0.825,0.679,11,-7.408,0,0.05,0.0164,0.838,0.0468,0.613,91.674,4
spotify:track:0MyY4WcN7DIfbSmp5yej5z,"Da Funk","Homework","Daft Punk",1997-01-17,328680,71,false,,2023-12-20T10:15:01Z,"french house,electronic,electro","Daft Life Ltd./ADA France",0.806,0.7,0,-5.269,0,0.0752,0.00196,0.891,0.267,0.892,111.215,4
spotify:track:1gTJIOpP63p5UL7DIhvpW6,"Easy Please Me","On A Mission","Katy B",2011-04-04,235813,40,true,,2023-12-20T10:15:01Z,"uk funky","Rinse / Columbia",0.757,0.74,10,-5.258,0,0.0326,0.0304,0.000757,0.0606,0.672,140.003,4
spotify:track:4wLfRv7Og2J02JLayZIYph,"Some Kind of Magic (feat. MYZICA)","Some Kind of Magic (feat. MYZICA)","LVTHER;Myzica",2016-03-30,194290,0,false,,2023-12-20T10:15:01Z,"indie dance","Monstercat",0.493,0.931,11,-4.387,1,0.0482,0.0403,0.00228,0.258,0.295,168.019,4
spotify:track:5rjvAT0whKbRN927JH8Stc,"Well Done (feat. Derek Minor)","All of You None of Me","Mission;Derek Minor",2017-10-27,204500,16,false,,2023-12-20T10:13:30Z,"christian hip hop,christian r&b,christian","RPSMG / RMG Amplify",0.723,0.771,1,-5.505,0,0.169,0.237,0,0.0635,0.902,133.138,4
spotify:track:1MGJgerlsDFsQsUo7ITVop,"LIFE IS GOOD","LIFE IS GOOD","CORTÉ;Apollo LTD",2021-08-13,187871,53,false,,2023-12-20T10:13:30Z,"christian pop,christian,ccm,christian alternative rock,christian edm","Gotee Records",0.712,0.666,9,-6.341,1,0.0338,0.00617,0,0.197,0.595,134.908,4
spotify:track:6WJFGHIDJuNnhM72hjkuht,"BREATHE","Joy","Phil J.",2021-08-06,194634,9,false,,2023-12-20T10:13:30Z,"christian hip hop,christian r&b,christian pop","Nu Age Soul",0.571,0.728,5,-3.91,1,0.0512,0.431,0,0.0899,0.611,81.948,4
spotify:track:28Ji2qcldjn44Gsfioacpt,"Time Alone","Time Alone","KJ-52",2017-12-02,182500,8,false,,2023-12-20T10:13:30Z,"christian hip hop,christian rock,christian,christian alternative rock,christian pop","52 records",0.742,0.838,11,-2.091,0,0.084,0.301,0,0.401,0.884,139.988,4
spotify:track:4tZDUt8vHpvjfOXcHwOvtq,"The Search - Edit","The Search (Edit)","NF",2019-06-07,197694,69,false,,2023-12-20T10:13:30Z,"christian hip hop","NF Real Music",0.831,0.851,2,-3.397,1,0.207,0.552,0,0.106,0.496,119.958,4
spotify:track:4yYzcukn3jH2xUHsF9VcN9,"enemies?","enemies?","nobigdyl.",2018-04-11,199480,0,false,,2023-12-20T10:13:30Z,"christian hip hop,christian,christian r&b","Capitol CMG Label Group",0.788,0.742,5,-5.61,1,0.0631,0.00695,0,0.289,0.645,159.95,4
spotify:track:5YcUTIO8ne9DE2CUIccOb9,"Heart Stops Beating","20XX","Joshua Micah",2017-11-17,244032,0,false,,2023-12-20T10:13:30Z,"christian pop,christian edm,christian,ccm","Joshua Micah",0.591,0.666,7,-5.307,1,0.0318,0.0113,0.000314,0.169,0.3,93.014,4
spotify:track:0Ungs1C2UKbCJabb94wity,"Lights in the City","Lights in the City","Tedashii",2021-08-13,215189,39,false,,2023-12-20T10:13:30Z,"christian hip hop,christian","Reach Records",0.81,0.641,6,-7.431,1,0.108,0.0162,0,0.171,0.508,109.973,4
spotify:track:2GtctyGet8iXMPGoaxL9pm,"Fighting For Me - Ruslan & Julie Odnoralov Remix","Fighting For Me","Riley Clemmons;Ruslan & Julie Odnoralov",2019-06-21,211866,18,false,,2023-12-20T10:13:30Z,"christian,christian pop,worship,ccm","Sparrow (SPR)",0.63,0.825,1,-5.852,0,0.064,0.0068,0.000367,0.0992,0.215,97.067,3
spotify:track:20CLta0UuQJz7p40VsSjG9,"Who We Are","Who We Are","AC & Brady",2019-01-25,180000,0,false,,2023-12-20T10:13:30Z,"christian hip hop","Dream Records (DRE)",0.67,0.809,8,-4.621,1,0.217,0.141,0,0.114,0.712,80.036,4
spotify:track:6m0NJr3VkHehiNKSDXTP0i,"Way Up","Light Work","Bizzle;Sevin",2018-05-11,260869,39,false,,2023-12-20T10:13:30Z,"christian hip hop,christian,christian r&b","God Over Money Records",0.791,0.674,6,-7.267,0,0.329,0.0235,0,0.0697,0.7,149.943,4
spotify:track:1Eu8TaJ8xyP63VtsBOYdi1,"VIP (feat. Manwell Reyes of Group 1 Crew)","VIP","Manic Drive;Manwell Reyes",2014-10-14,204000,0,false,,2023-12-20T10:13:30Z,"christian edm,christian pop,christian rock,christian alternative rock,christian","BEMA Media",0.703,0.896,4,-4.087,1,0.0977,0.00165,0.00000119,0.316,0.93,120.026,4
spotify:track:1itGgIUYDaJYwHKjzxdnGZ,"18 Summers","18 Summers","Dillon Chase;Drew Weeks",2017-06-18,215764,11,false,,2023-12-20T10:13:30Z,"christian hip hop,christian r&b","Dillon Chase",0.733,0.607,6,-5.694,1,0.11,0.0686,0,0.108,0.516,102.019,4
spotify:track:48BL2o46fgu5rOXFRpSpRg,"Trust and Believe","Mountain Movers Club","Proud Refuge",2017-02-20,206445,0,false,,2023-12-20T10:13:30Z,"afrogospel,christian r&b,christian hip hop,christian pop","Gba Records Intl / Mountain Movers Club",0.437,0.589,6,-7.469,1,0.127,0.106,0,0.125,0.536,69.079,4
spotify:track:0xcFH3973DZauDkGnNjMgm,"HARD LOVE","H A R D L O V E","NEEDTOBREATHE",2016-07-15,214626,59,false,,2023-12-20T10:13:30Z,"christian,christian alternative rock,christian folk,ccm,christian rock,worship","Atlantic Records",0.387,0.843,0,-4.221,0,0.0539,0.0231,0,0.503,0.378,168.149,4
spotify:track:4jtJZ9mep9Cdh8RGl5vw0g,"MONEY & FAME","H A R D L O V E","NEEDTOBREATHE",2016-07-15,192146,46,false,,2023-12-20T10:13:30Z,"christian,christian alternative rock,christian folk,ccm,christian rock,worship","Atlantic Records",0.554,0.891,6,-3.919,0,0.0991,0.0686,0.0000147,0.0905,0.454,154.012,4
spotify:track:2QpGZOhTCHHiKmpSO9FW4h,"Follow God","JESUS IS KING","Kanye West",2019-10-25,104591,76,false,,2023-12-20T10:13:30Z,"rap","Getting Out Our Dreams II / Def Jam Recordings",0.529,0.9,1,-3.503,1,0.418,0.000248,0.0000121,0.0426,0.434,180.291,4
spotify:track:2SasoXZyv82yYgHiVOvxQn,"On God","JESUS IS KING","Kanye West",2019-10-25,136350,62,false,,2023-12-20T10:13:30Z,"rap","Getting Out Our Dreams II / Def Jam Recordings",0.41,0.886,9,-4.413,0,0.155,0.0671,0,0.461,0.393,72.577,4
spotify:track:24bnCCysWnbNRNUT4LpHcP,"Everything We Need","JESUS IS KING","Kanye West;Ty Dolla $ign;Ant Clemons",2019-10-25,116559,61,false,,2023-12-20T10:13:30Z,"rap,trap soul","Getting Out Our Dreams II / Def Jam Recordings",0.894,0.416,9,-6.823,0,0.0538,0.312,0,0.146,0.463,116.96,4
spotify:track:4TzycdlB0JqI7XedqITaAz,"Instagram","Rookie Season - EP","Serge",2017-10-27,167843,0,false,,2023-12-20T10:13:30Z,"freestyle,hard house,christian edm,bebop","Rookie Season",0.858,0.529,5,-7.988,1,0.146,0.000648,0.0000319,0.103,0.427,153.042,4
spotify:track:69bDWDEg9u92Aghf0eyUjH,"Space & Time","Hearts on Fire","FMLYBND",2016-01-15,229512,42,false,,2023-12-20T10:13:30Z,"","FMLYBND Music",0.547,0.819,9,-5.06,0,0.0375,0.00125,0.000023,0.309,0.588,110.001,4
spotify:track:5cwvRN0p7LQZGGycDma3Qr,"Montaña","Desesperado (English)","Evan Craft;GAWVI;Sam Rivera",2021-02-19,196440,38,false,,2023-12-20T10:13:30Z,"christian,worship,christian pop,música adventista,christian hip hop,christian reggaeton,christian edm,christian r&b,afrogospel","Evan Craft",0.627,0.729,2,-6.67,1,0.091,0.0809,0,0.103,0.428,144.066,4
spotify:track:60dwJ8dnqZ4WrIdiu7LkNR,"Saturday","Scaled And Icy","Twenty One Pilots",2021-05-21,172232,67,false,,2023-12-20T10:13:30Z,"","Fueled By Ramen",0.687,0.89,8,-5.99,1,0.0344,0.00396,0.000939,0.0436,0.854,113.06,4
spotify:track:6YvfFdBKpgYMuV1Q8beFax,"Not Too Far","Not Too Far","GAWVI",2020-03-18,181598,28,false,,2023-12-20T10:13:30Z,"christian hip hop,christian reggaeton,christian pop,christian edm,christian r&b,christian","Reach Records",0.59,0.74,8,-6.033,1,0.0586,0.177,0,0.184,0.275,150,4
spotify:track:64PEakftGbynDVOYI3nAld,"My Life","The Other Side","The Walls Group",2017-11-03,203771,40,false,,2023-12-20T10:13:30Z,"gospel,christian r&b,worship","Fo Yo Soul/RCA Inspiration",0.734,0.745,9,-4.653,1,0.0836,0.00249,0,0.118,0.335,112.011,4
spotify:track:7aeC8XRoU9s8b0OPUfUbtJ,"Friends","II: The Sword","Andy Mineo",2018-09-21,173844,37,false,,2023-12-20T10:13:30Z,"christian hip hop,christian","Reach Records",0.683,0.664,0,-6.644,1,0.165,0.0217,0,0.347,0.444,148.808,4
spotify:track:2EFlMqH1dx6S6WwpBLCEl8,"None of My Business","II: The Sword","Andy Mineo",2018-09-21,219565,48,false,,2023-12-20T10:13:30Z,"christian hip hop,christian","Reach Records",0.862,0.666,8,-8.259,1,0.0864,0.129,0,0.347,0.747,118.969,4
spotify:track:3L7srY9AWa1nDu1TcoSHjd,"Check Your Heart","Check Your Heart","John Crist;DJ Mykael V;nobigdyl.",2019-05-20,205670,22,false,,2023-12-20T10:13:30Z,"comedy,christian hip hop,christian,christian r&b","John Crist Comedy",0.889,0.703,11,-5.065,0,0.324,0.0219,0,0.115,0.629,149.993,4
spotify:track:3B0aVYHRUPaGUqRjuSNPak,"Smoke Free","Smoke Free","Bizzle;KB",2020-05-08,259615,0,false,,2023-12-20T10:13:30Z,"christian hip hop,christian,christian r&b,christian pop","God Over Money LLC",0.825,0.61,1,-5.739,1,0.0873,0.414,0,0.103,0.639,126.009,4
spotify:track:18czZN7uruOjftj71Kt8oj,"PAID MY DUES","PAID MY DUES","NF",2019-12-03,211643,54,false,,2023-12-20T10:13:30Z,"christian hip hop","NF Real Music",0.812,0.784,2,-4.208,1,0.248,0.136,0,0.109,0.38,145.995,4
spotify:track:185N57Ny8Oh5ivFNOcLZeq,"Lately (feat. Daesy)","In My Weakness","Parris Chariz;Daesy",2018-10-05,192446,0,false,,2023-12-20T10:13:30Z,"christian hip hop,christian r&b,rap chrétien","World 45",0.727,0.555,11,-7.485,0,0.237,0.277,0,0.089,0.302,154.993,4
spotify:track:6osfCmbH5FiB4RRsDi7hgN,"If You Don’t Mind","Let Love Rule","Ledisi",2017-09-22,244320,34,false,,2023-12-20T10:13:30Z,"neo soul","Verve",0.589,0.577,7,-5.183,0,0.102,0.0381,0,0.0886,0.437,172.072,4
spotify:track:56L5TD9qZ4ZUneixRr1YO0,"High Enough (Radio Mix) [feat. Propaganda]","High Enough (Radio Mix) [feat. Propaganda]","The Gray Havens;Propaganda",2018-01-12,205688,0,false,,2023-12-20T10:13:30Z,"christian folk,christian alternative rock,christian,christian hip hop,spoken word","Artist Garden Entertainment",0.632,0.718,9,-7.08,0,0.111,0.102,0,0.919,0.573,94.968,4
spotify:track:1FYd1szE0RHXOAM00V4MEx,"Coming In Hot","Coming In Hot","Andy Mineo;Lecrae",2018-07-20,200168,0,false,,2023-12-20T10:13:30Z,"christian hip hop,christian,christian r&b,christian pop,chinese hip hop,rap chrétien","Reach Records",0.89,0.454,8,-8.777,1,0.26,0.0271,0.00000358,0.157,0.425,140.041,4
spotify:track:2BlboQWvIKYLxUJWf64pRW,"Stronger (feat. V. Rose)","Stronger (feat. V. Rose)","Roy Tosh;V. Rose",2018-01-26,192586,11,false,,2023-12-20T10:13:30Z,"christian hip hop,christian pop,christian edm,christian r&b,christian","RoyToshMusic / RMG Amplify",0.754,0.492,1,-5.968,0,0.0541,0.387,0,0.357,0.128,95.106,4
spotify:track:6PWI3tXQsB6DvXeccEsuNq,"Friday (feat. J Carter)","God Knows","FLAME;J Carter",2018-03-02,219186,11,false,,2023-12-20T10:13:30Z,"christian hip hop,christian","Clear Sight Music",0.756,0.671,7,-5.867,0,0.0994,0.0679,0,0.133,0.598,111.063,4
spotify:track:6NDJGZV5U7LK1Jl9Gd8Jnf,"Every Little Thing","Every Little Thing","Hillsong Young & Free;Andy Mineo",2019-05-24,202878,0,false,,2023-12-20T10:13:30Z,"worship,christian,pop worship,christian edm,christian pop,christian hip hop","Hillsong (HIL)",0.495,0.727,5,-5.155,1,0.0427,0.0494,0,0.119,0.391,77.51,4
spotify:track:6lpLLzQ7PyflxvRZ0FqXRD,"KIDZ","Andy Mineo and Wordsplayed Present Magic & Bird","Magic & Bird;Andy Mineo;Wordsplayed",2017-08-04,207642,0,false,,2023-12-20T10:13:30Z,"christian hip hop,christian","Reach Records",0.755,0.72,1,-5.867,1,0.0517,0.00958,0.00000435,0.632,0.0927,140.046,4
spotify:track:41AhBKEvByLE3BAQ2FCwvU,"DUNK CONTEST (MAGIC BIRD)","Andy Mineo and Wordsplayed Present Magic & Bird","Magic & Bird;Andy Mineo;Wordsplayed",2017-08-04,169809,0,false,,2023-12-20T10:13:30Z,"christian hip hop,christian","Reach Records",0.838,0.775,2,-5.441,1,0.231,0.00424,0.000399,0.144,0.503,160.083,4
spotify:track:5puxRTcOyESEkPxBu20GRq,"SAY LESS","Andy Mineo and Wordsplayed Present Magic & Bird","Magic & Bird;Andy Mineo;Wordsplayed",2017-08-04,156937,0,false,,2023-12-20T10:13:30Z,"christian hip hop,christian","Reach Records",0.835,0.734,7,-4.835,1,0.108,0.0335,0,0.0512,0.579,89.966,4
spotify:track:3FzweOTyDUBTxMPx4p0eQX,"JUDO","Andy Mineo and Wordsplayed Present Magic & Bird","Magic & Bird;Andy Mineo;Wordsplayed;Judo",2017-08-04,212626,0,false,,2023-12-20T10:13:30Z,"christian hip hop,christian","Reach Records",0.823,0.4,9,-8.887,1,0.0895,0.0274,0,0.284,0.349,129.959,4
spotify:track:2w8jPOfyLOqoQMhwXwHGTc,"Dangerous","Dangerous","Built By Titan;Jesse McCartney",2016-05-17,249509,28,false,,2023-12-20T10:13:30Z,"christian edm","Built On Robots",0.556,0.844,1,-3.815,0,0.0539,0.0456,0,0.0642,0.412,99.889,4
spotify:track:2rLdMxX2E0X2GG8xOCrR2e,"x10","x10","Aha Gazelle;1K Phew",2019-07-19,131696,37,false,,2023-12-20T10:13:30Z,"christian hip hop,christian r&b,christian,rap chrétien","Reach Records",0.762,0.8,8,-6.245,1,0.0687,0.0981,0,0.456,0.842,169.899,4
spotify:track:4gBXRrlOqwKUR5wFyXMYW8,"Hear My Heart","Uncomfortable","Andy Mineo",2015-09-18,180465,0,false,,2023-12-20T10:13:30Z,"christian hip hop,christian","Reach Records",0.607,0.708,7,-4.01,0,0.159,0.204,0.0000296,0.129,0.564,94.188,4
spotify:track:0AdfqJ9xqVeqjSCalSlt3w,"Drippin'","Deeper Waters","Marcus Rogers;Marv;Rick Rogers",2020-03-25,207177,38,false,,2023-12-20T10:13:30Z,"christian hip hop,christian r&b,jungle","King's Glory Records",0.811,0.545,5,-8.601,0,0.269,0.134,0,0.22,0.508,96.996,4
spotify:track:1HR8gM3a8FXcPMOWRrzaMr,"Que lo Que","Que lo Que","Social Club Misfits",2019-03-15,214880,0,false,,2023-12-20T10:13:30Z,"christian hip hop,christian,christian pop,christian reggaeton","Social Club",0.698,0.779,1,-7.795,1,0.15,0.101,0,0.136,0.854,140.04,4
spotify:track:0epQ2DrozCuhE2Q7ZRtF2h,"Real Love - Studio Version","Real Love (Studio Version)","Hillsong Young & Free;Alexander Pappas",2016-02-12,223120,0,false,,2023-12-20T10:13:30Z,"worship,christian,pop worship,christian edm,christian pop","Hillsong (HIL)",0.549,0.774,2,-5.493,1,0.0337,0.0027,0.0000353,0.0658,0.55,140.001,4
spotify:track:7j4YVmV8BYGFn4nNmyMzfZ,"Great Are You Lord (Howland Mix) (with D-Will, one sonic society & Chris Howland)","Great Are You Lord (Howland Mix) (with D-Will, one sonic society & Chris Howland)","The Sound;D-Will;one sonic society;Chris Howland",2018-04-27,222840,30,false,,2023-12-20T10:13:30Z,"christian hip hop,christian pop,worship,christian,ccm,christian edm,christian lo-fi,christian r&b","Essential Sound",0.428,0.75,6,-6.063,0,0.386,0.0202,0,0.126,0.376,69.965,3
spotify:track:4rTfSTOQ89uYaRBpWDTENQ,"Us","Us","Tedashii;Jawan",2020-07-31,198707,23,false,,2023-12-20T10:13:30Z,"christian hip hop,christian","Reach Records",0.553,0.747,1,-5.955,0,0.271,0.04,0,0.879,0.702,103.837,4
spotify:track:07hEEp1PRNkQBZEcF5mJo8,"California Dreamin","California Dreamin","116;John Givez;Lecrae",2019-07-19,183810,36,false,,2023-12-20T10:13:30Z,"christian hip hop,christian reggaeton,christian,christian r&b,christian pop,chinese hip hop,rap chrétien","Reach Records",0.813,0.646,1,-10.167,1,0.229,0.0402,0,0.119,0.461,100.081,4
spotify:track:5stBjr01wRUJa6BGqkxPD7,"The Other Side (Alessia Cara Version)","The Other Side (Alessia Cara Version)","Alessia Cara",2017-04-14,199285,40,false,,2023-12-20T10:13:30Z,"","House of Iona/RCA Records",0.433,0.573,1,-6.041,0,0.156,0.278,0,0.103,0.312,150.005,4
spotify:track:6Mc0n667tOTMj19bJiM5Ja,"Pick me Up","Pick me Up","Lawrence Jamal",2021-03-01,186221,10,false,,2023-12-20T10:13:30Z,"christian hip hop","Everything Freedom",0.818,0.734,7,-6.539,0,0.339,0.138,0.0000698,0.107,0.689,80.984,4
spotify:track:2PLRrQ8oASLJIxw2mwOvh6,"Love Is on Our Side","Love Is on Our Side","Capital Kings",2017-06-02,199308,0,false,,2023-12-20T10:13:30Z,"christian edm,christian pop,christian","Gotee Records",0.455,0.797,8,-4.466,0,0.0439,0.167,0,0.0828,0.332,134.949,4
spotify:track:1jwc7V45XawnxH9CaKt1c1,"Shift the Culture","Shift the Culture","Marcus In The Morning;Derek Minor;Eli Lefty;The New Cool",2020-05-08,226916,0,false,,2023-12-20T10:13:30Z,"christian hip hop,christian pop","Trait Music Publishing",0.551,0.854,5,-4.272,0,0.168,0.366,0,0.134,0.769,143.774,4
spotify:track:5GwluBLqEUvgBWGLE0XcNB,"Love Is Action","Love Is Action","Tauren Wells",2016-08-19,185948,0,false,,2023-12-20T10:13:30Z,"christian,worship,christian pop,ccm","Reunion Records",0.693,0.888,9,-3.397,1,0.0369,0.0831,0,0.185,0.768,124.063,4
spotify:track:6xPNTC67mpjP7olyj7y1fX,"Courage","Courage","Social Club Misfits;Tree Giants",2016-04-29,290440,0,false,,2023-12-20T10:13:30Z,"christian hip hop,christian,christian pop,christian reggaeton,christian alternative rock,christian edm","Capitol CMG Label Group",0.663,0.636,0,-7.822,1,0.0473,0.0786,0,0.102,0.187,113.033,4
spotify:track:6ccRlgvD22ic2TNQOgPQOT,"Everytime","Everytime","Social Club Misfits",2019-02-15,188040,0,false,,2023-12-20T10:13:30Z,"christian hip hop,christian,christian pop,christian reggaeton","Social Club",0.548,0.732,6,-6.284,0,0.328,0.121,0,0.124,0.566,154.164,4
spotify:track:55HA7BDCwHhWbtlywFifL9,"I Don't Wanna Let You Down (feat. Cyrus Deshield)","Slingshot David","Dee-1;Cyrus Deshield",2017-11-10,204288,22,false,,2023-12-20T10:13:30Z,"christian hip hop,christian r&b,underground hip hop","Essential Sound",0.502,0.689,4,-6.068,1,0.459,0.0743,0,0.271,0.507,170.04,4
spotify:track:304GzKdsoskxfnTPns5Y7C,"Anything But Country (break beat_no trap version).mp3","Anything But Country (break beat_no trap version).mp3","Andy Mineo",2019-05-31,189166,19,false,,2023-12-20T10:13:30Z,"christian hip hop,christian","Reach Records",0.798,0.804,5,-5.506,1,0.107,0.00262,0,0.109,0.513,92.967,4
spotify:track:7bfVcFad7Qbf7yLzCZ4nZ2,"I Don't Want It","I Don't Want It","LoveCollide",2017-12-01,178773,0,false,,2023-12-20T10:13:30Z,"christian edm,christian pop,ccm","ABS Entertainment, LLC/The Fuel Music",0.639,0.551,2,-6.562,0,0.088,0.349,0,0.183,0.6,89.961,4
spotify:track:5cj1GA0YC7yRI6m2oXZTOI,"No More","No More","Ty Brasel",2018-05-11,209238,19,false,,2023-12-20T10:13:30Z,"christian hip hop,christian r&b,christian","4 AGAINST 5",0.424,0.639,8,-5.953,1,0.209,0.166,0,0.107,0.29,156.081,4
spotify:track:7ldAgriSHRDJPbsvoMTzDZ,"Alright","LOYALS","LOYALS",2018-02-02,210837,0,false,,2023-12-20T10:13:30Z,"","Tooth & Nail Records",0.542,0.736,11,-6.327,0,0.0302,0.029,0.0000208,0.264,0.476,108.106,4
spotify:track:3NdcCKaQCcRbVPcSyBrd3o,"Say I","Say I","Cortes",2017-03-25,175609,37,false,,2023-12-20T10:13:30Z,"christian r&b,christian lo-fi,christian hip hop,christian pop,christian","Cortes",0.445,0.557,7,-10.005,0,0.241,0.0656,0.000449,0.109,0.364,159.899,5
spotify:track:1unxBYUxqQEePVUpqXqz1n,"Taking My Time","Taking My Time","Joshua Luke Smith;Jacques Miché",2020-01-10,235135,0,false,,2023-12-20T10:13:30Z,"spoken word,christian hip hop,christian r&b,christian alternative rock,christian lo-fi","Orphan No More",0.572,0.859,0,-3.904,1,0.211,0.258,0,0.0858,0.626,177.776,4
spotify:track:6uBhi9gBXWjanegOb2Phh0,"Stay","Stay","Zedd;Alessia Cara",2017-02-23,210090,83,false,,2023-12-20T10:13:30Z,"edm","UMGRI Interscope",0.69,0.622,5,-5.025,0,0.0622,0.253,0,0.116,0.544,102.04,4
spotify:track:23vI1LbTZatRHpaV3UCmLk,"Go in (feat. Taylor Hill)","Go In (feat. Taylor Hill)","Hopp;Taylor Hill",2017-06-09,233000,26,false,,2023-12-20T10:13:30Z,"christian hip hop,christian r&b,christian pop,christian","HOPP",0.888,0.792,9,-6.087,1,0.0451,0.0643,0,0.141,0.767,108.038,4
spotify:track:5pvD24l2AGbMYiXQuNm7yK,"Praying Hands (Remix)","Praying Hands (Remix)","Ty Brasel;Trip Lee",2018-05-11,217296,21,false,,2023-12-20T10:13:30Z,"christian hip hop,christian r&b,christian,chinese hip hop","4 AGAINST 5",0.658,0.739,5,-5.274,0,0.0405,0.00164,0.00000323,0.158,0.436,144.916,4
spotify:track:0MvqSYPr5Wi62JB7VWvqwz,"Green Lights","Perception","NF",2017-10-06,181866,57,false,,2023-12-20T10:13:30Z,"christian hip hop","NF Real Music",0.735,0.656,9,-4.374,1,0.236,0.124,0,0.106,0.626,160.055,4
spotify:track:52okn5MNA47tk87PeZJLEL,"Let You Down","Perception","NF",2017-10-06,212120,81,false,,2023-12-20T10:13:30Z,"christian hip hop","NF Real Music",0.661,0.714,5,-5.68,0,0.121,0.314,0,0.179,0.464,147.998,4
spotify:track:07FkzikE6FuHIa8Ma7zJGc,"Lie","Perception","NF",2017-10-06,209213,78,false,,2023-12-20T10:13:30Z,"christian hip hop","NF Real Music",0.749,0.659,5,-6.419,1,0.167,0.161,0,0.246,0.185,95.008,4
spotify:track:3zSxLDK7sxa2yJKpd3BnzO,"Me Time","Me Time","Austin Lanier",2017-06-13,207287,2,false,,2023-12-20T10:13:30Z,"christian hip hop","Much Luvv Records",0.723,0.694,1,-4.6,0,0.149,0.0789,0,0.416,0.557,132.069,4
spotify:track:5Kbv0KKeXCNSU28WUrdvoT,"Change The World (feat. Hollyn)","Reflection","Derek Minor;Hollyn",2016-10-14,199111,0,false,,2023-12-20T10:13:30Z,"christian hip hop,christian pop,christian,christian edm,ccm","eOne Music",0.353,0.87,0,-5.386,1,0.127,0.0875,0,0.079,0.316,135.045,4
spotify:track:5BG9mJEGNd3nmHhXYd5ujN,"Enough - DOOM Remix","MOOD // DOOM","Social Club Misfits;Austin French;Dave James",2019-12-20,226219,24,false,,2023-12-20T10:13:30Z,"christian hip hop,christian,christian pop,christian reggaeton,ccm,worship","Social Club",0.485,0.868,4,-6.574,0,0.125,0.0349,0.00000143,0.538,0.5,93.666,4
spotify:track:5EuvuGDYDO9xCFp3UrSlj3,"Vibe Trap","Vibe Trap","Young Noah",2017-07-25,168849,13,false,,2023-12-20T10:13:30Z,"christian hip hop,christian r&b","Trap Theology",0.749,0.545,4,-11.746,0,0.0637,0.516,0.786,0.0977,0.0967,80.078,4
spotify:track:7rphMZmyr3EhIemYlZeJ6u,"Witness - DENM House Mix","Witness: The Remixes","Jordan Feliz;DENM",2018-01-19,237306,0,false,,2023-12-20T10:13:30Z,"christian,christian pop,ccm,worship,christian edm,reggae rock","Centricity Music (CEY)",0.791,0.831,2,-4.399,1,0.0415,0.0257,0.0000118,0.133,0.609,117.981,4
spotify:track:0vy1K9FhCK8woHW7MKEcBG,"Kings & Queens","CRAZYTALK","Mat Kearney",2018-05-04,189986,52,false,,2023-12-20T10:13:30Z,"","Tomorrow Music",0.621,0.61,5,-8.455,1,0.0454,0.336,0,0.157,0.424,139.001,4
spotify:track:0cknZa6MY4Dzjci50k0XYm,"So Will I (100 Billion X)","So Will I (100 Billion X)","Beckah Shae",2019-09-06,281428,12,false,,2023-12-20T10:13:30Z,"christian pop,christian edm,christian,ccm","Shae Shoc Records",0.563,0.598,1,-7.348,1,0.0782,0.302,0,0.0915,0.129,83.35,4
spotify:track:1dVWjFxNtwdWf3IftD4fCH,"Almost Human - from the Original Motion Picture Soundtrack Blade Runner 2049","Almost Human (from the Original Motion Picture Soundtrack Blade Runner 2049)","Lauren Daigle",2017-10-05,202347,32,false,,2023-12-20T10:13:30Z,"christian,worship,ccm","Alcon Sleeping Giant Records",0.576,0.558,8,-6.171,0,0.0564,0.516,0,0.095,0.268,143.966,4
spotify:track:63ZtaTHM7Cu3JEca5xrWi3,"Favorite Sound","Favorite Sound","Audien;Echosmith",2019-03-08,205714,39,false,,2023-12-20T10:13:30Z,"edm,progressive house","Cranberry Records",0.631,0.722,1,-3.031,1,0.0324,0.311,0,0.153,0.443,105.045,3
spotify:track:1EMtgzOBs3NS6zYcRO2l7d,"No Chains","No Chains","KB",2018-04-18,222651,0,false,,2023-12-20T10:13:30Z,"christian hip hop,christian,christian pop","Reach Records",0.676,0.815,1,-3.427,1,0.278,0.0152,0.00000441,0.107,0.591,162.054,4
spotify:track:4EPzJ1EcqobV4211kM0PMh,"Runnin' with God","Provision II","808 BEEZY",2021-05-07,145079,0,false,,2023-12-20T10:13:30Z,"christian hip hop,christian","Bold Records",0.902,0.664,8,-6.555,1,0.0847,0.301,0.0000011,0.115,0.727,126.032,4
spotify:track:41FjmKYMT1AUnPJCXe680W,"La La Bum Bum","La La Bum Bum","Palace;V. Rose",2020-08-28,188000,18,false,,2023-12-20T10:13:30Z,"christian hip hop,christian r&b,christian pop,christian,christian edm","Truth Music Entertainment",0.792,0.573,8,-8.454,1,0.0779,0.0809,0,0.0807,0.524,144.991,4
spotify:track:2I6LcIhwBzxf5ZmsogC6uX,"Lioness","Lioness","Beckah Shae",2019-07-19,226001,10,false,,2023-12-20T10:13:30Z,"christian pop,christian edm,christian,ccm","Shae Shoc Records",0.751,0.755,2,-5.284,1,0.0425,0.0744,0.0306,0.0937,0.447,100.008,4
spotify:track:4C6nF4xbeewl1AJo87xMz4,"Monument - Disero Remix","Changes","Mutemath;Disero",2016-01-01,252086,18,false,,2023-12-20T10:13:30Z,"alternative rock,future bass","Wojtek Records",0.615,0.406,10,-7.1,0,0.0547,0.0357,0,0.158,0.379,138.9,4
spotify:track:1RNYInNOkf6divJGhpFefV,"Light Up - yachtclub. Remix","Changes","Mutemath;Yachtclub",2016-01-01,254309,15,false,,2023-12-20T10:13:30Z,"alternative rock,math rock","Wojtek Records",0.567,0.546,4,-8.549,0,0.0481,0.708,0,0.0773,0.26,127.894,4
spotify:track:5n05NVFseNB9kTWPE3r8Aw,"War Cry","Into The Night","Social Club Misfits;Tauren Wells",2018-02-09,191733,42,false,,2023-12-20T10:13:30Z,"christian hip hop,christian,christian pop,christian reggaeton,worship,ccm","Social Club",0.609,0.899,7,-4.555,1,0.128,0.0981,0,0.069,0.495,112.212,4
spotify:track:1wdx2wktHSsZFItDRAEILL,"Tuyo","Into The Night","Social Club Misfits;Danny Gokey;Jordin Sparks",2018-02-09,230413,43,false,,2023-12-20T10:13:30Z,"christian hip hop,christian,christian pop,christian reggaeton,ccm,worship","Social Club",0.7,0.783,2,-3.9,0,0.0482,0.286,0,0.104,0.452,93.013,4
spotify:track:3Rmc1J4r9rG60101cOGg5B,"Get Back Right","Let the Trap Say Amen","Lecrae;Zaytoven",2018-06-22,185946,46,false,,2023-12-20T10:13:30Z,"christian hip hop,christian,christian r&b,christian pop,chinese hip hop,rap chrétien,chicago drill","Reach Records",0.879,0.583,1,-6.696,0,0.181,0.0274,0,0.094,0.541,139.968,4
spotify:track:0KZL4acx8yPfzMbZOweDts,"2 Sides Of The Game","Let the Trap Say Amen","Lecrae;Zaytoven;K-So Jaynes;Waka Flocka Flame",2018-06-22,193303,33,false,,2023-12-20T10:13:30Z,"christian hip hop,christian,christian r&b,christian pop,chinese hip hop,rap chrétien,chicago drill","Reach Records",0.671,0.644,0,-5.73,1,0.196,0.00819,0,0.151,0.116,149.116,4
spotify:track:5qZREphIiL2VQ4IvuxgRnH,"I Trust You - Radio Edit","I Trust You (Radio Edit)","Jonathan Traylor",2020-07-31,217311,37,false,,2023-12-20T10:13:30Z,"christian r&b,worship,christian,christian pop,gospel","Motown Gospel (EGS)",0.554,0.542,10,-8.722,0,0.0599,0.405,0.0000126,0.109,0.291,114.782,1
spotify:track:7CHi4DtfK4heMlQaudCuHK,"Lose Control","Lose Control","MEDUZA;Becky Hill;Goodboys",2019-10-11,168387,74,false,,2023-12-20T10:13:30Z,"","Intercord",0.598,0.527,10,-8.659,0,0.0415,0.129,0,0.14,0.53,123.943,4
spotify:track:7D1E2mfhZMPXE9Z4LX5PmP,"Better Than I Used To Be","Mat Kearney","Mat Kearney;AFSHEEN",2017-12-08,194626,0,false,,2023-12-20T10:13:30Z,"","Tomorrow Music",0.749,0.648,9,-7.869,1,0.116,0.0518,0.000326,0.21,0.487,94.946,4
spotify:track:5nX3PdVmN5qncVZZ5ZwlpV,"Earth To Sky","Shadowlands","Matthew Parker",2014-09-30,213773,0,false,,2023-12-20T10:13:30Z,"christian edm,christian pop,christian","Dream Records (DRE)",0.656,0.669,1,-7.215,1,0.0346,0.00227,0,0.0837,0.576,152.047,4
spotify:track:0G5RHUkIQoyytUvcQ1oCQY,"Like You Do (feat. V. Rose)","Like You Do (feat. V. Rose)","Roy Tosh;V. Rose",2019-04-26,184194,19,false,,2023-12-20T10:13:30Z,"christian hip hop,christian pop,christian edm,christian r&b,christian","RoyToshMusic / RMG Amplify",0.771,0.647,4,-5.178,0,0.0458,0.0351,0.0000039,0.0738,0.586,95.948,4
spotify:track:055MicSloLpnap0aXYygKl,"I Know","POWER","Group 1 Crew;Jor'dan Armstrong",2016-07-29,202013,19,false,,2023-12-20T10:13:30Z,"christian pop,christian edm,christian,christian hip hop,ccm,christian alternative rock,christian r&b,gospel","Fervent Records",0.747,0.801,0,-6.336,1,0.136,0.00437,0,0.286,0.743,146.906,4
spotify:track:7457jURDYPCGH9tvJQVKO1,"Rosegold","Pleasant Hill","WHATUPRG",2018-05-25,187029,31,false,,2023-12-20T10:13:30Z,"christian hip hop,christian,christian r&b","Reach Records",0.756,0.434,5,-6.653,0,0.167,0.0917,0,0.275,0.685,163.905,4
spotify:track:0JVQbPYjWTbyaDeGOtwAsS,"Falling Into You - Studio Version","Falling Into You (Studio Version)","Hillsong Young & Free;Melodie Wagner",2016-11-04,181133,0,false,,2023-12-20T10:13:30Z,"worship,christian,pop worship,christian edm,christian pop","Hillsong (HIL)",0.568,0.669,7,-5.556,1,0.0357,0.0113,0,0.12,0.68,105.016,4
spotify:track:1BDyjxOKmnl9r1n3LatvPY,"Live Forever","Live Forever","116;1K Phew;Aaron Cole;Hulvey;Tedashii;Tommy Royale;Anike;Trip Lee",2020-01-16,279463,42,false,,2023-12-20T10:13:30Z,"christian hip hop,christian reggaeton,christian r&b,christian,rap chrétien,christian pop,worship,afrogospel,chinese hip hop","Reach Records",0.68,0.772,1,-5.314,0,0.0788,0.0825,0,0.395,0.512,156.014,4
spotify:track:5f4a8LWYVgk4WEQyQhuOwU,"Yes & No","Yes & No","David Dunn",2019-10-11,179290,0,false,,2023-12-20T10:13:30Z,"christian pop,christian,ccm,christian edm","BEC Recordings",0.699,0.467,2,-5.563,1,0.0526,0.0406,0,0.113,0.21,130.041,4
spotify:track:6kEP5D8D9xongkcKnTNcxa,"Jumped out the Whip","This Time Around","Tedashii",2016-03-04,247600,0,false,,2023-12-20T10:13:30Z,"christian hip hop,christian","Reach Records",0.787,0.714,0,-6.559,1,0.111,0.0659,0,0.0647,0.82,97.452,4
spotify:track:2N55KQgLMKtBiPQMkfbp8V,"808","This Time Around","Tedashii",2016-03-04,220169,0,false,,2023-12-20T10:13:30Z,"christian hip hop,christian","Reach Records",0.537,0.667,1,-5.927,1,0.0522,0.0576,0,0.11,0.2,97.923,4
spotify:track:13D9bqkjzzReyakZsTJlPu,"I'm Good","This Time Around","Tedashii",2016-03-04,197339,0,false,,2023-12-20T10:13:30Z,"christian hip hop,christian","Reach Records",0.707,0.617,8,-7.048,0,0.331,0.706,0,0.329,0.936,85.95,4
spotify:track:2GN8n6U279pUHGt8OrWxRK,"Diffrent Again","Diffrent Again","Starringo;Rapzilla;Aaron Cole;Parris Chariz",2019-09-20,230625,0,false,,2023-12-20T10:13:30Z,"christian hip hop,christian r&b,christian pop,christian,rap chrétien","Starringo",0.845,0.569,9,-5.828,1,0.0916,0.0734,0,0.0897,0.469,149.99,4
spotify:track:6d0OYHCix5Bp6NDsbdWSf3,"No Further","EXIT","Anike",2020-04-24,198160,26,false,,2023-12-20T10:13:30Z,"christian hip hop,christian r&b,christian,christian pop,afrogospel","Reach Records",0.768,0.713,11,-5.044,0,0.0483,0.0411,0.0000513,0.0626,0.595,108.997,4
spotify:track:4wVFTdkHhgDXODgkNhgDOy,"Be The Light","EXIT","Anike;Evan and Eris",2020-04-24,208406,28,false,,2023-12-20T10:13:30Z,"christian hip hop,christian r&b,christian,christian pop,afrogospel,gospel","Reach Records",0.58,0.726,0,-5.067,1,0.0503,0.263,0,0.155,0.208,135.077,4
spotify:track:7Ir59OUEtKj4qY97QVVyoi,"Ghetto","Ghetto","Porsha Love;Marc Stevens;Miles Minnick",2020-06-26,164400,0,false,,2023-12-20T10:13:30Z,"christian hip hop,christian r&b,christian pop,christian","Porsha Love",0.811,0.682,8,-8.839,1,0.205,0.409,0.00000244,0.126,0.649,100.006,4
spotify:track:158YX6OCJ8WUJIUKfW7Dt1,"Armies","Armies","KB",2020-04-17,210783,45,false,,2023-12-20T10:13:30Z,"christian hip hop,christian,christian pop","HGA/Essential Sound",0.714,0.688,8,-6.954,1,0.0485,0.00281,0.00000136,0.168,0.104,148.01,4
spotify:track:44wnvKcIyLSSLE7xiUguXk,"God Taught Me","God Taught Me","Zauntee",2017-03-24,231230,0,false,,2023-12-20T10:13:30Z,"christian hip hop,christian,christian pop","Zauntee",0.706,0.638,11,-4.18,0,0.0916,0.312,0,0.103,0.47,130.066,4
spotify:track:41Bh60o6KY7dakdwBoIfUM,"Tomorrow","Tomorrow","Jor'dan Armstrong",2018-03-23,237584,22,false,,2023-12-20T10:13:30Z,"christian r&b,christian hip hop,gospel,christian pop","Good Guys/ SeaQ",0.547,0.627,10,-7.311,0,0.0359,0.0513,0.00145,0.112,0.615,174.967,4
spotify:track:7vPxi89V6ppkji9oAcT5qE,"Pretty Sad","Forth","V. Rose;Anike",2019-08-09,180789,22,false,,2023-12-20T10:13:30Z,"christian r&b,christian hip hop,christian pop,christian,christian edm,afrogospel","Independent",0.738,0.583,6,-7.805,0,0.217,0.00557,0,0.142,0.62,75.942,4
spotify:track:1ui1Sc62sG5RDL2tv6Pyoc,"All the Way","Going Up","Byron Juane;Derek Minor",2019-03-14,188800,0,false,,2023-12-20T10:13:30Z,"christian hip hop,christian r&b","Chronic Trax",0.595,0.769,10,-7.523,0,0.0724,0.265,0,0.0611,0.445,150.083,4
spotify:track:1i9wVcViMO8GixKBIXQNFP,"It Could Be Worse","It Could Be Worse","Dillon Chase",2020-04-24,190387,2,false,,2023-12-20T10:13:30Z,"christian hip hop","Die Daily",0.426,0.729,9,-8.655,1,0.2,0.436,0,0.0909,0.304,173.812,4
spotify:track:6U1BDfEL6kjtpVqHA8Hc5l,"I'm Sorry","I'm Sorry","Zauntee",2020-09-10,227999,0,false,,2023-12-20T10:13:30Z,"christian hip hop,christian,christian pop","Fair Trade/Columbia",0.466,0.521,2,-7.539,0,0.0414,0.5,0.000275,0.111,0.208,144.134,4
spotify:track:1wgzfPgwvloVXMyheur4EH,"Still Breathing","Still Breathing","VERIDIA",2016-09-16,163831,28,false,,2023-12-20T10:13:30Z,"christian rock,christian alternative rock","Word Records",0.634,0.708,4,-3.538,0,0.0379,0.0203,0.00000673,0.322,0.369,97.978,4
spotify:track:7LfFUe93bFKb8f8DF1dZCB,"Testify","Testify","Social Club Misfits;Crowder",2019-05-10,219013,36,false,,2023-12-20T10:13:30Z,"christian hip hop,christian,christian pop,christian reggaeton,worship,country christian,ccm,christian alternative rock,christian rock","Social Club",0.519,0.867,8,-4.868,0,0.178,0.0223,0,0.0917,0.336,156.051,4
spotify:track:4irLTXfEeLEXO79PcwpiZC,"Patience","Olivia Gabriela","Olivia Gabriela",2021-08-27,173464,4,false,,2023-12-20T10:13:30Z,"christian r&b,christian pop","Transparent Music Group",0.75,0.587,7,-6.106,1,0.0294,0.203,0.0000838,0.096,0.508,95.989,4
spotify:track:51xS7sfw1GVW3KCTxatk1J,"God's City (feat. Phyre, Young Cortez & Puntin)","Exodus","Lucky Luciano;Dj Ovadose;Phyre;Young Cortez;Puntin",2020-11-27,264550,15,false,,2023-12-20T10:13:30Z,"latin hip hop,mexican hip hop,christian hip hop,pop worship","GT Digital / Lucky Luciano / EMPIRE",0.717,0.514,5,-7.583,0,0.286,0.0323,0,0.175,0.593,139.709,4
spotify:track:3IBb54MSP895B5y5tSeFHt,"Beloved (feat. Young Bro)","Exodus","Lucky Luciano;Dj Ovadose;Young Bro",2020-11-27,191662,11,false,,2023-12-20T10:13:30Z,"latin hip hop,mexican hip hop,christian hip hop,pop worship,christian r&b","GT Digital / Lucky Luciano / EMPIRE",0.834,0.595,10,-8.678,1,0.398,0.211,0,0.607,0.684,140.291,4
spotify:track:43j3KPlCRHA4QhCAcb6IMJ,"Pop Out Revenge","Pop Out Revenge","Social Club Misfits;Amari",2016-11-18,276547,0,false,,2023-12-20T10:13:30Z,"christian hip hop,christian,christian pop,christian reggaeton","Capitol CMG Label Group",0.739,0.745,4,-5.848,0,0.0379,0.00223,0.00000107,0.229,0.22,139.982,4
spotify:track:1dwzPXyUsIqTA4RY9GjBRs,"Coat of Many Colors","The Season","Joey Vantes",2019-12-20,156409,14,false,,2023-12-20T10:13:30Z,"christian hip hop,christian r&b","Signature Sound",0.752,0.643,6,-9.216,0,0.111,0.00349,0,0.276,0.296,160.085,5
spotify:track:11mVDwC8CmIPP6jbVvWhK4,"Laugh About It (Jorgen Odegard Remix) (feat. Jorgen Odegard)","Laugh About It (Jorgen Odegard Remix) (feat. Jorgen Odegard)","Paper Route;Jorgen Odegard",2016-06-03,246883,11,false,,2023-12-20T10:13:30Z,"christian rock,christian alternative rock","Kemosabe Records",0.771,0.657,6,-4.887,0,0.0629,0.493,0.000152,0.119,0.495,139.968,4
spotify:track:2EWLAcAQIPt6Q65BtqOGPf,"It Is Well (Portrait Remix)","Crystal Clear","David Dunn",2015-06-23,243640,0,false,,2023-12-20T10:13:30Z,"christian pop,christian,ccm,christian edm","BEC Recordings",0.44,0.78,6,-5.279,0,0.281,0.00328,0.00000522,0.13,0.517,199.867,4
spotify:track:1ka6kAR7XbUGuqdIs3OqKn,"The Remedy","The Remedy","Rhyan LaMarr;Jonathan McReynolds;Jack Red",2020-02-07,334743,7,false,,2023-12-20T10:13:30Z,"christian hip hop,gospel,christian r&b,worship","Red Guerrilla Music LLC",0.446,0.791,10,-7.957,0,0.184,0.0714,0,0.235,0.229,94.787,4
spotify:track:6pUpBgFiGblOB0kflyjbkx,"Monster","Today We Rebel","KB;Aha Gazelle",2017-10-20,197480,0,false,,2023-12-20T10:13:30Z,"christian hip hop,christian,christian pop,christian r&b","Reach Records",0.66,0.591,11,-7.934,0,0.257,0.116,0.0000155,0.147,0.281,140.045,4
spotify:track:5rC4JR8zJF5xzVWdi6tHBp,"Not Today Satan","Today We Rebel","KB;Andy Mineo",2017-10-20,246545,0,false,,2023-12-20T10:13:30Z,"christian hip hop,christian,christian pop","Reach Records",0.82,0.671,1,-4.442,1,0.047,0.0566,0.00000395,0.124,0.468,130.005,4
spotify:track:5Q49fUwUYTIhQQNolF0ndS,"What's Your Name? (feat. Daramola)","What's Your Name? (feat. Daramola)","S.O.;Daramola",2017-05-12,261030,17,false,,2023-12-20T10:13:30Z,"christian hip hop,afrogospel,christian r&b,latin afrobeats","Lamp Mode Recordings",0.773,0.551,1,-8.243,0,0.307,0.131,0.0000116,0.0894,0.543,96.908,4
spotify:track:3cNSXhXP1Q7GW0fjFXwRU2,"You Know It","1014 - EP","Derek Minor",2016-07-29,232558,0,false,,2023-12-20T10:13:30Z,"christian hip hop","eOne Music",0.449,0.574,1,-6.138,1,0.0999,0.0504,0,0.0901,0.186,100.127,3
spotify:track:1p9tNHBD4U8pVKFRhvOxJg,"ONLY U (feat. Terrian)","Only U Forever","Aaron Cole;Terrian",2020-05-22,202493,28,false,,2023-12-20T10:13:30Z,"christian hip hop,christian r&b,christian pop,christian,worship,gospel,ccm","Gotee Records",0.588,0.69,5,-5.346,0,0.126,0.0779,0,0.266,0.435,90.644,4
spotify:track:1nlnsZdQNqcmhbkqQ0Hdv6,"Save Me","#Whoami","Hopp",2018-10-22,225276,6,false,,2023-12-20T10:13:30Z,"christian hip hop","HOPP",0.668,0.574,0,-7.311,1,0.0402,0.287,0,0.394,0.314,127.025,4
spotify:track:29aP2Wl8M7U6PxUFid2nWP,"Can't Stop Me Now (Destination)","Can't Stop Me Now (Destination)","Lecrae",2016-10-21,249786,0,false,,2023-12-20T10:13:30Z,"christian hip hop,christian,christian r&b,christian pop,chinese hip hop,rap chrétien","Reach Records/Columbia",0.716,0.77,8,-6.197,0,0.301,0.254,0,0.095,0.572,122.837,4
spotify:track:7EfXMNgTbi9xpchysDTOln,"Perfectly Loved - Remix","Perfectly Loved (Remix)","CORTÉ;Anike;Lasanna ""ACE"" Harris",2019-10-18,198973,34,false,,2023-12-20T10:13:30Z,"christian pop,christian,christian hip hop,christian r&b,afrogospel","Gotee Records",0.63,0.808,8,-3.354,1,0.0409,0.0106,0,0.377,0.502,100.037,4
spotify:track:5CzYe0Ys64vKSkaBl0cL0q,"Time to Believe","Wet Paint 3: Church Socks & Jordans","Von Won",2019-11-23,253675,6,false,,2023-12-20T10:13:30Z,"christian hip hop","Grown And Saved/Faith Verse",0.287,0.69,8,-6.415,1,0.0985,0.123,0,0.103,0.45,78.511,4
spotify:track:6fBn75MoTbGBR2Pyj5Rho5,"Candy Rain","Candy Rain","Andy Mineo",2016-09-02,243198,0,false,,2023-12-20T10:13:30Z,"christian hip hop,christian","Reach Records",0.89,0.439,5,-9.451,1,0.0778,0.235,0,0.0927,0.475,115.968,4
spotify:track:42T6D7s04qCRSOzwG2GjYg,"Momma Taught Me","Happy Thoughts","Andy Mineo",2020-12-02,150176,48,false,,2023-12-20T10:13:30Z,"christian hip hop,christian","Reach Records",0.848,0.575,1,-8.394,1,0.113,0.00558,0.000485,0.137,0.362,96.016,4
spotify:track:0CBIaElfSiMbG7vQBAeCRR,"In The Room","Just Listen","Lexi",2018-06-08,252186,0,false,,2023-12-20T10:13:30Z,"christian r&b,gospel","Motown Gospel (EGS)",0.627,0.653,6,-3.601,0,0.0619,0.591,0,0.135,0.179,104.919,4
spotify:track:6XxqiRUHeqbVMffxDLGleJ,"Look to God","Warren Park","Jet Trouble",2017-11-13,208293,0,false,,2023-12-20T10:13:30Z,"christian pop,christian alternative rock,christian,christian edm","Kings Dream Ent",0.557,0.53,1,-7.735,0,0.17,0.645,0,0.11,0.177,78.259,4
spotify:track:3d7EB8CLwYktle3xCLWh82,"Youth","Warren Park","Jet Trouble;Paul Russell",2017-11-13,200813,0,false,,2023-12-20T10:13:30Z,"christian pop,christian alternative rock,christian,christian edm","Kings Dream Ent",0.782,0.496,0,-7.706,1,0.162,0.372,0,0.262,0.646,147.063,4
spotify:track:4zPmVJ51QlCimfTrQIqQiV,"NATIVE TONGUE","NATIVE TONGUE","Switchfoot",2019-01-18,278133,48,false,,2023-12-20T10:13:30Z,"christian rock,christian alternative rock,ccm,christian","Fantasy",0.586,0.895,6,-5.223,0,0.117,0.00434,0,0.37,0.312,127.998,4
spotify:track:5C5FqRfbXF9oY4HSRYyqn3,"Hold Me Back","Hold Me Back","KB",2019-04-26,223107,56,false,,2023-12-20T10:13:30Z,"christian hip hop,christian,christian pop","Reach Records",0.674,0.771,8,-4.364,0,0.142,0.187,0,0.247,0.511,150.896,4
spotify:track:3nzW1PKfjLC3GvJ0MdZUn1,"Yes I Do","I Encourage Growth","Bryann T;Moe Grant",2018-12-02,264960,25,false,,2023-12-20T10:13:30Z,"christian hip hop,christian,christian r&b","Kingdom Muzic",0.599,0.468,6,-8.038,0,0.317,0.124,0.00000102,0.0802,0.297,62.348,3
spotify:track:5UlJd8LYFURsALAOH9pPQK,"Unbreakable Smile","Unbreakable Smile","Tori Kelly",2016-01-29,228533,40,false,,2023-12-20T10:13:30Z,"","Tori Kelly",0.745,0.698,6,-7.86,1,0.115,0.186,0.0000462,0.0526,0.72,92.495,4
spotify:track:1iBvVK8Q2dguvmxa6EFchK,"Expensive","Unbreakable Smile","Tori Kelly;Daye Jack",2016-01-29,207173,35,false,,2023-12-20T10:13:30Z,"","Tori Kelly",0.782,0.774,6,-5.073,0,0.0333,0.0549,0.0000502,0.488,0.671,112.007,4
spotify:track:68OtOO76esj0YiLb31wLmw,"How Could I Be Silent","How Could I Be Silent","Caitie Hurst",2018-04-20,217926,0,false,,2023-12-20T10:13:30Z,"christian pop,christian edm,christian,ccm","Centricity Music (CEY)",0.654,0.728,10,-5.908,0,0.109,0.00701,0.0288,0.73,0.734,172.067,4
spotify:track:31EdJlJr0myVrjSzv8hKG0,"Tempo","Tempo","KB",2016-08-05,240516,0,false,,2023-12-20T10:13:30Z,"christian hip hop,christian,christian pop","Reach Records",0.758,0.683,1,-6.012,1,0.0346,0.0882,0,0.341,0.349,111.081,4
spotify:track:2Tm4Du2jebQfN75NVaxmfP,"Gotta Wait (feat. Eris Ford)","We Still Believe","Roy Tosh;Eris Ford",2021-10-01,195589,20,false,,2023-12-20T10:13:30Z,"christian hip hop,christian pop,christian edm,christian r&b,christian","RoyToshMusic / RMG Amplify",0.686,0.638,4,-4.972,1,0.0593,0.0668,0,0.0896,0.534,150.006,4
spotify:track:3nvZx5RF5eedOxa7vEjgf0,"Supernatural","Hills and Valleys (Deluxe Edition)","Tauren Wells",2017-06-23,265294,31,false,,2023-12-20T10:13:30Z,"christian,worship,christian pop,ccm","Reunion Records",0.66,0.697,6,-7.025,0,0.0424,0.0707,0,0.0675,0.381,106.021,4
spotify:track:56Orv9bRGqgQxtVvkxjVud,"Catch My Vibe (feat. Tommy Royale)","Catch My Vibe (feat. Tommy Royale)","Beacon Light;Tommy Royale",2018-07-13,201739,0,false,,2023-12-20T10:13:30Z,"christian reggaeton,christian hip hop","Infinity Music/RMG Amplify",0.867,0.68,6,-5.311,1,0.0451,0.25,0,0.146,0.684,137.944,4
spotify:track:1xIIP2mHiIx8XzYrEQCHqt,"Deeper","Deeper","SVRCINA",2017-02-03,184592,15,false,,2023-12-20T10:13:30Z,"","Svrcina",0.564,0.675,3,-4.724,0,0.0375,0.0755,0.00000576,0.441,0.339,72.507,4
spotify:track:3MPe7BFXVki6LtWBzxSd0f,"Don't Play Cheap","Don't Play Cheap","Hulvey",2020-07-31,181472,48,false,,2023-12-20T10:13:30Z,"christian hip hop,christian,christian r&b,christian pop,worship","Reach Records",0.943,0.674,1,-6.001,1,0.0633,0.317,0.00000444,0.0939,0.72,119.972,4
spotify:track:7LPN6h4inYeGCrj8reMmgy,"Grow Up","Clear the Heir","Christon Gray",2018-10-19,232933,11,false,,2023-12-20T10:13:30Z,"christian hip hop,christian r&b,christian jazz","Fo Yo Soul/Essential Sound",0.793,0.702,11,-6.558,0,0.202,0.678,0.000296,0.219,0.939,99.997,4
spotify:track:0mr7sUl43u70XMdvDjHUot,"Never Going Back","Never Going Back","Marcus Sullivan Live;3 Da Soul Trappa;V Squad;Jessica Williams",2021-09-24,214200,10,false,,2023-12-20T10:13:30Z,"christian hip hop","Blessed Beatz Media",0.677,0.563,11,-8.516,0,0.289,0.0489,0,0.281,0.305,171.167,4
spotify:track:1ne0g8iUXfFdxNx55Onxz2,"Diamonds","Diamonds","GAWVI;Jannine Weigel",2017-09-15,186108,0,false,,2023-12-20T10:13:30Z,"christian hip hop,christian reggaeton,christian pop,christian edm,christian r&b,christian,thai pop","Reach Records",0.749,0.827,10,-5.889,0,0.0895,0.0248,0.000323,0.332,0.548,99.933,4
spotify:track:5k9VuQEeySm7vOIkj5joWW,"Adventure","Adventure","Matthew Parker",2016-10-21,187520,2,false,,2023-12-20T10:13:30Z,"christian edm,christian pop,christian","DROM",0.767,0.857,6,-4.687,0,0.0558,0.0477,0,0.267,0.86,114.02,4
spotify:track:6oNZ4fZ9N7IL4tcaibIX9p,"Like We Belong","We Belong","GAWVI",2017-03-31,245336,0,false,,2023-12-20T10:13:30Z,"christian hip hop,christian reggaeton,christian pop,christian edm,christian r&b,christian","Reach Records",0.492,0.547,6,-8.955,0,0.0401,0.052,0.0000156,0.0863,0.246,119.563,4
spotify:track:5nHPN5G9b5WPpYHbT8Oglp,"We Against The World","We Against The World","Hulvey;Andy Mineo",2021-03-19,191696,27,false,,2023-12-20T10:13:30Z,"christian hip hop,christian,christian r&b,christian pop,worship","Reach Records",0.684,0.633,7,-7.118,1,0.313,0.573,0,0.108,0.739,159.934,4
spotify:track:2I7aT8zO7KMUJke7jioyv0,"Olympian","Crooked","Propaganda",2017-06-30,218739,0,false,,2023-12-20T10:13:30Z,"christian hip hop,spoken word","Fair Trade/Columbia",0.376,0.689,0,-6.267,0,0.2,0.168,0,0.108,0.101,171.806,4
spotify:track:3koXgkgGLFQmRtAdPDlJvn,"You Told Me","You Told Me (feat. Young Bro)","Kurtis Hoppie;Young Bro",2019-09-27,197014,19,false,,2023-12-20T10:13:30Z,"christian hip hop,christian pop,christian,christian r&b","One Vision Inc.",0.617,0.539,5,-11.406,0,0.109,0.363,0,0.117,0.216,133.875,4
spotify:track:6i0V12jOa3mr6uu4WYhUBr,"Heathens","Heathens","Twenty One Pilots",2016-06-16,195920,88,false,,2023-12-20T10:13:30Z,"","Atlantic Records",0.732,0.396,4,-9.348,0,0.0286,0.0841,0.0000358,0.105,0.548,90.024,4
spotify:track:1pKutUZfThtlEWdvxT1jHV,"Sidelines","Church Clothes 3","Lecrae",2016-01-15,216454,0,false,,2023-12-20T10:13:30Z,"christian hip hop,christian,christian r&b,christian pop,chinese hip hop,rap chrétien","Reach Records",0.694,0.772,1,-6.298,1,0.364,0.128,0.00000151,0.113,0.639,171.977,4
spotify:track:44vJvzaRzC9NZIuJ9zdzbv,"Center Stage","Center Stage","Zauntee",2020-01-10,192068,0,false,,2023-12-20T10:13:30Z,"christian hip hop,christian,christian pop","Fair Trade/Columbia",0.675,0.766,7,-5.881,0,0.0589,0.0562,0.000963,0.117,0.358,99.041,4
spotify:track:3krb5j9ZsU8DDNKu3FvfKR,"MY GOD","MY GOD","Jor'dan Armstrong",2021-06-11,181175,3,false,,2023-12-20T10:13:30Z,"christian r&b,christian hip hop,gospel,christian pop","Jor'Dan Armstrong Music",0.726,0.716,11,-7.244,0,0.0576,0.0172,0,0.113,0.607,95.812,4
spotify:track:52jHZXtW03EI5qCv3NKg1E,"I Can't Quit (feat. Reconcile)","I Can't Quit (feat. Reconcile)","Capital Kings;Reconcile",2016-07-29,207878,0,false,,2023-12-20T10:13:30Z,"christian edm,christian pop,christian,christian hip hop","Gotee Records",0.667,0.974,0,-3.129,0,0.111,0.0302,0.0000166,0.278,0.362,127.993,4
spotify:track:77S4koa0ZTeCkqAbGtTjT6,"Jetpack","Jetpack","Young Noah;V. Rose",2018-10-19,183326,7,false,,2023-12-20T10:13:30Z,"christian hip hop,christian r&b,christian pop,christian,christian edm","FALLN WRLD",0.678,0.572,8,-6.259,0,0.133,0.0816,0.0000143,0.442,0.411,150.028,4
spotify:track:3dO540N74bBzkNctFZK76s,"DAILY","DAILY","Cortes;Cass",2019-07-26,194368,17,false,,2023-12-20T10:13:30Z,"christian r&b,christian lo-fi,christian hip hop,christian pop,christian,breakbeat","Cortes",0.666,0.38,1,-12.043,0,0.0705,0.0931,0,0.136,0.418,118.976,4
spotify:track:1K3JckJ3DNFHI6MHbix1ME,"Mad Today","Prelude","Hulvey",2020-01-22,149466,27,false,,2023-12-20T10:13:30Z,"christian hip hop,christian,christian r&b,christian pop,worship","Reach Records",0.864,0.651,2,-6.507,1,0.0865,0.00763,0,0.139,0.42,106.007,4
spotify:track:15yiQSNbQ59KWoRXxRDy58,"Higher","Prelude","Hulvey;Zach Paradis",2020-01-22,193003,27,false,,2023-12-20T10:13:30Z,"christian hip hop,christian,christian r&b,christian pop,worship","Reach Records",0.691,0.529,5,-10.222,0,0.0452,0.0427,0.0672,0.106,0.705,155.016,4
spotify:track:3BFHgeabGfAvdI5KyVBHg8,"Amen","Amen","Izze",2016-05-06,209333,0,false,,2023-12-20T10:13:30Z,"christian hip hop,gospel,christian r&b","SeaQ/Good Guys",0.384,0.471,3,-11.832,1,0.0528,0.00637,0,0.132,0.349,135.007,4
spotify:track:4d6pCVZeIXjjkTsEud5NQS,"Never Fail","CHASING GHOSTS","Da' T.R.U.T.H.;Greg Cox",2020-03-27,174077,11,false,,2023-12-20T10:13:30Z,"christian hip hop,afrogospel,christian r&b","Da' T.R.U.T.H.",0.717,0.374,6,-7.707,1,0.395,0.689,0.00783,0.108,0.213,89.865,4
spotify:track:7LDLAPcNndd42rGvCsL9Dq,"THERE FOR ME","NOT BY CHANCE","Aaron Cole",2019-08-30,180327,26,false,,2023-12-20T10:13:30Z,"christian hip hop,christian r&b,christian pop,christian","Gotee Records",0.662,0.741,1,-4.757,0,0.0495,0.367,0.00000104,0.0848,0.493,99.939,4
spotify:track:5E1Np2je3NS2ucYjgoZwrM,"DNOU2","DNOU2","KB",2019-04-05,224668,32,false,,2023-12-20T10:13:30Z,"christian hip hop,christian,christian pop","Reach Records",0.731,0.765,9,-3.692,0,0.0782,0.125,0,0.592,0.416,113.083,4
spotify:track:2Z8WuEywRWYTKe1NybPQEW,"Ride","Blurryface","Twenty One Pilots",2015-05-15,214506,90,false,,2023-12-20T10:13:30Z,"","Fueled By Ramen",0.645,0.713,6,-5.355,1,0.0393,0.00835,0,0.113,0.566,74.989,4
spotify:track:322Be9xdBaPhiB8rX6BVls,"Destiny","Destiny","Ty Brasel",2021-02-12,159857,26,false,,2023-12-20T10:13:30Z,"christian hip hop,christian r&b,christian","4 AGAINST 5",0.802,0.647,5,-6.456,1,0.112,0.149,0.000555,0.118,0.479,140.012,4
spotify:track:0BIzcKeIKFp0mxA6bH9xTg,"Golden","Give My All / Golden","LZ7;S.O.",2017-06-02,199991,28,false,,2023-12-20T10:13:30Z,"christian edm,christian pop,christian,christian hip hop,afrogospel,christian r&b","Light Music",0.764,0.829,5,-4.874,0,0.115,0.147,0,0.364,0.659,122.024,4
spotify:track:0eUiHZiEkeMbh2alketeOv,"Meant For Me","Destined For Greatness","Ty Brasel",2018-12-07,208368,27,false,,2023-12-20T10:13:30Z,"christian hip hop,christian r&b,christian","4 AGAINST 5",0.613,0.603,6,-6.985,0,0.132,0.0308,0,0.375,0.387,159.127,4
spotify:track:51icuPlh114mS7bNRPv2Ph,"Fire Away (feat. Spzrkt)","Below Paradise","Tedashii;SPZRKT",2014-05-27,263363,0,false,,2023-12-20T10:13:30Z,"christian hip hop,christian,contemporary r&b","Reach Records",0.617,0.804,2,-4.868,0,0.0802,0.134,0,0.094,0.488,137.044,4
spotify:track:4gTB45ZsPSNLKZGFkh9CG0,"We Still Believe","We Still Believe","Roy Tosh",2021-03-19,182602,13,false,,2023-12-20T10:13:30Z,"christian hip hop,christian pop,christian edm,christian r&b,christian","RoyToshMusic / RMG Amplify",0.555,0.457,0,-4.465,0,0.0333,0.011,0,0.089,0.413,89.928,4
spotify:track:5CEuCRSBmHPFAIIaSFy30N,"This Is My Year - Matoma Remix","Time Still Stands","Family Force 5;Matoma",2015-11-06,187946,0,false,,2023-12-20T10:13:30Z,"christian rock,christian edm,christian alternative rock,crunk,christian pop,tropical house","Word Records",0.703,0.859,5,-3.473,1,0.0319,0.152,0.00000468,0.206,0.684,106.011,4
spotify:track:2woaV6TipRu2NDgmiH4JT5,"Glow In The Dark - Grapishsoda Remix","Time Still Stands","Family Force 5;Grapishsoda",2015-11-06,194637,0,false,,2023-12-20T10:13:30Z,"christian rock,christian edm,christian alternative rock,crunk,christian pop","Word Records",0.642,0.862,5,-4.421,1,0.0294,0.0055,0.000155,0.343,0.46,115.014,4
spotify:track:3bZBLuUUlBGOz3icz5zrRX,"Reckless Love","Reckless Love","Israel Houghton",2018-03-09,322502,38,false,,2023-12-20T10:13:30Z,"gospel,worship","RGM-New Breed Music/RCA Inspiration",0.243,0.737,8,-4.237,1,0.0702,0.379,0,0.434,0.267,155.899,3
spotify:track:05JvxrmX4XHchNxipO9Ssj,"Like Myself","Like Myself","Elizabeth Grace",2019-10-18,148571,0,false,,2023-12-20T10:13:30Z,"christian edm,christian pop,christian","Dream Records (DRE)",0.501,0.621,9,-7.957,0,0.157,0.0528,0,0.379,0.326,167.972,4
spotify:track:1rDFKjc3N1o8REMY9jVBPh,"Can't Quit You","Colton Dixon","Colton Dixon",2020-05-15,200538,27,false,,2023-12-20T10:13:30Z,"christian,christian pop,ccm,worship,christian rock","Atlantic Records",0.773,0.57,2,-10.356,1,0.067,0.692,0.000192,0.0948,0.362,112.059,4
spotify:track:1Cv1YLb4q0RzL6pybtaMLo,"Sunday Best","Where the Light Is","Surfaces",2019-01-06,158571,8,false,,2023-12-20T10:13:30Z,"","Surfaces, LLC / TenThousand Projects, LLC",0.878,0.525,5,-6.832,1,0.0578,0.183,0,0.0714,0.694,112.022,4
spotify:track:0PloUBDw2Nl5nquG3w8s1O,"Let's Get to It","Let's Get to It","Thi'sl",2019-06-29,186000,16,false,,2023-12-20T10:13:30Z,"christian hip hop","Full Ride Music Group, LLC.",0.725,0.721,10,-3.963,0,0.13,0.0311,0.00000396,0.0783,0.362,159.998,4
spotify:track:1RzuGLsqc3eW3gwc3DLu2K,"Don't Fear (feat. V. Rose)","Revival","FLAME;Mike REAL;V. Rose",2016-05-20,189306,15,false,,2023-12-20T10:13:30Z,"christian hip hop,christian,christian r&b,christian pop,christian edm","Clear Sight Music",0.667,0.711,9,-4.056,1,0.216,0.279,0,0.181,0.665,82.971,4
spotify:track:0prNGof3XqfTvNDxHonvdK,"Scars To Your Beautiful","Know-It-All (Deluxe)","Alessia Cara",2015-11-13,230226,3,false,,2023-12-20T10:13:30Z,"","EP Entertainment, LLC / Def Jam",0.573,0.739,0,-5.74,1,0.129,0.0285,0,0.111,0.451,97.085,4
spotify:track:5O1liaGBdMTAQYunyfsamJ,"Lord Have Mercy","The Waiting Room","Trip Lee",2016-12-09,196010,0,false,,2023-12-20T10:13:30Z,"christian hip hop,christian,chinese hip hop","Reach Records",0.697,0.62,1,-8.755,1,0.269,0.141,0,0.119,0.272,80.025,4
spotify:track:2UeZQT26sCgw4ITsK8pRzS,"Thank the Lord (feat. V. Rose)","Thank the Lord (feat. V. Rose)","Mission;V. Rose",2018-07-20,217500,35,false,,2023-12-20T10:13:30Z,"christian hip hop,christian r&b,christian,christian pop,christian edm","RPSMG / RMG Amplify",0.755,0.643,8,-7.374,1,0.0894,0.213,0.000014,0.228,0.678,80.024,4
spotify:track:2otmHb8X6VOEi742vj1I85,"Never Give Up","Never Give Up","116;Paul Russell;Tedashii",2021-08-13,202431,36,false,,2023-12-20T10:13:30Z,"christian hip hop,christian reggaeton,christian","Reach Records",0.691,0.554,8,-8.155,1,0.192,0.00172,0,0.246,0.68,77.525,4
spotify:track:65RTyZesurf9xxf7FZVL1u,"Not Today - Remix","Not Today","Hillsong UNITED;Cole Walowac",2018-09-28,219186,0,false,,2023-12-20T10:13:30Z,"worship,christian,ccm,pop worship,gospel","Hillsong (HIL)",0.617,0.833,6,-4.476,0,0.0449,0.0919,0,0.385,0.43,109.995,4
spotify:track:17uDdRYHr7cyRiPSncGFif,"Dawn (feat. ABIV & WHATUPRG)","Dawn","Eric Heron;Abiv;WHATUPRG",2017-05-19,196500,22,false,,2023-12-20T10:13:30Z,"christian hip hop,christian lo-fi","Eric Heron Music",0.717,0.691,2,-6.471,1,0.228,0.193,0,0.166,0.618,99.875,4
spotify:track:2L8W5WXWlevcLM1iYYuLYJ,"Jesus or Nah?","Redeemed","Qheem The Redeemed",2016-06-10,186464,16,false,,2023-12-20T10:13:30Z,"christian hip hop","Hog Mob Muzik",0.903,0.714,2,-5.888,1,0.0836,0.0868,0,0.206,0.821,104.983,4
spotify:track:3Ucr0fsFOfzAGS8p7cAG4p,"Worst Year","My Life is a Beautiful Mess","Aklesso;GAWVI",2020-12-04,214124,27,false,,2023-12-20T10:13:30Z,"christian hip hop,christian r&b,afrogospel,christian reggaeton,christian pop,christian edm,christian","Good City Music",0.579,0.617,10,-7.982,1,0.0987,0.0858,0,0.357,0.449,159.689,4
spotify:track:7I079hnzaP3BNu5Ra7h6q4,"Set Me Free","Restoration","Lecrae;YK Osiris",2020-08-21,177474,54,false,,2023-12-20T10:13:30Z,"christian hip hop,christian,christian r&b,christian pop,chinese hip hop,rap chrétien","Reach Records",0.709,0.544,10,-7.277,0,0.234,0.0508,0,0.218,0.582,82.537,4
spotify:track:2xpJIk1kJNbK7dsSuDZGCx,"Zombie","Restoration","Lecrae",2020-08-21,151833,43,false,,2023-12-20T10:13:30Z,"christian hip hop,christian,christian r&b,christian pop,chinese hip hop,rap chrétien","Reach Records",0.615,0.678,2,-6.088,1,0.0695,0.0439,0,0.628,0.647,148.151,4
spotify:track:4C8H8Vkux7SI89I0uhAvBv,"Gotta Be God (feat. Russell Dickerson)","My Way","Lathan Warlick;Russell Dickerson",2021-04-23,170093,41,false,,2023-12-20T10:13:30Z,"christian hip hop,country hip hop,country,pop country","Records/Columbia",0.725,0.728,2,-5.434,1,0.0664,0.0823,0,0.11,0.448,164.122,4
spotify:track:3rcnkTpp69jiuw46sBDfM7,"Guide Me","Guide Me","John Soto",2020-10-28,205770,12,false,,2023-12-20T10:13:30Z,"christian hip hop,christian lo-fi","Christ Is King Music",0.678,0.661,2,-6.278,1,0.285,0.127,0,0.08,0.162,83.092,4
spotify:track:0HJ8YJ3KXYhEEO90gb1bjp,"NEVER WALK AWAY","NEVER WALK AWAY","ELEVATION RHYTHM",2019-07-12,200017,50,false,,2023-12-20T10:13:30Z,"worship,christian,christian pop,pop worship","Elevation Worship Records",0.52,0.847,8,-5.016,1,0.056,0.0594,0.0000588,0.0668,0.381,148.725,4
spotify:track:1r31U6R2caRtedD86GM529,"Waiting on You","Light Work 2: Bars & Melodies","Bizzle",2019-03-29,192190,38,false,,2023-12-20T10:13:30Z,"christian hip hop,christian,christian r&b","God Over Money LLC",0.793,0.644,11,-9.58,1,0.253,0.395,0,0.103,0.545,79.934,4
spotify:track:0TjqCwN9MubG45YGafYWF6,"We Been Here","We Been Here (feat. Aaron Cole)","Canon;Aaron Cole",2017-05-19,178888,29,false,,2023-12-20T10:13:30Z,"christian hip hop,christian r&b,christian pop,christian","Reflection Music Group / EMPIRE",0.61,0.761,10,-4.045,0,0.245,0.109,0,0.133,0.408,80.929,4
spotify:track:4cBlIM5AjnQ74f52Dv7T5K,"Change","The Search","NF",2019-07-26,234074,69,false,,2023-12-20T10:13:30Z,"christian hip hop","NF Real Music",0.784,0.753,6,-4.099,0,0.213,0.438,0,0.167,0.532,116.959,4
spotify:track:0aQA9DP54h37OevE7hRc2a,"My Stress","The Search","NF",2019-07-26,252711,65,false,,2023-12-20T10:13:30Z,"christian hip hop","NF Real Music",0.653,0.796,7,-4.05,0,0.245,0.24,0,0.108,0.405,160.026,4
spotify:track:6MxMqCgqmekcr0VwSU7AVH,"Time","The Search","NF",2019-07-26,240428,73,false,,2023-12-20T10:13:30Z,"christian hip hop","NF Real Music",0.677,0.688,0,-4.058,0,0.0633,0.138,0,0.114,0.198,98.049,4
spotify:track:5rLyYxZNzca00ENADO9m54,"When I Grow Up","The Search","NF",2019-07-26,196800,75,false,,2023-12-20T10:13:30Z,"christian hip hop","NF Real Music",0.817,0.814,2,-3.985,1,0.185,0.32,0,0.152,0.247,109.994,4
spotify:track:7hdw5gAGMyyn9z0XgfTv1j,"NO NAME","NO NAME","NF",2018-01-19,183826,61,false,,2023-12-20T10:13:30Z,"christian hip hop","NF Real Music",0.718,0.795,0,-3.978,0,0.142,0.223,0,0.12,0.292,130.77,4
spotify:track:13ZzEc0cO2onuMy1MBDUTJ,"Lovely - Radio Mix","Lovely (Radio Mix)","Hollyn",2017-11-03,202566,0,false,,2023-12-20T10:13:30Z,"christian pop,christian,christian edm,ccm","Gotee Records",0.652,0.543,1,-8.193,0,0.12,0.533,0.00000108,0.101,0.737,174.042,4
spotify:track:2tkA0frBybxjFnWRkNcx1H,"Don’t Worry Bout It","Don’t Worry Bout It","Anike;Porsha Love",2021-08-13,172725,46,false,,2023-12-20T10:13:30Z,"christian hip hop,christian r&b,christian,christian pop,afrogospel","Reach Records",0.867,0.707,2,-7.236,1,0.107,0.0174,0.000232,0.142,0.481,97.989,4
spotify:track:2w0SBNpcUnCT5y6DaobvyE,"Won't He Do It (Remix)","Koryn Hawthorne - EP","Koryn Hawthorne",2017-08-11,211179,29,false,,2023-12-20T10:13:30Z,"christian r&b,gospel,worship,christian","RCA Inspiration",0.725,0.632,7,-3.81,0,0.075,0.0192,0,0.212,0.57,140.12,4
spotify:track:5cNkYiTkSFc1SbztpHbXeq,"If You Say Go - Grapishsoda Remix","Not Backing Down (Remix EP)","Blanca",2016-07-22,200600,8,false,,2023-12-20T10:13:30Z,"christian,christian pop,christian r&b,ccm,worship,christian edm","Curb | Word",0.714,0.574,4,-6.258,0,0.0358,0.108,0.00000528,0.0882,0.407,121.009,4
spotify:track:099784bsl81kMShKql5hvT,"Is That Okay?","Feared By Hell","Social Club Misfits",2020-10-30,230057,27,false,,2023-12-20T10:13:30Z,"christian hip hop,christian,christian pop,christian reggaeton","Social Club",0.799,0.72,8,-7.968,1,0.167,0.138,0,0.0451,0.678,114.083,4
spotify:track:5gdiTtT4acVSQb092WK7BH,"Without You","Feared By Hell","Social Club Misfits;Riley Clemmons",2020-10-30,209917,30,false,,2023-12-20T10:13:30Z,"christian hip hop,christian,christian pop,christian reggaeton,worship,ccm","Social Club",0.702,0.628,7,-6.472,1,0.055,0.258,0,0.0614,0.534,125.892,4
spotify:track:4YbUkh9PrSPhxrdNZSH7Ut,"Born Again (feat. Zauntee)","Born Again (feat. Zauntee)","Austin French;Zauntee",2018-10-05,177546,41,false,,2023-12-20T10:13:30Z,"christian,christian pop,ccm,worship,christian hip hop","Fair Trade/Columbia",0.375,0.752,6,-4.361,0,0.0462,0.00792,0,0.272,0.569,106.222,3
spotify:track:20bCjaO3EDCWxgOBztUO7Y,"You Won't","You Won't / Horizon","Hollyn",2018-11-16,223613,24,false,,2023-12-20T10:13:30Z,"christian pop,christian,christian edm,ccm","Gotee Records",0.694,0.484,3,-8.137,0,0.0507,0.257,0,0.159,0.258,124.989,4
spotify:track:04ETtRUKmJoN14q7cDyWpD,"Kung Fu","What's Understood 2","1K Phew;WHATUPRG;Ty Brasel",2019-10-31,153749,32,false,,2023-12-20T10:13:30Z,"christian hip hop,christian r&b,christian,rap chrétien","Reach Records",0.778,0.587,1,-5.635,0,0.184,0.0147,0,0.0726,0.377,150.072,4
spotify:track:4hPxXTBcUoEQjedrVPXelB,"Broken Prayers","Broken Prayers","Riley Clemmons",2017-12-08,194146,0,false,,2023-12-20T10:13:30Z,"christian,christian pop,worship,ccm","Capitol Christian Music Group",0.615,0.592,7,-7.676,1,0.065,0.00216,0,0.0809,0.196,86.994,4
spotify:track:5PWw2vBIq6vS2b8IU6nIWo,"Lift you up (feat. Gabe De La Fuego)","Big Blessed","Lucky Luciano;Gabe De La Fuego",2021-10-29,194882,7,false,,2023-12-20T10:13:30Z,"latin hip hop,mexican hip hop,christian hip hop","GT Digital / Christian Dinero",0.889,0.659,1,-6.227,0,0.0384,0.387,0,0.0836,0.448,104.053,4
spotify:track:611K566uo00aEUl3HnVeE8,"Woo","Woo","Anike",2020-07-31,153000,36,false,,2023-12-20T10:13:30Z,"christian hip hop,christian r&b,christian,christian pop,afrogospel","Reach Records",0.887,0.833,0,-5.429,0,0.205,0.121,0.000032,0.133,0.359,100.026,4
spotify:track:5Klo74ihHFwGdX09IAgh8o,"Capes","Capes","FLAME",2019-06-07,175437,19,false,,2023-12-20T10:13:30Z,"christian hip hop,christian","Clear Sight Music",0.749,0.628,5,-5.128,0,0.151,0.256,0,0.119,0.651,74.064,4
spotify:track:2ir3ksjp9oyEHElVGeChP2,"Highs and Lows","Highs and Lows","Paul Hernandez",2021-08-27,180188,0,false,,2023-12-20T10:13:30Z,"christian hip hop,christian pop,christian edm","Paul Hernandez",0.669,0.629,3,-6.484,1,0.038,0.568,0,0.104,0.328,134.981,4
spotify:track:0Oay4jGLjyD4zIIel78Cse,"Attention (feat. nobigdyl.)","Attention (feat. nobigdyl.)","Byron Juane;nobigdyl.",2018-10-05,180740,18,false,,2023-12-20T10:13:30Z,"christian hip hop,christian r&b,christian","Byron Juane 15",0.781,0.591,2,-7.319,1,0.235,0.16,0,0.137,0.668,81.006,4
spotify:track:5p4A7nsujQPP0KfNRR1s3Q,"BROS","BROS","GAWVI;Madiel Lara",2017-12-15,230574,0,false,,2023-12-20T10:13:30Z,"christian hip hop,christian reggaeton,christian pop,christian edm,christian r&b,christian,christian reggae","Reach Records",0.845,0.579,7,-6.375,0,0.0422,0.0798,0.00000118,0.137,0.489,120.067,4
spotify:track:20bRlSCRIxAu6MBunryRvk,"Down for a Minute","Down for a Minute","Ric Meeks",2021-01-21,166000,5,false,,2023-12-20T10:13:30Z,"christian hip hop","Euphonic Wave Records",0.764,0.712,9,-6.868,1,0.267,0.0681,0,0.0634,0.358,160.004,4
spotify:track:3RRPWTlYTVFOr0FfdNC5RX,"[wonder working]","[wonder working]","All Creatures",2021-10-08,180413,1,false,,2023-12-20T10:13:30Z,"christian edm,christian pop,christian","Dream Records (DRE)",0.628,0.843,4,-2.71,1,0.0387,0.155,0,0.127,0.623,154.923,4
spotify:track:6Wb8cp2A47XkGCyeQMdMgY,"DAVID","Olympus","Jon Keith;Derek Minor;Joey Vantes",2019-07-12,203076,0,false,,2023-12-20T10:13:30Z,"christian hip hop,christian r&b,christian,christian pop","Kings Dream Ent",0.835,0.39,0,-6.413,0,0.112,0.00483,0,0.189,0.466,130.071,4
spotify:track:1AjfuSBJCsgBnMlc9pyqaR,"BAG","Olympus","Jon Keith;nobigdyl.",2019-07-12,186000,0,false,,2023-12-20T10:13:30Z,"christian hip hop,christian r&b,christian,christian pop","Kings Dream Ent",0.603,0.704,10,-7.049,0,0.238,0.0992,0,0.113,0.807,80.545,4
spotify:track:62sxM2Uha39CysCoVcoGKT,"I Will Wait","I Will Wait","Branan Murphy",2020-03-13,199757,0,false,,2023-12-20T10:13:30Z,"christian pop,christian edm,christian,ccm","Paravel Records / DREAM Records",0.787,0.743,11,-6.15,0,0.109,0.0297,0.00000308,0.0807,0.244,102.995,4
spotify:track:5mWRKEvWXsfYWbEuUHtBpZ,"Krawlin Down","Krawlin Down","Christ Is King;Tra'mayne Williams",2019-06-21,244469,11,false,,2023-12-20T10:13:30Z,"christian hip hop","Christ Is King Music",0.622,0.686,6,-6.138,0,0.0499,0.0969,0,0.102,0.33,120.092,4
spotify:track:4Q6tYofKnMSnQl0Q4b9rYj,"Coming Home","Coming Home","Branan Murphy",2019-01-18,169998,0,false,,2023-12-20T10:13:30Z,"christian pop,christian edm,christian,ccm","Essential Records",0.783,0.676,11,-7.272,1,0.0579,0.132,0.00000136,0.0931,0.505,119.978,4
spotify:track:3QOQWnkFLn8qe2NYMGWwus,"On The Rise (Remix)","On The Rise (Remix)","Jay-Way;WHATUPRG",2020-05-22,165240,26,false,,2023-12-20T10:13:30Z,"christian hip hop,christian,christian r&b","4 AGAINST 5",0.757,0.545,10,-6.999,1,0.0979,0.129,0,0.0755,0.37,139.928,4
spotify:track:3fA0IXOkLrKlp1xRp5BK3L,"Alright","Alright","Drew Ava",2021-09-08,168670,4,false,,2023-12-20T10:13:30Z,"christian r&b,christian hip hop,christian pop","Drew Ava",0.499,0.467,10,-9.653,1,0.102,0.152,0,0.138,0.566,173.644,4
spotify:track:2RUO3gWAwEXfHOBpHhBP5i,"Watch Them Fall","Watch Them Fall","UNSECRET;Sam Tinnesz;Tedashii",2020-06-12,175390,27,false,,2023-12-20T10:13:30Z,"christian hip hop,christian","UNSECRET Music ; Reach Records",0.528,0.791,1,-7.033,1,0.0779,0.144,0.00017,0.155,0.375,79.992,4
spotify:track:5Bq7HceoVSMKQ14VDv7o2s,"Fresh Start","Fresh Start","Ryan Stevenson",2015-08-28,227386,0,false,,2023-12-20T10:13:30Z,"christian,ccm,worship,christian pop","Gotee Records",0.686,0.811,2,-3.235,1,0.0535,0.0396,0,0.0977,0.699,93.003,4
spotify:track:70qA4HkbAh2X7UApjBo3cH,"God Fearing","180","Aha Gazelle",2020-01-04,188316,33,false,,2023-12-20T10:13:30Z,"christian hip hop,christian r&b,christian","Aha Gazelle",0.49,0.574,1,-7.322,0,0.332,0.376,0,0.0919,0.51,83.096,3
spotify:track:3E5I51qj8g7aG5e7oIccpi,"Don't Wanna Wake Up","Don't Wanna Wake Up","Capital Kings",2017-07-28,227142,0,false,,2023-12-20T10:13:30Z,"christian edm,christian pop,christian","Gotee Records",0.658,0.845,5,-4.274,0,0.0518,0.0201,0.00000461,0.0961,0.313,112.027,4
spotify:track:32pyQSUXd7JX04HoR9o7E2,"Motions","Life Love & Madness","Sarah Reeves",2020-10-09,157967,15,false,,2023-12-20T10:13:30Z,"christian pop,christian edm,christian,worship","Curb | Word",0.729,0.571,4,-4.743,0,0.0658,0.277,0.00183,0.179,0.328,152.028,4
spotify:track:29bGodakyOzmX8SB6bLVcl,"Here, 2016 (feat. Lecrae)","The Narrative","Sho Baraka;Lecrae",2016-10-21,326801,23,false,,2023-12-20T10:13:30Z,"christian hip hop,christian,christian r&b,christian pop,chinese hip hop,rap chrétien","Fair Trade/Columbia",0.591,0.697,5,-6.731,0,0.256,0.0645,0,0.143,0.552,114.457,4
spotify:track:20tv04jzKdiGJipYyepkcb,"30 & Up, 1986 (feat. Courtney Orlando)","The Narrative","Sho Baraka;Courtney Orlando",2016-10-21,238305,14,false,,2023-12-20T10:13:30Z,"christian hip hop,contemporary classical","Fair Trade/Columbia",0.559,0.894,7,-5.094,1,0.276,0.137,0,0.145,0.763,99.745,4
spotify:track:0KdwmtG44yIDpyie4b0jCn,"Wherever I Go","Wherever I Go","OneRepublic",2016-05-13,170213,0,false,,2023-12-20T10:13:30Z,"","Mosley / Interscope",0.553,0.703,10,-6.414,0,0.0439,0.105,0,0.21,0.33,100.006,4
spotify:track:1pEnNKo7vvmcw7XL5Nwaib,"Steady Me (feat. Aaron Cole)","Hollyn","Hollyn;Aaron Cole",2015-10-16,188880,0,false,,2023-12-20T10:13:30Z,"christian pop,christian,christian edm,ccm,christian hip hop,christian r&b","Gotee Records",0.751,0.541,2,-5.485,1,0.0432,0.256,0,0.107,0.713,143.958,4
spotify:track:7A2dius6RtCZDWbJmNe6gQ,"Broke","All Things Work Together","Lecrae",2017-09-22,179880,0,false,,2023-12-20T10:13:30Z,"christian hip hop,christian,christian r&b,christian pop,chinese hip hop,rap chrétien","Reach Records/Columbia",0.74,0.651,0,-4.932,1,0.242,0.0346,0.00000102,0.123,0.176,120.106,4
spotify:track:4tEnwJD6qaFF9B7AEZYtof,"Whatchu Mean (feat. Aha Gazelle)","All Things Work Together","Lecrae;Aha Gazelle",2017-09-22,260680,0,false,,2023-12-20T10:13:30Z,"christian hip hop,christian,christian r&b,christian pop,chinese hip hop,rap chrétien","Reach Records/Columbia",0.718,0.864,0,-4.803,1,0.0436,0.0131,0.000117,0.192,0.523,156.026,4
spotify:track:6m60IwLIkZ2Fmz4J9FsQ1o,"I'll Find You (feat. Tori Kelly)","All Things Work Together","Lecrae;Tori Kelly",2017-09-22,217506,2,false,,2023-12-20T10:13:30Z,"christian hip hop,christian,christian r&b,christian pop,chinese hip hop,rap chrétien","Reach Records/Columbia",0.736,0.681,5,-5.856,0,0.101,0.126,0,0.396,0.166,135.118,4
spotify:track:17XoLUQLHu3r7dwbrUkxnT,"Blessed Up","Blessed Up","Anike",2019-04-12,181536,43,false,,2023-12-20T10:13:30Z,"christian hip hop,christian r&b,christian,christian pop,afrogospel","Reach Records",0.828,0.561,10,-5.787,0,0.181,0.0591,0,0.0909,0.463,137.045,4
spotify:track:2e5jEkTwX8rxT90PAKgQei,"Don't Let This Feeling Fade (feat. Rivers Cuomo & Lecrae)","Brave Enough","Lindsey Stirling;Rivers Cuomo;Lecrae",2016-08-19,216685,32,false,,2023-12-20T10:13:30Z,"classical crossover,christmas,christian hip hop,christian,christian r&b,christian pop,chinese hip hop,rap chrétien","Lindseystomp Records",0.633,0.872,0,-4.112,1,0.0717,0.00723,0,0.0524,0.536,116.936,4
spotify:track:4Eo64lefZbwdhA5dyIPthG,"SOS","SOS","V. Rose",2018-06-28,217803,21,false,,2023-12-20T10:13:30Z,"christian r&b,christian hip hop,christian pop,christian,christian edm","Independent",0.78,0.508,9,-7.849,0,0.0827,0.256,0.0000129,0.0797,0.366,126.001,4
spotify:track:012SkEI8fzg3pKAKNygn5c,"Paid For It","The Divine Storm","Ty Brasel;Jay-Way;Brianna Catrice",2020-05-01,181446,24,false,,2023-12-20T10:13:30Z,"christian hip hop,christian r&b,christian","4 AGAINST 5",0.696,0.601,7,-6.938,1,0.135,0.108,0.00000134,0.311,0.363,79.999,4
spotify:track:3cJwnThTyZwDRZLZA5UNrc,"Motions","Motions","Hulvey",2019-07-19,190848,51,false,,2023-12-20T10:13:30Z,"christian hip hop,christian,christian r&b,christian pop,worship","Reach Records",0.721,0.681,4,-6.577,0,0.0673,0.0395,0,0.332,0.519,153.976,4
spotify:track:75jWvzGNY7tUMwRpHl7rs2,"You Got My Heart (feat. Bizzle)","You Got My Heart (feat. Bizzle)","Palace;Bizzle",2017-10-09,290032,0,false,,2023-12-20T10:13:30Z,"christian hip hop,christian,christian r&b","I'M DOIN' JESUS LLC",0.564,0.719,8,-6.1,1,0.287,0.345,0,0.155,0.735,126.656,5
spotify:track:1RroHk7htTVuuTQv7KHQtf,"If I Died Today","If I Died Today","Hyper Fenton;Dru Bex;Moflo Music",2017-11-09,232228,6,false,,2023-12-20T10:13:30Z,"christian edm,christian hip hop,christian pop,christian,christian r&b,rap chrétien,christian lo-fi,christian alternative rock","Moflo Music Productions",0.736,0.833,5,-6.115,0,0.0998,0.00964,0.00000354,0.68,0.414,120.04,4
spotify:track:7twljnzWwOMA5cGPrbGx7H,"Out My Mind (feat. Jordan Powers)","Lost in Hue - EP","GAWVI;Jordan Powers",2016-07-29,216957,0,false,,2023-12-20T10:13:30Z,"christian hip hop,christian reggaeton,christian pop,christian edm,christian r&b,christian","Reach Records",0.551,0.64,7,-6.49,0,0.126,0.249,0.00000608,0.184,0.694,119.151,4
spotify:track:6x1tIXwIYbgfK8IyGIGHJn,"In the Water","Lost in Hue - EP","GAWVI",2016-07-29,274507,0,false,,2023-12-20T10:13:30Z,"christian hip hop,christian reggaeton,christian pop,christian edm,christian r&b,christian","Reach Records",0.605,0.726,3,-8.542,1,0.0801,0.103,0.000375,0.17,0.162,119.777,4
spotify:track:0c5ninY82KqVRIZ4OTwhk9,"Through Your Eyes","Through Your Eyes","Britt Nicole",2016-07-29,198200,22,false,,2023-12-20T10:13:30Z,"christian pop,christian,christian edm,ccm,christian alternative rock","Capitol CMG Label Group",0.654,0.936,11,-2.421,1,0.133,0.257,0,0.156,0.45,95.96,4
spotify:track:34OBXUuwpqbmrGjfIZCYli,"Manolo","Rise","Trip Lee;Lecrae",2014-10-27,248217,0,false,,2023-12-20T10:13:30Z,"christian hip hop,christian,chinese hip hop,christian r&b,christian pop,rap chrétien","Reach Records",0.878,0.636,9,-7.073,1,0.209,0.0304,0,0.192,0.64,135.068,4
spotify:track:5nYNMJFa09vzUe8CqgAWDj,"The Second City","The Second City","Steven Malcolm",2019-01-25,198069,17,false,,2023-12-20T10:13:30Z,"christian hip hop,christian,christian pop,christian r&b","4 AGAINST 5",0.772,0.725,9,-6.316,0,0.0487,0.474,0.0045,0.241,0.308,129.98,4
spotify:track:4rFKp5rDJS3bldnga3QDLY,"Everything and More (feat. Aaron Cole)","Everything and More / Isaac","Hollyn;Aaron Cole",2018-10-19,197000,27,false,,2023-12-20T10:13:30Z,"christian pop,christian,christian edm,ccm,christian hip hop,christian r&b","Gotee Records",0.656,0.7,4,-7.176,0,0.0431,0.249,0,0.221,0.293,100.01,4
spotify:track:7067M4mFOdNi8ONbkQPAlz,"close","SOLAR","nobigdyl.",2018-06-15,175280,40,false,,2023-12-20T10:13:30Z,"christian hip hop,christian,christian r&b","Capitol CMG Label Group",0.763,0.625,11,-9.142,1,0.179,0.071,0,0.129,0.18,91.53,3
spotify:track:5quQL1r1fmoxbinKKEzcgV,"Jump","Symphony","Life.Church Switch",2020-02-14,206053,3,false,,2023-12-20T10:13:30Z,"christian pop,christian,christian edm,ccm,worship,pop worship","DREAM Records",0.458,0.608,9,-5.297,1,0.188,0.257,0,0.125,0.502,89.808,4
spotify:track:7J8wAgCJekn3JDrfo3CLJW,"Reasons","Christopher","Hulvey;Lecrae;SVRCINA",2021-04-09,207017,49,false,,2023-12-20T10:13:30Z,"christian hip hop,christian,christian r&b,christian pop,worship,chinese hip hop,rap chrétien","Reach Records",0.659,0.635,5,-5.43,0,0.0989,0.108,0,0.102,0.282,148.09,4
spotify:track:3AtzfuSCOWgiND6KvhMqOy,"We Against The World","Christopher","Hulvey;Andy Mineo",2021-04-09,188834,41,false,,2023-12-20T10:13:30Z,"christian hip hop,christian,christian r&b,christian pop,worship","Reach Records",0.684,0.634,7,-7.118,1,0.312,0.575,0,0.173,0.734,159.903,4
spotify:track:50FuJErkinxNBeh7vHIPry,"Lights","How Could I Be Silent","Caitie Hurst",2018-08-10,175066,0,false,,2023-12-20T10:13:30Z,"christian pop,christian edm,christian,ccm","Centricity Music (CEY)",0.694,0.812,4,-5.103,0,0.0605,0.169,0,0.114,0.78,92.986,4
spotify:track:0CO131hqaX9LVcUDROkaZ0,"Drip Lee","BIRDS","WHATUPRG;1K Phew",2019-11-22,188629,43,false,,2023-12-20T10:13:30Z,"christian hip hop,christian,christian r&b,rap chrétien","Reach Records",0.94,0.435,1,-8.186,1,0.257,0.0152,0.0000136,0.15,0.623,134.029,4
spotify:track:1zGq5i6EmQnuv31OaeOmMR,"Limitless","BrvndonP","BrvndonP",2016-06-03,199750,17,false,,2023-12-20T10:13:30Z,"christian hip hop,christian r&b","Alpha Pup",0.674,0.68,6,-5.565,0,0.0745,0.15,0,0.0995,0.26,128.061,4
spotify:track:0y6yMCE2LMoYy9CLAL5gOm,"Look At Me Now (feat. Steven Malcolm & nobigdyl.)","Look At Me Now (feat. Steven Malcolm & nobigdyl.)","Roy Tosh;Steven Malcolm;nobigdyl.",2019-08-16,177008,10,false,,2023-12-20T10:13:30Z,"christian hip hop,christian pop,christian edm,christian r&b,christian","RoyToshMusic / RMG Amplify",0.8,0.663,1,-4.364,0,0.0431,0.0408,0,0.112,0.553,139.984,4
spotify:track:6vOrFSgl9uYHexljLl26E1,"Hall of Fame","Sonshine","Swoope",2018-02-02,217915,46,false,,2023-12-20T10:13:30Z,"christian hip hop","Native No. / EMPIRE",0.848,0.577,1,-8.038,0,0.39,0.00441,0,0.223,0.437,150.076,4
spotify:track:32xXj2TeK1vrtFDUfFFXEW,"Shining Down","Sonshine","Swoope",2018-02-02,311091,39,false,,2023-12-20T10:13:30Z,"christian hip hop","Native No. / EMPIRE",0.593,0.694,7,-4.475,1,0.119,0.222,0,0.281,0.46,158.127,4
spotify:track:77ntXt0HAf9cn9WJpzQQ3g,"Amen","Burn The Ships (Deluxe Edition: Remixes & Collaborations)","for KING & COUNTRY",2021-03-26,227013,38,false,,2023-12-20T10:13:30Z,"christian,ccm,christian pop,worship","Curb | Word",0.64,0.469,7,-8.718,1,0.0412,0.00758,0.000453,0.0711,0.305,90.005,3
spotify:track:36g3CdSXU0vBSOW4P1dtsZ,"Lights Shine Bright","This Is Not A Test","TobyMac;Hollyn",2015-08-07,275586,58,false,,2023-12-20T10:13:30Z,"christian,christian pop,ccm,christian rock,christian hip hop,worship,christian edm,christian alternative rock","Forefront (FRF)",0.702,0.579,8,-8.406,1,0.208,0.0232,0,0.892,0.468,81.472,4
spotify:track:2v49NJk4EhgM4xVkNKrfqc,"Til The Day I Die","This Is Not A Test","TobyMac;NF",2015-08-07,227813,61,false,,2023-12-20T10:13:30Z,"christian,christian pop,ccm,christian rock,christian hip hop,worship,christian edm,christian alternative rock","Forefront (FRF)",0.658,0.877,10,-5.502,0,0.0352,0.0075,0.0000294,0.127,0.346,99.964,4
spotify:track:0vBjd0I8iefycEZ2ex1Zpi,"joy.","Burn The Ships","for KING & COUNTRY",2018-10-05,234120,63,false,,2023-12-20T10:13:30Z,"christian,ccm,christian pop,worship","Curb | Word",0.68,0.536,5,-6.669,0,0.0582,0.0102,0.00105,0.113,0.417,119.958,4
spotify:track:4ElNxglBjcrASiGn58t9Jm,"God Only Knows","Burn The Ships","for KING & COUNTRY",2018-10-05,229760,72,false,,2023-12-20T10:13:30Z,"christian,ccm,christian pop,worship","Curb | Word",0.597,0.417,2,-7.952,1,0.0502,0.395,0.00000835,0.128,0.263,143.839,4
spotify:track:0EG3E2ake4PhWlozvLuJaU,"Best Friends","Best Friends","Hillsong Young & Free;Aodhán King",2020-02-21,184744,0,false,,2023-12-20T10:13:30Z,"worship,christian,pop worship,christian edm,christian pop","Hillsong (HIL)",0.491,0.845,11,-4.719,1,0.0337,0.0921,0,0.229,0.544,75.057,4
spotify:track:5IWZf6JX9FSBxVXeFPhWJl,"Walk It Out","Walk It Out","Canon;Poetics",2020-10-23,138310,15,false,,2023-12-20T10:13:30Z,"christian hip hop,lo-fi beats,christian r&b,breakcore","Reflection Music Group / EMPIRE",0.973,0.522,1,-6.03,1,0.192,0.0343,0,0.0668,0.803,118.085,4
spotify:track:0Q4fUM7mSeqVKD5qnqS2gO,"Devil Is a Liar","Devil Is A Liar","Colton Dixon",2020-03-27,165895,57,false,,2023-12-20T10:13:30Z,"christian,christian pop,ccm,worship,christian rock","Atlantic Records",0.753,0.791,6,-6.781,0,0.0463,0.00607,0.000179,0.397,0.689,130.996,4
spotify:track:0Gv5o6uPni1u3ZFwy9Riz1,"7 Nights","7 Nights","J. Monty",2018-08-31,259797,23,false,,2023-12-20T10:13:30Z,"christian hip hop,christian r&b,christian","Essential Sound",0.779,0.798,1,-6.38,1,0.141,0.575,0,0.0523,0.727,142.022,4
spotify:track:6ZW8f8xNkauNEKBQthQaas,"The One Where I Talk To God","Marty For President 2","Marty;Andy Mineo;Tree Giants",2020-06-09,201578,35,false,,2023-12-20T10:13:30Z,"christian hip hop,christian,christian pop,christian alternative rock,christian edm","Capitol CMG Label Group",0.718,0.845,1,-4.856,0,0.0466,0.166,0.0000326,0.471,0.412,129.947,4
spotify:track:4jmzRz6ApaSGxKmJyHTcLW,"The Last One","Marty For President 2","Marty;Anike",2020-06-09,147870,28,false,,2023-12-20T10:13:30Z,"christian hip hop,christian r&b,christian,christian pop,afrogospel","Capitol CMG Label Group",0.613,0.872,2,-5.086,1,0.187,0.065,0,0.757,0.828,93.919,4
spotify:track:1J4t7BonQOFILtzS46FDtb,"Remind Me","Shattered","Blanca",2018-09-14,165280,28,false,,2023-12-20T10:13:30Z,"christian,christian pop,christian r&b,ccm,worship,christian edm","Curb | Word",0.617,0.78,2,-5.903,0,0.0446,0.00654,0,0.153,0.636,143.871,4
spotify:track:13txmUfc4oDvMQjvn4M1NO,"What If","Shattered","Blanca",2018-09-14,183360,35,false,,2023-12-20T10:13:30Z,"christian,christian pop,christian r&b,ccm,worship,christian edm","Curb | Word",0.71,0.521,8,-6.344,1,0.113,0.0475,0,0.0794,0.273,98.209,4
spotify:track:5G2g7titQVbMK8jjRPWWr6,"10K","10K","KB",2020-07-10,196132,46,false,,2023-12-20T10:13:30Z,"christian hip hop,christian,christian pop","HGA/Essential Sound",0.817,0.717,6,-5.345,1,0.157,0.0138,0,0.0866,0.713,140.034,4
spotify:track:5Sd0FZOU2IrxmY6CHbK4oF,"Glorify","Glorify","Jordan Feliz;TobyMac;Terrian",2020-07-10,177200,0,false,,2023-12-20T10:13:30Z,"christian,christian pop,ccm,worship,christian edm,christian rock,christian hip hop,christian alternative rock,christian r&b,gospel","Centricity Music (CEY)",0.603,0.798,11,-5.654,0,0.0936,0.0752,0,0.148,0.689,159.998,4
spotify:track:2W8XGzo6FRAqZ1oZBdEZi5,"Parachute","Parachute","Joshua Micah",2016-09-10,200481,0,false,,2023-12-20T10:13:30Z,"christian pop,christian edm,christian,ccm","Joshua Micah",0.676,0.79,7,-3.674,1,0.0338,0.000937,0.0000894,0.0938,0.046,99.948,4
spotify:track:0BYnII68HNa5VjeQru6Zrf,"Gotta Live","Gotta Live","Tedashii;Jordan Feliz",2018-05-23,227992,0,false,,2023-12-20T10:13:30Z,"christian hip hop,christian,christian pop,ccm,worship,christian edm","Reach Records",0.561,0.852,7,-4.697,1,0.104,0.0281,0,0.0999,0.492,146.929,4
spotify:track:5m4Rxv0rtAZs5U9yJrzQNP,"Pull Up On Ya Block (Generations Remix)","War Cry","Tre9;Austin Lanier;KB",2018-09-22,253840,4,false,,2023-12-20T10:13:30Z,"christian hip hop","Much Luvv Records",0.794,0.565,1,-7.461,1,0.0617,0.0555,0,0.147,0.203,137.992,4
spotify:track:4psxhrMFCo4FeQeAWTPFhr,"Symphony","Symphony","Life.Church Switch;Dillon Chase",2019-02-08,242946,0,false,,2023-12-20T10:13:30Z,"christian pop,christian,christian edm,ccm,worship,pop worship,christian hip hop","Dream Records (DRE)",0.688,0.691,8,-6.3,1,0.0439,0.217,0,0.104,0.618,120.083,4
spotify:track:3kBP7Vq7FeEku8Fny0pFoG,"GIRL","HEATHEN","GAWVI",2020-04-10,215819,29,false,,2023-12-20T10:13:30Z,"christian hip hop,christian reggaeton,christian pop,christian edm,christian r&b,christian","Reach Records",0.736,0.785,8,-4.545,1,0.0414,0.113,0,0.679,0.844,119.9,4
spotify:track:2w546D9Sn16qglSYwgrnFL,"How We Coming","What's Understood","1K Phew;Ty Brasel;WHATUPRG",2019-02-15,192873,37,false,,2023-12-20T10:13:30Z,"christian hip hop,christian r&b,christian,rap chrétien","Reach Records",0.704,0.68,10,-6.855,0,0.205,0.0284,0,0.104,0.528,162.029,5
spotify:track:2twAQEy0zOW0MfZE3XV0Ho,"Lift You Up","Lift You Up","Ryan Stevenson",2017-10-27,191196,0,false,,2023-12-20T10:13:30Z,"christian,ccm,worship,christian pop","Gotee Records",0.601,0.898,1,-5.149,0,0.0437,0.0697,0.000688,0.174,0.857,89,4
spotify:track:0dLAdtLHh4b8GMsCV1fyzG,"Whispers","Svrcina","SVRCINA",2018-03-23,189295,17,false,,2023-12-20T10:13:30Z,"","Svrcina / Tone Tree Music",0.653,0.881,0,-5.159,1,0.0493,0.081,0.0000019,0.201,0.491,142.033,4
spotify:track:5rzSpQAJRZNe7BgA5ZWKtT,"Halftime Show","Halftime Show","Torey D'Shaun;Parris Chariz",2019-12-20,223714,0,false,,2023-12-20T10:13:30Z,"christian hip hop,christian r&b,christian,christian pop,rap chrétien","Bigger Than Me Records",0.805,0.525,4,-7.735,0,0.135,0.131,0,0.0648,0.173,139.875,4
spotify:track:4Lw70CWbvTp6Hlor4uj5GV,"I Won’t Look Back","Adventure (Deluxe)","Matthew Parker",2016-10-21,210160,1,false,,2023-12-20T10:13:30Z,"christian edm,christian pop,christian","DRÖM / DREAM Records",0.744,0.768,1,-5.615,1,0.0491,0.0141,0,0.133,0.775,109.984,4
spotify:track:19lZcTlSUCKOqu8FEoyCOx,"Tell Somebody (feat. Wes Writer)","Tell Somebody (feat. Wes Writer)","Tony Tillman;Wes Writer",2018-03-09,193714,16,false,,2023-12-20T10:13:30Z,"christian hip hop","Reflection Music Group / EMPIRE",0.85,0.651,8,-4.465,1,0.164,0.00285,0.000357,0.122,0.412,139.991,4
spotify:track:0haWyogLYK22XfW3FGiGgr,"Do What I Gotta Do (feat. Derek Minor)","If I Can Be Honest","Aaron Cole;Derek Minor",2016-11-04,222040,0,false,,2023-12-20T10:13:30Z,"christian hip hop,christian r&b,christian pop,christian","SMLXL",0.522,0.758,6,-6.984,1,0.332,0.221,0.00199,0.12,0.727,146.8,4
spotify:track:3jPJaJ82mp4cCA3scI4jzD,"Up! (feat. Annelie)","Never in My Wildest","Davey Asaph;Annelie",2017-06-13,246490,10,false,,2023-12-20T10:13:30Z,"christian hip hop","Resolved University",0.492,0.473,1,-8.449,1,0.326,0.242,0.0000143,0.35,0.216,130.914,5
spotify:track:2xKTOaIAh0IJ92jXP4BX1P,"I Ain't Done","I: The Arrow","Andy Mineo",2018-04-27,215060,0,false,,2023-12-20T10:13:30Z,"christian hip hop,christian","Reach Records",0.762,0.533,1,-9.154,1,0.0677,0.0074,0.00173,0.186,0.416,114.971,5
spotify:track:36UydK4alowbfzLsWXNf2S,"Issa Bop","Barely Finished 2","Mission;BrvndonP",2020-05-08,164861,44,false,,2023-12-20T10:13:30Z,"christian hip hop,christian r&b,christian","RMG Amplify / AOYNOM / RPSMG",0.735,0.762,1,-5.697,1,0.169,0.105,0,0.0893,0.549,98.972,4
spotify:track:1jAcpD1o1W4PxU1ZLm7qCq,"Die For You","3:34","Zauntee",2020-11-13,170434,39,false,,2023-12-20T10:13:30Z,"christian hip hop,christian,christian pop","Fair Trade/Columbia",0.677,0.672,7,-5.328,1,0.037,0.207,0,0.0795,0.342,140.072,4
spotify:track:2SEmpOtZgAx9IEBsHK9fRR,"Down Too Long","Down Too Long","Reece Lache’;Markel",2021-08-13,171578,25,false,,2023-12-20T10:13:30Z,"christian hip hop,christian r&b,christian","Reach Records",0.646,0.725,7,-8.435,1,0.114,0.0574,0,0.118,0.623,173.043,4
spotify:track:50jgOpZQe0j7NqrQU9dlcD,"Watchu Think","Watchu Think","Young Cortez",2020-03-13,211565,0,false,,2023-12-20T10:13:30Z,"christian hip hop","Black Sheep Family",0.709,0.546,0,-6.401,1,0.375,0.0301,0,0.13,0.511,152.891,4
spotify:track:7jj8WmWbs7yQ6d9qvR7A9u,"OTHERSIDE","OTHERSIDE","Hulvey",2020-09-18,194517,50,false,,2023-12-20T10:13:30Z,"christian hip hop,christian,christian r&b,christian pop,worship","Reach Records",0.701,0.584,5,-6.804,0,0.0875,0.103,0,0.123,0.557,139.974,4
spotify:track:357HpLiWe8K1tRwZkhNfKp,"Gold (feat. Rev Mizz)","1994 Until","Ty Brasel;Rev Mizz",2016-06-24,182678,0,false,,2023-12-20T10:13:30Z,"christian hip hop,christian r&b,christian","Level Change",0.66,0.8,7,-6.287,0,0.127,0.228,0,0.159,0.573,111.764,4
spotify:track:5zMahV2Er32E92zg0iF94S,"Backyard","1994 Until","Ty Brasel",2016-06-24,169208,0,false,,2023-12-20T10:13:30Z,"christian hip hop,christian r&b,christian","Level Change",0.803,0.507,1,-7.782,1,0.347,0.095,0,0.326,0.501,138.939,4
spotify:track:1OLkuTadZZSdfzgUeemRsU,"The Name (feat. Koryn Hawthorne)","His Glory Alone","KB;Koryn Hawthorne",2020-09-25,229807,48,false,,2023-12-20T10:13:30Z,"christian hip hop,christian,christian pop,christian r&b,gospel,worship","HGA/Essential Sound",0.339,0.807,6,-5.747,0,0.14,0.00653,0,0.379,0.358,92.759,5
spotify:track:5UII5cMlbTOjtF7qvC4DhU,"One More Day","Virginia Boy","Aaron Cole",2018-05-11,194798,0,false,,2023-12-20T10:13:30Z,"christian hip hop,christian r&b,christian pop,christian","Gotee Records",0.694,0.829,4,-4.462,0,0.0524,0.0566,0,0.0861,0.954,109.998,4
spotify:track:5Ws0OjzoyqVlrtMqmYFR9R,"On The Rise","On The Rise","Jay-Way",2020-03-13,164612,10,false,,2023-12-20T10:13:30Z,"christian hip hop","4 AGAINST 5",0.791,0.581,10,-6.998,1,0.0805,0.168,0,0.0758,0.429,140.086,4
spotify:track:3axgcGSKPuhzW8s5Z4JrwJ,"Walls (feat. Urban Rescue)","High Above","Derek Minor;Urban Rescue",2017-11-10,219295,16,false,,2023-12-20T10:13:30Z,"christian hip hop,christian edm,worship,christian,christian alternative rock,christian pop","Reflection Music Group / EMPIRE",0.601,0.695,6,-8.038,0,0.116,0.233,0,0.175,0.548,79.981,4
spotify:track:79b6oMzhFudhRXxFlfkgxa,"Hair Down","The Prodigal Son","Iam Justified",2019-02-01,205217,0,false,,2023-12-20T10:13:30Z,"christian hip hop","Game Changers Ent",0.85,0.575,1,-8.265,1,0.187,0.0103,0,0.0847,0.665,109.975,4
spotify:track:48ShRrgB2PoZeyCf3r12qa,"Crazy","Crazy","Phil J.",2017-11-05,216816,9,false,,2023-12-20T10:13:30Z,"christian hip hop,christian r&b,christian pop","Phil J.",0.917,0.496,6,-4.003,0,0.115,0.199,0.00000335,0.0966,0.405,123.89,4
spotify:track:0pDTXTtRQJ1B2kM8P8uVF5,"Alright","We Gone Shine","Big Yae;Montell Fish",2017-10-06,251324,0,false,,2023-12-20T10:13:30Z,"christian hip hop,christian r&b,christian lo-fi","Culture Villains LLC",0.607,0.573,0,-8.334,1,0.228,0.467,0.00000107,0.081,0.51,72.518,4
spotify:track:7rT5EueK9KKODs7zVQPiCP,"Celebrate More","Celebrate More","116;Andy Mineo;Hulvey;Lecrae",2020-07-31,191297,33,false,,2023-12-20T10:13:30Z,"christian hip hop,christian reggaeton,christian,christian r&b,christian pop,worship,chinese hip hop,rap chrétien","Reach Records",0.682,0.755,6,-3.912,1,0.0581,0.0958,0,0.638,0.233,139.95,4
spotify:track:3JXFYYuoE8d1OKjKGRqFGL,"Way Up","Way Up","Tedashii;KB",2017-11-17,224490,0,false,,2023-12-20T10:13:30Z,"christian hip hop,christian,christian pop","Reach Records",0.766,0.562,2,-7.615,1,0.0661,0.0486,0,0.101,0.251,131.002,4
spotify:track:3hvZOwdQYZJDHrJ40eMX9s,"No Hesitation","No Hesitation","Christon Gray",2017-07-26,209538,0,false,,2023-12-20T10:13:30Z,"christian hip hop,christian r&b,christian jazz","All Amour",0.698,0.683,11,-3.212,0,0.104,0.0585,0,0.203,0.365,130.046,4
spotify:track:653OzAwvKMCG6d0Zg8nUkv,"People Don't Want That Real","God and Girls","Dee-1",2019-07-19,187402,0,false,,2023-12-20T10:13:30Z,"christian hip hop,christian r&b","Mission Vision Music",0.45,0.687,9,-8.187,0,0.443,0.14,0,0.0492,0.394,81.946,4
spotify:track:5E2KCmLagkmMGPqMVE3qPN,"Bleed The Same - GAWVI Remix","Bleed The Same (GAWVI Remix)","Mandisa;TobyMac;Gawvi",2017-12-08,270540,27,false,,2023-12-20T10:13:30Z,"christian,ccm,christian pop,worship,christian edm,christian rock,christian hip hop,christian alternative rock","Sparrow (SPR)",0.609,0.719,7,-7.559,1,0.0373,0.000406,0.00168,0.111,0.262,101.973,4
spotify:track:36CvNaj7mZWuVugI1GxgnO,"No Plan B (Winz)","Better Late Than Never","BrvndonP",2018-07-27,259067,25,false,,2023-12-20T10:13:30Z,"christian hip hop,christian r&b","RPSMG",0.624,0.774,1,-4.928,1,0.444,0.0958,0,0.12,0.431,97.012,4
spotify:track:3BcQuYBUsN8JOiSLBwbSxC,"Sunny or Gray (feat. Von Won & theBeatbreaker)","Sunny or Gray","Corey Paul;Von Won;theBeatbreaker",2017-09-21,202942,9,false,,2023-12-20T10:13:30Z,"christian hip hop","Frontline Media Group",0.67,0.819,2,-6.433,0,0.107,0.398,0,0.257,0.849,89.863,4
spotify:track:45UwVg384kT7GOgAQixr43,"Billion","JUST KIDS (Deluxe Edition)","Mat Kearney",2015-08-21,202013,38,false,,2023-12-20T10:13:30Z,"","Aware Entertainment Inc/Universal Republic Records",0.6,0.784,1,-5.716,1,0.0578,0.14,0,0.197,0.719,93.83,4
spotify:track:7EixVppWsnZOvJJ4ZqET14,"Good Life","Good Life","The Young Escape",2017-10-20,185426,51,false,,2023-12-20T10:13:30Z,"christian pop,christian edm,christian,ccm,pop worship","Sparrow (SPR)",0.587,0.715,4,-6.348,0,0.0931,0.0539,0,0.262,0.433,178.081,4
spotify:track:4fV9yPrUlVHiecsnxI8PSV,"Ayy 3x","Ayy 3x","Aklesso",2020-05-08,192423,11,false,,2023-12-20T10:13:30Z,"christian hip hop,christian r&b,afrogospel","Good City Music",0.531,0.628,1,-6.75,1,0.426,0.228,0,0.0789,0.618,68.176,4
spotify:track:2AsgM1cgy6lhb22ndAvGd7,"Manifest","Manifest","Kelo;Xay Hill;Rapzilla",2021-05-21,153756,0,false,,2023-12-20T10:13:30Z,"christian hip hop,christian r&b","Independent",0.632,0.481,6,-10.362,1,0.152,0.1,0,0.0864,0.27,169.888,4
spotify:track:4KNKaj4odWzwS0zhHSxmrw,"Your Love (feat. Evan and Eris)","Your Love (feat. Evan and Eris)","DJ Standout;Evan and Eris",2019-06-07,168000,19,false,,2023-12-20T10:13:30Z,"christian hip hop,christian r&b,christian pop,christian,gospel","Jato Media Group",0.564,0.554,1,-8.556,1,0.229,0.558,0,0.173,0.653,132.739,5
spotify:track:7KC13bS7eUYeXcRXvfYhAy,"God Flex","Never Fold","Tedashii;Trip Lee",2019-03-08,209311,49,false,,2023-12-20T10:13:30Z,"christian hip hop,christian,chinese hip hop","Reach Records",0.703,0.855,2,-5.218,1,0.0418,0.0286,0.00000195,0.367,0.407,135.107,4
spotify:track:03602oUq67DeHi34YPVYl2,"WIT IT","WIT IT","Cape Lions",2018-08-07,202500,43,false,,2023-12-20T10:13:30Z,"","554555 Records DK2",0.725,0.612,9,-9.419,1,0.0495,0.613,0,0.0673,0.893,90.982,4
spotify:track:0BSHEy9zR5PVx63La2G45B,"Free","Free","Tedashii",2017-01-20,219928,0,false,,2023-12-20T10:13:30Z,"christian hip hop,christian","Reach Records",0.763,0.681,5,-7.13,0,0.0749,0.0162,0.00000194,0.41,0.215,127.986,4
spotify:track:7uvDJFly0TCWWsK48NI1fx,"I just need U.","I just need U.","TobyMac",2018-01-05,226120,47,false,,2023-12-20T10:13:30Z,"christian,christian pop,ccm,christian rock,christian hip hop,worship,christian edm,christian alternative rock","Forefront (FRF)",0.763,0.639,5,-7.512,0,0.0304,0.0976,0.00018,0.094,0.722,104.025,4
spotify:track:23Yf503ni8282AhM5GyX0n,"Fanatic","Fanatic","Zauntee",2019-09-13,186513,0,false,,2023-12-20T10:13:30Z,"christian hip hop,christian,christian pop","Fair Trade/Columbia",0.587,0.719,7,-6.174,0,0.0501,0.286,0.000233,0.11,0.327,160.006,4
spotify:track:5SCTC7J7goC0GzPAVHG6oa,"The Power","The Power","Ty Brasel;KB",2020-01-24,207129,26,false,,2023-12-20T10:13:30Z,"christian hip hop,christian r&b,christian,christian pop","4 AGAINST 5",0.833,0.704,7,-6.354,1,0.13,0.00879,0,0.155,0.517,132.077,4
spotify:track:6ANM43VAfA3x4pYciR1xC5,"Vegan Burgers","Vegan Burgers","Kurtis Hoppie",2021-03-19,178000,23,false,,2023-12-20T10:13:30Z,"christian hip hop,christian pop,christian","One Vision Inc.",0.763,0.446,1,-10.238,0,0.0712,0.0254,0,0.158,0.364,145.02,4
spotify:track:1dKCqud2gJYSJ2ChbqoGOB,"All the Time","All the Time","Swoope",2017-06-23,226250,0,false,,2023-12-20T10:13:30Z,"christian hip hop","NATIVE NORTH",0.772,0.515,9,-7.633,1,0.308,0.0386,0.00000209,0.154,0.137,138.955,4
spotify:track:5u2yNzMPABJhVLTzKkvuY3,"Yhwh (feat. Swoope & Dre Murray)","W.L.A.K.","W.L.A.K.;Swoope;Dre Murray",2013-03-05,280326,0,false,,2023-12-20T10:13:30Z,"christian hip hop,christian jazz","Collision Records",0.73,0.84,0,-6.309,1,0.27,0.0244,0,0.454,0.39,76.012,4
spotify:track:06jL2R1sjBpH72xwfXoRX4,"Who Says?","Who Says?","Joshua Micah",2017-06-09,246215,0,false,,2023-12-20T10:13:30Z,"christian pop,christian edm,christian,ccm","Joshua Micah",0.623,0.791,1,-4.544,1,0.0297,0.0238,0,0.0966,0.404,100.005,4
spotify:track:02K3eYdZaSeA8FwroqKLFh,"Way Up","Way Up","Chris Howland;CASS;Sajan Nauriyal",2017-09-15,202846,2,false,,2023-12-20T10:13:30Z,"christian edm,christian lo-fi,christian pop,christian r&b,christian,christian hip hop","Dream Records (DRE)",0.795,0.706,5,-4.108,0,0.161,0.0247,0,0.533,0.442,129.965,4
spotify:track:3i2QSax10s9UPR6X09khdU,"The Comeback","The Comeback","GS",2019-08-16,185704,21,false,,2023-12-20T10:13:30Z,"christian hip hop","I'M DOIN' JESUS LLC",0.813,0.755,10,-7.586,0,0.354,0.175,0,0.252,0.386,172.021,4
spotify:track:1Aid9eXHMYJey4WaDRtWq3,"Not Afraid","Not Afraid","Roy Tosh",2020-08-07,180618,12,false,,2023-12-20T10:13:30Z,"christian hip hop,christian pop,christian edm,christian r&b,christian","RoyToshMusic / RMG Amplify",0.639,0.783,0,-3.303,1,0.0784,0.0204,0,0.116,0.525,159.986,4
spotify:track:1ISsiC4Fw6f96kZQegLGiJ,"Oh Lord","Therapy Session","NF",2016-04-22,198253,65,false,,2023-12-20T10:13:30Z,"christian hip hop","Capitol CMG Label Group",0.493,0.738,5,-6.921,1,0.262,0.407,0,0.13,0.219,176.071,4
spotify:track:2vMAoAyBQiKGfMwSwd8eE9,"Right on Time (feat. Tobymac)","Right on Time (feat. Tobymac)","Aaron Cole;TobyMac",2017-09-29,199427,0,false,,2023-12-20T10:13:30Z,"christian hip hop,christian r&b,christian pop,christian,ccm,christian rock,worship,christian edm,christian alternative rock","Gotee Records",0.651,0.766,7,-5.391,1,0.0414,0.0469,0,0.1,0.795,100.018,4
spotify:track:7L1i9lKq51GNndddOR3joe,"Fanatic","Twenty Four Seven","Zauntee",2020-09-04,186513,30,false,,2023-12-20T10:13:30Z,"christian hip hop,christian,christian pop","Fair Trade Services",0.587,0.719,7,-6.174,0,0.0501,0.286,0.000233,0.11,0.327,160.006,4
spotify:track:6SqeYGTGiFVqEJbib5l935,"Nothing Above You","Nothing Above You","Eshon Burgundy",2017-04-10,225826,11,false,,2023-12-20T10:13:30Z,"christian hip hop,christian jazz,spoken word,christian lo-fi","NFTRY.",0.769,0.554,11,-8.511,0,0.29,0.0588,0,0.161,0.53,103.009,4
spotify:track:6PqD1ZZ0dVGjx1a6O4cuY8,"Into Your Arms","II","Capital Kings",2015-10-02,228445,0,false,,2023-12-20T10:13:30Z,"christian edm,christian pop,christian","Gotee Records",0.514,0.918,4,-4.154,0,0.05,0.0273,0,0.277,0.292,130.077,4
spotify:track:6bZB5IW4W9qFDbnD2kJJou,"Keepin it movin am & guv demo.mp3","Keepin it movin am & guv demo.mp3","Andy Mineo;Guvna B",2019-05-10,139376,33,false,,2023-12-20T10:13:30Z,"christian hip hop,christian,afrogospel,christian r&b","Reach Records",0.926,0.661,4,-5.688,0,0.121,0.313,0,0.115,0.561,129.969,4
spotify:track:0T1WTePlsi8e1wAMKkEMi6,"Bring The Whole Hood","Bring The Whole Hood","Evvie McKinney",2020-05-29,200035,27,false,,2023-12-20T10:13:30Z,"christian r&b,christian pop,christian edm,gospel,christian","Motown Gospel (EGS)",0.702,0.71,7,-4.03,0,0.0427,0.0961,0.00000441,0.234,0.575,92.485,4
spotify:track:0keNetX40jBWEunThxHxwo,"BAND$","BAND$","Anike;Byron Juane",2019-07-19,192666,32,false,,2023-12-20T10:13:30Z,"christian hip hop,christian r&b,christian,christian pop,afrogospel","Reach Records",0.826,0.521,5,-9.728,0,0.074,0.353,0.00000523,0.115,0.556,100.035,4
spotify:track:0SYYj8vCklhwROnzpYN7kn,"Be Alright","Be Alright","Evan and Eris;Steven Malcolm",2018-02-08,199000,0,false,,2023-12-20T10:13:30Z,"christian r&b,christian hip hop,christian pop,christian,gospel","JATO Media",0.684,0.588,5,-6.74,0,0.225,0.307,0,0.347,0.368,73.989,4
spotify:track:5lzoNDsXi34qo4lDLYk9qp,"Long Time","Vet","Da' T.R.U.T.H.;Greg Cox",2018-11-09,287966,16,false,,2023-12-20T10:13:30Z,"christian hip hop,afrogospel,christian r&b","Da' T.R.U.T.H.",0.677,0.6,4,-8.278,0,0.36,0.0881,0,0.109,0.445,127.684,4
spotify:track:2gBzJnvp7WQ0W2dRGjrJEt,"HD","HD","Torey D'Shaun",2019-07-19,171886,16,false,,2023-12-20T10:13:30Z,"christian hip hop,christian r&b,christian,christian pop","Reach Records",0.574,0.651,5,-7.425,1,0.147,0.0402,0,0.281,0.43,89.886,4
spotify:track:2k9erGO99xuCE6ZEDQeDwb,"Tears (feat. Ellie Holcomb)","Levitate","Thi'sl;Ellie Holocomb",2017-08-11,227648,0,false,,2023-12-20T10:13:30Z,"christian hip hop","Full Ride Music Group, LLC",0.65,0.659,0,-7.457,1,0.0602,0.284,0.00000176,0.0875,0.274,149.91,4
spotify:track:3tYwiEazCcncO2vIsEQliA,"Enough","Enough","Vic Lucas",2020-01-17,175446,0,false,,2023-12-20T10:13:30Z,"afrogospel,christian r&b,christian hip hop,gospel,christian pop","Vicious Media",0.647,0.594,0,-7.092,1,0.0415,0.293,0,0.121,0.386,99.976,4
spotify:track:7tTRFVlFzk6yTnoMcParmi,"JUST LIKE YOU","CLOUDS (THE MIXTAPE)","NF",2021-03-26,251236,67,false,,2023-12-20T10:13:30Z,"christian hip hop","NF Real Music",0.775,0.757,9,-4.607,0,0.228,0.489,0,0.28,0.541,140.044,4
spotify:track:2VDH9YBnuim3RPqdp68qiP,"Light Work","Light Work","116;Andy Mineo;1K Phew;Tedashii;WHATUPRG;Lecrae;Trip Lee;CASS",2018-01-16,282507,0,false,,2023-12-20T10:13:30Z,"christian hip hop,christian reggaeton,christian,christian r&b,rap chrétien,christian pop,chinese hip hop,christian edm,christian lo-fi,afrogospel,christian alternative rock","Reach Records",0.524,0.696,1,-4.877,0,0.144,0.0609,0,0.1,0.182,141.988,4
spotify:track:6BKu8kCqUoQy0BFgnOYMJr,"Die Rich","Die Rich","KB;Ray Emmanuel",2018-11-27,242840,32,false,,2023-12-20T10:13:30Z,"christian hip hop,christian,christian pop","Reach Records",0.635,0.764,2,-5.117,0,0.164,0.00327,0,0.127,0.497,149.994,4
spotify:track:05HNQHFUIKTMQBJ8HsxMZf,"What's the Case","What's the Case","Tedashii",2018-07-20,190636,0,false,,2023-12-20T10:13:30Z,"christian hip hop,christian","Reach Records",0.763,0.697,5,-7.279,0,0.068,0.0129,0.00101,0.283,0.479,137.905,4
spotify:track:2JgbWyjgf3nPf8A6x2l3Cn,"You Never Let Go","everywhere + nowhere","Guvna B;Travis Greene",2020-04-03,218252,25,false,,2023-12-20T10:13:30Z,"christian hip hop,afrogospel,christian r&b,gospel,worship","Allo Mate Records",0.584,0.851,8,-4.471,0,0.259,0.0809,0,0.257,0.71,79.077,4
spotify:track:0OkkmGSl0ZRWER8XsFQoEm,"Glorify","Glorify","Jordan Feliz;Lecrae;Hulvey",2020-08-28,177200,0,false,,2023-12-20T10:13:30Z,"christian,christian pop,ccm,worship,christian edm,christian hip hop,christian r&b,chinese hip hop,rap chrétien","Centricity Music (CEY)",0.685,0.814,11,-5.311,0,0.0997,0.025,0,0.642,0.84,160.027,4
spotify:track:6pK4Euo5PmBkxV5PXQkooU,"OUTSIDE","U P P E R H A N D","indie tribe;Mogli the Iceburg;nobigdyl.",2021-05-28,210548,47,false,,2023-12-20T10:13:30Z,"christian hip hop,christian,christian r&b","indie tribe.",0.623,0.712,4,-7.165,0,0.0846,0.0652,0,0.589,0.743,147.853,4
spotify:track:2TK4XCafmUR9NI0AOCAflo,"Rip It Up (feat. Aaron Cole)","Rip It Up (feat. Aaron Cole)","Capital Kings;Aaron Cole",2017-10-20,207058,0,false,,2023-12-20T10:13:30Z,"christian edm,christian pop,christian,christian hip hop,christian r&b","Gotee Records",0.621,0.908,11,-4.74,0,0.0461,0.0141,0.000114,0.0899,0.371,152.999,4
spotify:track:188vYbJMU4hbfLb2bWUTUA,"By Your Power (feat. Hulvey)","By Your Power (feat. Hulvey)","Thi'sl;Hulvey",2021-08-27,214569,34,false,,2023-12-20T10:13:30Z,"christian hip hop,christian,christian r&b,christian pop,worship","Full Ride Music",0.764,0.72,5,-5.707,0,0.0679,0.00457,0,0.115,0.444,144.99,4
spotify:track:0SmybhzsjTthEQM6aQMeni,"Villains","Georgica Pond","Johnnyswim",2016-10-14,261613,28,false,,2023-12-20T10:13:30Z,"folk pop","MR AND MRS SWIM LLC",0.599,0.735,6,-4.7,0,0.0518,0.0685,0,0.111,0.467,106.981,4
spotify:track:5Q064nXdClNmuN5WEFLhxX,"Right Back","Blsd (Deluxe)","Jor'dan Armstrong;Bizzle",2018-09-28,226783,17,false,,2023-12-20T10:13:30Z,"christian r&b,christian hip hop,gospel,christian pop","SeaQ/ Good Guys",0.588,0.865,10,-5.793,0,0.0994,0.0494,0,0.142,0.927,200.002,4
spotify:track:1vTsQ2grQYZI00BuOupTty,"We Already Won","We Already Won","AC.jR & BradyJames",2018-04-13,228750,0,false,,2023-12-20T10:13:30Z,"","AC.jR & BradyJames",0.636,0.716,1,-3.318,1,0.0623,0.264,0,0.0948,0.729,149.916,4
spotify:track:5UwzXsSIyYXTYScJkx3snT,"Love With Your Life","Love With Your Life","Hollyn",2016-07-15,209703,0,false,,2023-12-20T10:13:30Z,"christian pop,christian,christian edm,ccm","Gotee Records",0.766,0.699,10,-4.741,0,0.0665,0.0121,0.000475,0.0932,0.912,117.967,4
spotify:track:4la4a8jNTsnVKKmQAzPPPU,"Real Love","Real Love","Blanca",2017-09-22,232240,0,false,,2023-12-20T10:13:30Z,"christian,christian pop,christian r&b,ccm,worship,christian edm","Word Records",0.384,0.406,4,-6.648,0,0.0342,0.531,0,0.178,0.436,150.076,3
spotify:track:5tLPWQUcUHvR8kRr8k33cl,"Drown","Drown","Lecrae;John Legend",2020-07-17,200330,43,false,,2023-12-20T10:13:30Z,"christian hip hop,christian,christian r&b,christian pop,chinese hip hop,rap chrétien,soft pop,neo soul","Reach Records",0.641,0.814,7,-3.986,1,0.042,0.00867,0,0.0841,0.263,159.962,4
spotify:track:6hEGx6C9gGvJQJM0D3yRuP,"Starts With Me","The Elements","TobyMac;Aaron Cole",2018-10-12,233746,43,false,,2023-12-20T10:13:30Z,"christian,christian pop,ccm,christian rock,christian hip hop,worship,christian edm,christian alternative rock,christian r&b","Forefront (FRF)",0.393,0.668,1,-6.032,1,0.146,0.0252,0.0000445,0.0962,0.261,85.644,1
spotify:track:6vC4hjC6BhpDzFh69LV6Mh,"Woke Up This Morning","Woke Up This Morning","FLAME;Wes Writer",2019-02-01,181845,44,false,,2023-12-20T10:13:30Z,"christian hip hop,christian","Clear Sight Music",0.776,0.674,2,-5.924,1,0.177,0.238,0.0000023,0.112,0.566,170.022,4
spotify:track:6aeY95iV1RmuWrpdKI3n8K,"Struggle","Struggle","Mission",2019-01-11,197538,22,false,,2023-12-20T10:13:30Z,"christian hip hop,christian r&b,christian","RPSMG / RMG Amplify",0.766,0.56,5,-7.304,0,0.103,0.0408,0,0.0896,0.233,129.995,4
spotify:track:1VYNzruJnqJapYD0diGTYL,"Church Gone Wild","Church Gone Wild","1K Phew;Tonio",2016-10-18,208039,0,false,,2023-12-20T10:13:30Z,"christian hip hop,christian r&b,christian,rap chrétien","1K Phew & Tonio",0.929,0.668,11,-6.7,1,0.0935,0.0924,0,0.145,0.673,130.046,4
spotify:track:7sLlmRNA9DoY4Ijrl6jbzY,"Another Win","Another Win","Swoope;KB",2019-11-29,225621,40,false,,2023-12-20T10:13:30Z,"christian hip hop,christian,christian pop","Native No. / EMPIRE",0.783,0.78,1,-7.116,1,0.193,0.0223,0,0.105,0.656,149.064,4
spotify:track:2OEnuXApFl7zqqbUY69RdH,"With You","PANORAMA","GAWVI",2018-10-19,249389,41,false,,2023-12-20T10:13:30Z,"christian hip hop,christian reggaeton,christian pop,christian edm,christian r&b,christian","Reach Records",0.616,0.349,2,-8.228,0,0.0297,0.739,0,0.114,0.691,77.508,4
spotify:track:7GP9H9G4JTqtyuYeaZLKeo,"Green Card","PANORAMA","GAWVI;WHATUPRG",2018-10-19,178127,29,false,,2023-12-20T10:13:30Z,"christian hip hop,christian reggaeton,christian pop,christian edm,christian r&b,christian","Reach Records",0.764,0.771,8,-5.835,0,0.0826,0.164,0,0.213,0.709,149.88,4
spotify:track:2Cj5LxM6O2HWQIr9p9h3TH,"TOGETHER","TOGETHER","for KING & COUNTRY;Kirk Franklin;Tori Kelly",2020-05-01,206103,53,false,,2023-12-20T10:13:30Z,"christian,ccm,christian pop,worship,gospel,christian r&b","Curb | Word",0.389,0.784,0,-4.389,0,0.13,0.203,0.0000113,0.201,0.484,178.093,4
spotify:track:7dP9iNwrFr69WB9InCUwVK,"Smile","Smile","Tedashii",2018-02-09,213413,0,false,,2023-12-20T10:13:30Z,"christian hip hop,christian","Reach Records",0.853,0.711,2,-4.291,1,0.108,0.325,0,0.0833,0.781,134.98,4
spotify:track:44VRTehzlYrNoNEpY6drvn,"Long Live the Champion","Long Live the Champion","KB;Yariel;Gabriel EMC",2018-07-17,263118,0,false,,2023-12-20T10:13:30Z,"christian hip hop,christian,christian pop,christian reggaeton,christian reggae","Reach Records",0.691,0.795,8,-4.082,0,0.0972,0.00795,0,0.0878,0.628,137.994,4
spotify:track:0SRNtwBjIJ3OhGM9MJJczM,"Wavvy (feat. Mission)","Flexecution, Vol.1","Word;Mission",2017-08-25,202615,4,false,,2023-12-20T10:13:30Z,"christian hip hop,christian r&b,christian","Word",0.684,0.838,0,-3.677,1,0.398,0.0907,0,0.122,0.367,130.1,4
spotify:track:4eMxLQtSdgxdA1Hs6D2YuN,"In Hell I'll Be in Good Company","Good Company","The Dead South",2014-04-26,245320,72,false,,2023-12-17T05:04:38Z,"bluegrass,southern gothic,newgrass","Six Shooter Records Inc.",0.772,0.235,7,-9.075,0,0.0479,0.753,0.00125,0.111,0.703,154.802,4
spotify:track:35Y18Dv2pAiJ7v0Zou9gxI,"F.U.R.B. (F U Right Back)","F.U.R.B. (F U Right Back)","Frankee",2004-10-24,201866,57,true,,2023-12-15T19:17:04Z,"","Marro Records",0.788,0.635,8,-2.922,1,0.135,0.0993,0.0000099,0.292,0.601,141.019,4
spotify:track:1p5kC161fWMA2QlwV3Vi4W,"Fuck It (I Don't Want You Back)","I Don't Want You Back","Eamon",2004-01-23,225106,73,true,,2023-12-15T19:16:50Z,"","Jive",0.828,0.653,0,-6.245,0,0.0653,0.214,0.00000325,0.0404,0.575,68.507,4
spotify:track:6dDIOU6AqgLkrjFNPgvKY6,"FU (feat. French Montana)","Bangerz (Deluxe Version)","Miley Cyrus;French Montana",2013-10-04,231483,58,true,,2023-12-15T19:16:13Z,"","RCA Records Label",0.548,0.833,7,-3.294,1,0.0497,0.199,0,0.305,0.467,190.029,3
spotify:track:4h7qcXBtaOJnmrapxoWxGf,"Isis (feat. Logic)","ADHD","Joyner Lucas;Logic",2020-03-27,236501,68,true,,2023-12-12T07:05:16Z,"","Twenty Nine Music Group (Joyner Lucas)",0.884,0.936,1,-3.931,1,0.167,0.206,0,0.262,0.758,120.004,4
spotify:track:4TIqzdAssasqx3DAe6cG9J,"Ramen & OJ","Ramen & OJ","Joyner Lucas;Lil Baby",2021-04-30,218447,70,true,,2023-12-12T07:05:06Z,"","Twenty Nine Music Group",0.597,0.571,1,-6.205,0,0.293,0.492,0,0.093,0.165,106.196,3
spotify:track:5RU50TPTgtxJLFNunUS2p5,"Fucking Hostile","Vulgar Display of Power","Pantera",1992,168600,64,true,,2023-12-08T18:11:32Z,"groove metal,metal,thrash metal,heavy metal","Atlantic Records",0.479,0.96,6,-9.551,0,0.0991,0.000148,0.0000462,0.208,0.506,93.867,4
spotify:track:2Uilp8alSjAxV0IXorUk9l,"I Fucking Hate You","Faceless","Godsmack",2003-04-08,247066,53,true,,2023-12-08T18:11:23Z,"alternative metal,nu metal,hard rock,rap metal,metal","Universal Records",0.309,0.973,0,-4.721,1,0.185,0.0000382,0,0.0972,0.211,190.275,4
spotify:track:4BVzMXl6fgEC82DpjTZD0T,"Fuck Her Gently","Tenacious D","Tenacious D",2001-09-25,123666,44,true,,2023-12-08T18:10:43Z,"comedy","Epic",0.521,0.297,2,-7.022,1,0.0351,0.732,0,0.273,0.517,118.681,4
spotify:track:2BBG2uGJptuZK79xJJoeUx,"Another F.U. Song - Another F.U. Song","Monkeys For Nothin' And The Chimps For Free","Reel Big Fish",2007-07-10,64666,0,true,,2023-12-08T17:59:47Z,"ska punk,ska,punk,skate punk","Rock Ridge Music",0.391,0.971,8,-3.131,1,0.318,0.264,0,0.63,0.799,177.397,3
spotify:track:6wsqVwoiVH2kde4k4KKAFU,"I KNOW ?","UTOPIA","Travis Scott",2023-07-28,211582,82,true,,2023-12-06T21:39:40Z,"rap","Cactus Jack/Epic",0.927,0.619,5,-4.441,0,0.0539,0.0186,0,0.104,0.817,117.995,4
spotify:track:7GX5flRQZVHRAGd6B4TmDO,"XO Tour Llif3","Luv Is Rage 2","Lil Uzi Vert",2017-08-25,182706,86,true,,2023-12-02T15:51:59Z,"melodic rap,rage rap","Generation Now/Atlantic",0.732,0.75,11,-6.366,0,0.231,0.00264,0,0.109,0.401,155.096,4
spotify:track:01TyFEZu6mHbffsVfxgrFn,"Show Me How","Show Me How","Men I Trust",2018-02-28,215110,3,false,,2023-12-02T15:46:38Z,"bedroom pop,indie pop,dream pop","Indie",0.791,0.267,5,-11.997,1,0.0415,0.674,0.534,0.102,0.544,165.99,4
spotify:track:6zWU7YALeEDMcPGhKKZJhV,"Navajo","Navajo","Masego",2017-06-08,194157,77,false,,2023-12-02T15:42:53Z,"","Masego",0.567,0.593,6,-7.404,0,0.288,0.117,0.00000132,0.248,0.358,88.545,4
spotify:track:2gNfxysfBRfl9Lvi9T3v6R,"Disciples","Currents","Tame Impala",2015-07-17,108546,68,false,,2023-12-02T15:39:13Z,"neo-psychedelic,indie","Universal Music Australia Pty. Ltd.",0.661,0.869,5,-5.477,1,0.0334,0.078,0.924,0.398,0.8,126.971,4
spotify:track:7psoh3Eg3uOG0yROtOIXpv,"She's The One","New Born","Arkasia",2012-08-27,332929,21,false,,2023-11-26T16:44:45Z,"chillstep,dubstep,drumstep","Heavy Artillery Recordings",0.502,0.518,9,-7.57,0,0.03,0.0138,0.895,0.0818,0.166,140,3
spotify:track:4m4LC0U6Fta39SfI6ex28o,"Invisible Bridge - Original Mix","Epilogue","Arkasia",2012-12-17,368258,24,false,,2023-11-25T13:25:39Z,"chillstep,dubstep,drumstep","Heavy Artillery Recordings",0.274,0.534,1,-7.219,1,0.0439,0.544,0.243,0.0505,0.0618,144.955,4
spotify:track:6JyuJFedEvPmdWQW0PkbGJ,"Purple Lamborghini (with Rick Ross)","Purple Lamborghini (with Rick Ross)","Skrillex;Rick Ross",2016-07-22,215510,69,true,,2023-11-24T15:23:41Z,"dubstep,edm,electro,electronic,southern hip hop","Atlantic Records",0.457,0.899,10,-2.591,0,0.132,0.0019,0,0.831,0.298,147.268,4
spotify:track:13WdSyCDkKUQIp1YApKxoE,"Shangri-La","A","Denki Groove",1997-05-14,310440,36,false,,2023-11-22T08:22:33Z,"shibuya-kei,electronic,j-dance","Sony Music Labels Inc.",0.591,0.885,10,-7.296,0,0.0465,0.00304,0.407,0.369,0.742,119.996,4
spotify:track:2BHj31ufdEqVK5CkYDp9mA,"Mayonaka no Door / Stay With Me","Miki Matsubara Best Collection","Miki Matsubara",2008,312293,13,false,,2023-11-22T08:21:12Z,"city pop,j-pop","PONY CANYON INC.",0.658,0.747,5,-6.615,1,0.0431,0.176,0.00000849,0.0789,0.792,108.259,4
spotify:track:3xKsf9qdS1CyvXSMEid6g8,"Pink + White","Blonde","Frank Ocean",2016-08-20,184516,90,false,,2023-11-22T04:44:14Z,"","Boys Don't Cry",0.545,0.545,9,-7.362,1,0.107,0.667,0.0000548,0.417,0.549,159.94,3
spotify:track:3YBfHJTZPHn5DqgMnD6g5g,"Atomic Vomit","The Lo-Fis","Steve Lacy",2020-12-04,90000,66,false,,2023-11-22T04:41:40Z,"","L-M Records",0.667,0.532,2,-11.288,1,0.18,0.456,0.0122,0.12,0.882,86.576,4
spotify:track:0c4GMGeJpWFYOBGuumrU3e,"United In Grief","Mr. Morale & The Big Steppers","Kendrick Lamar",2022-05-12,255377,54,false,,2023-11-16T09:49:59Z,"hip hop,west coast hip hop","pgLang/Top Dawg Entertainment/Aftermath/Interscope Records",0.698,0.844,1,-8.143,1,0.354,0.242,0,0.143,0.333,87.393,3
spotify:track:7o2AeQZzfCERsRmOM86EcB,"Xtal","Selected Ambient Works 85-92","Aphex Twin",1992-02-10,293751,72,false,,2023-11-16T09:25:44Z,"idm,ambient","R&S Records",0.51,0.505,9,-13.053,0,0.0344,0.342,0.96,0.117,0.318,114.532,4
spotify:track:409z4jUHpq7eIkg3N3FzZh,"Windowlicker","Windowlicker","Aphex Twin",1999-03-22,365640,59,false,,2023-11-16T09:25:14Z,"idm,ambient","Warp Records",0.696,0.775,10,-5.097,0,0.142,0.132,0.00879,0.37,0.474,123.023,4
spotify:track:20fAoPjfYltmd3K3bO7gbt,"Stick Talk","DS2 (Deluxe)","Future",2015-07-17,171333,68,true,,2023-10-29T04:47:22Z,"rap,trap","Epic/Freebandz/A1",0.729,0.672,7,-6.749,1,0.282,0.0265,0,0.244,0.595,159.903,4
spotify:track:4ycLiPVzE5KamivXrAzGFG,"Fuck You","The Lady Killer","CeeLo Green",2010-11-09,222933,67,true,,2023-10-24T03:13:23Z,"","Radiculture/Elektra",0.69,0.834,0,-5.79,1,0.0566,0.129,0,0.136,0.738,127.43,4
spotify:track:5FkW4djGNgTOL1yyXKq73H,"Strangelove - 2006 Remaster","Music for the Masses (2006 Remaster)","Depeche Mode",1987-09-28,296680,0,false,,2023-10-14T09:48:40Z,"new wave,synthpop,darkwave","Rhino/Warner Records",0.66,0.802,4,-7.889,0,0.043,0.195,0.00749,0.186,0.646,118.9,4
spotify:track:4kZOi9K2i06Syi2DiSfEqT,"The Chauffeur - 2009 Remaster","Rio (Collector's Edition)","Duran Duran",1982-05-10,321533,61,false,,2023-10-14T08:58:55Z,"new wave,synthpop","Parlophone UK",0.695,0.658,2,-9.174,1,0.0851,0.287,0.000184,0.0467,0.532,82.846,4
spotify:track:51tWcK9KRc2WyleZ82AGT4,"Enjoy the Silence","Enjoy the Silence","Trevor Something",2016-10-08,289704,52,false,,2023-10-14T08:58:55Z,"synthwave,vaporwave,synthpop,darkwave","In Your Brain LLC",0.554,0.692,7,-8.526,1,0.0512,0.138,0.921,0.221,0.462,109.998,4
spotify:track:06dAFXkgM2OGAkGS3CxpEm,"Love Is A Battlefield","Live From Earth","Pat Benatar",1983-01-01,325066,65,false,,2023-10-14T08:58:55Z,"aor","Chrysalis\EMI Records (USA)",0.672,0.526,2,-15.157,0,0.0527,0.0389,0.00313,0.0443,0.851,90.67,4
spotify:track:2mIrfke7vosXAEWfz6ucyo,"Lovesong - Remastered","Disintegration (Deluxe Edition)","The Cure",1989-05-02,208266,77,false,,2023-10-14T08:58:55Z,"new wave,post-punk,gothic rock,darkwave","UMC (Universal Music Catalogue)",0.611,0.791,9,-7.7,0,0.0286,0.326,0.862,0.217,0.856,140.12,4
spotify:track:0ZYdUkAQmKHsaKRmq8tWSE,"Lullaby - Remastered","Disintegration (Deluxe Edition)","The Cure",1989-05-02,248186,73,false,,2023-10-14T08:58:55Z,"new wave,post-punk,gothic rock,darkwave","UMC (Universal Music Catalogue)",0.719,0.553,9,-10.646,1,0.0349,0.186,0.677,0.0659,0.573,94.093,4
spotify:track:77f3aNeabAbOaSB32Sd5QE,"Eleanor Rigby - Remastered","Revolver (Remastered)","The Beatles",1966-08-05,126533,1,false,,2023-10-14T08:58:55Z,"classic rock,psychedelic rock","EMI Catalogue",0.581,0.28,4,-9.091,0,0.0381,0.936,0.0000156,0.305,0.813,137.831,4
spotify:track:4gkSpsiFU0Lsjeitmx4zGK,"Lust","Lesser Man EP","Boy Harsher",2014,184676,0,false,,2023-10-14T08:58:55Z,"darkwave,cold wave,post-punk,ebm,gothic rock,deathrock,synthpop","Nude Club",0.584,0.857,0,-6.402,1,0.0296,0.029,0.369,0.0953,0.833,132.003,4
spotify:track:13HYthybjhM3iyWcfl8VcN,"Pain","Lesser Man EP","Boy Harsher",2014,439490,0,false,,2023-10-14T08:58:55Z,"darkwave,cold wave,post-punk,ebm,gothic rock,deathrock,synthpop","Nude Club",0.717,0.924,2,-4.707,1,0.0285,0.043,0.6,0.11,0.791,128.025,4
spotify:track:5yMhoNjaiRd0EpYkag1CTQ,"Devolution","Think for Yourself","Formshift",2015-07-10,280107,27,false,,2023-10-14T08:58:55Z,"","Hard Electronic",0.444,0.835,2,-4.247,1,0.04,0.00233,0.621,0.0817,0.255,103.955,4
spotify:track:5e0vfjC19908HLerbfbEkv,"Red Flags And Long Nights","She Wants Revenge","She Wants Revenge",2005-01-01,308986,0,true,,2023-10-14T08:58:55Z,"darkwave,gothic rock","Flawless Records",0.627,0.543,0,-8.249,0,0.0319,0.00208,0.462,0.135,0.434,143.232,4
spotify:track:6gwJm7LgsaHdd3CWi4K8e8,"Out Of Control","She Wants Revenge","She Wants Revenge",2005-01-01,217293,0,false,,2023-10-14T08:58:55Z,"darkwave,gothic rock","Flawless Records",0.654,0.703,2,-6.911,1,0.0295,0.000501,0,0.113,0.555,112.474,4
spotify:track:3urJUvRhgMrwydaTQFVEg9,"Tear You Apart","She Wants Revenge","She Wants Revenge",2005-01-01,284613,2,true,,2023-10-14T08:58:55Z,"darkwave,gothic rock","Flawless Records",0.583,0.729,1,-6.645,0,0.0341,0.000522,0.0000147,0.487,0.539,152.996,4
spotify:track:7vCEgUm4La4odmfkKaNTpg,"Show It 2 Me","Requiem for Romance","Night Club",2016-10-07,248284,0,false,,2023-10-14T08:58:55Z,"","Gato Blanco",0.833,0.708,2,-5.241,1,0.069,0.0865,0.0443,0.103,0.607,102,4
spotify:track:6ho0GyrWZN3mhi9zVRW7xi,"Losing It","Losing It","FISHER",2018-07-13,248035,78,false,,2023-10-14T08:58:55Z,"tech house,house","Fisher - Follow the FISH, LLC",0.76,0.964,2,-5.844,1,0.0577,0.00181,0.703,0.0975,0.643,125.003,4
spotify:track:4qykSxCPj7dmhY3OHbf9L6,"Funnel Of Love","Only Lovers Left Alive (Original Motion Picture Soundtrack)","SQÜRL;Madeline Follin",2021-02-12,220079,0,false,,2023-10-14T08:58:55Z,"","Sacred Bones Records",0.303,0.671,7,-7.428,1,0.0358,0.0499,0.0449,0.123,0.248,79.308,4
spotify:track:0sPdLQAblRxZWv0EhSpnYW,"Spooky Action At A Distance","Only Lovers Left Alive (Original Motion Picture Soundtrack)","SQÜRL",2021-02-12,213939,0,false,,2023-10-14T08:58:55Z,"","Sacred Bones Records",0.292,0.494,3,-10.628,1,0.0334,0.000437,0.00314,0.106,0.117,61.171,4
spotify:track:3ZGA5YH0SWhsLoHFSLGYAK,"A Drop in the Cab","Foreplay","Julian Winding",2018-07-20,290000,1,false,,2023-10-14T08:58:55Z,"","KO Recordings",0.744,0.726,1,-8.512,1,0.0724,0.00333,0.689,0.0737,0.0879,119.992,4
spotify:track:0FkcmHJOsWE80rlpzfT0Pq,"God's Gonna Cut You Down","God's Gonna Cut You Down","Marilyn Manson",2019-10-18,160538,59,false,,2023-10-14T08:58:55Z,"industrial metal,industrial rock,industrial,metal,nu metal","Loma Vista Recordings",0.504,0.754,8,-5.182,1,0.0424,0.139,0,0.126,0.583,82.009,4
spotify:track:7Gjj6NxSsVwXfOXUjvjCXv,"Sisters of the Moon - 2015 Remaster","Tusk (Deluxe Edition)","Fleetwood Mac",1979-10-12,283013,63,false,,2023-10-14T08:58:55Z,"yacht rock,classic rock,soft rock","Rhino/Warner Records",0.685,0.526,9,-8.849,0,0.03,0.0313,0.395,0.11,0.455,114.992,4
spotify:track:2yKvgajKAzV5gklTRLDc0U,"Pinky's Dream - Trentemøller Remix","Crazy Clown Time (Deluxe Edition)","David Lynch;Karen O;trentemøller",2011-11-07,354571,0,false,,2023-10-14T08:58:55Z,"dark ambient,minimal techno,electronica","Sunday Best Recordings",0.638,0.727,11,-7.453,0,0.0625,0.000538,0.0605,0.112,0.423,149.994,4
spotify:track:3vYG5Rlgu7DMMtXDXE1brW,"Make It Wit Chu","Twenty-Six","Virgin Magnetic Material",2014-08-30,408032,43,false,,2023-10-14T08:58:55Z,"","LOUNGEMASTERS.ORG",0.716,0.4,9,-11.016,1,0.0306,0.175,0.752,0.297,0.302,92.01,4
spotify:track:4zWogHEO1YD1eIvxyieyc4,"You're So Ugly","Microwaves","Trevor Something",2020-04-17,202038,14,true,,2023-10-14T08:58:55Z,"synthwave,vaporwave,synthpop,darkwave","In Your Brain LLC",0.617,0.696,0,-8.75,1,0.0425,0.0182,0.815,0.322,0.219,115.01,4
spotify:track:20goDx14UZviYtCPtLbqvs,"Lucretia My Reflection - Vinyl Version","Floodland","Sisters of Mercy",1987,295250,64,false,,2023-10-14T08:58:55Z,"gothic rock,darkwave,post-punk,deathrock,cold wave,new wave,gothic metal","Rhino",0.601,0.768,9,-8.718,1,0.0329,0.0785,0.712,0.0771,0.887,130.342,4
spotify:track:4E9aIOd0xy78rp9uxtywmA,"Got Well Soon","Got Well Soon","Breton",2013-01-01,293700,0,false,,2023-10-14T08:58:55Z,"","Cut Tooth / Believe Recordings",0.721,0.749,1,-7.078,1,0.0375,0.038,0.151,0.111,0.416,113.972,4
spotify:track:2mV3Y65yxzsUan8WO5Tb0q,"We Are Legion - Matt Green Remix","We Are Legion","Ambassador21;Matt Green",2016-06-17,315428,30,false,,2023-10-14T08:58:55Z,"industrial,ebm,speedcore,hardcore techno,gabber","Industrial Strength Records",0.5,1,1,0.025,1,0.262,0.00781,0.355,0.344,0.0348,164.99,4
spotify:track:7lQ8MOhq6IN2w8EYcFNSUk,"Without Me","The Eminem Show","Eminem",2002-05-26,290320,92,true,,2023-10-14T08:58:55Z,"rap,hip hop","Eminem Catalog PS",0.908,0.669,7,-2.827,1,0.0738,0.00286,0,0.237,0.662,112.238,4
spotify:track:0Z3xhSOhrawLV81YdiDiiJ,"Venus","At Home","Shocking Blue",1969,187533,73,false,,2023-10-14T08:58:55Z,"nederpop","Red Bullet",0.691,0.762,11,-6.47,0,0.0367,0.462,0.0286,0.0804,0.957,128.111,4
spotify:track:5ruzrDWcT0vuJIOMW7gMnW,"The Adults Are Talking","The New Abnormal","The Strokes",2020-04-10,309053,87,false,,2023-10-14T08:58:55Z,"garage rock,indie rock,alternative rock","Cult Records/RCA Records",0.593,0.749,5,-5.67,1,0.0475,0.0113,0.106,0.314,0.649,164.959,4
spotify:track:3tIfmcVKaQX2fnjBJ4kPNT,"Warship My Wreck","The Pale Emperor (Deluxe)","Marilyn Manson",2015-01-19,357286,0,false,,2023-10-14T08:58:55Z,"industrial metal,industrial rock,industrial,metal,nu metal","Cooking Vinyl",0.543,0.744,4,-6.657,0,0.0492,0.0223,0.0106,0.0965,0.165,115.036,4
spotify:track:2bTe1fvWK8mfjSP6NqXDzU,"Don't Stop The Dance","Boys And Girls","Bryan Ferry",1985,259360,68,false,,2023-10-14T08:58:55Z,"glam rock","Virgin Records",0.716,0.769,9,-5.931,0,0.0328,0.00707,0.78,0.165,0.975,127.32,4
spotify:track:07aqlD34P6qYrWjRNBt1eW,"Viol","Conspiracy Pt.2","Gesaffelstein",2011-07-18,343878,0,false,,2023-10-14T08:58:55Z,"","Turbo Recordings",0.597,0.839,7,-6.964,1,0.0377,0.0000759,0.825,0.55,0.202,108.993,4
spotify:track:2KSeDCcvzVebdoIjUSJKC0,"In My System","Does Not Exist EP","Trevor Something",2014-06-17,116057,30,false,,2023-10-14T08:58:55Z,"synthwave,vaporwave,synthpop,darkwave","Trevor Something",0.645,0.598,1,-9.417,0,0.264,0.17,0.942,0.205,0.573,184.541,3
spotify:track:1WwyLbMGbcxbHavoVpJva1,"Cybersex","Deep Wave Data Dark Web Daemons","Trevor Something",2020-05-08,178469,29,true,,2023-10-14T08:58:55Z,"synthwave,vaporwave,synthpop,darkwave","In Your Brain LLC",0.672,0.601,10,-9.82,0,0.0364,0.0808,0.908,0.104,0.207,93.958,4
spotify:track:53Mz9H5UvWMQUXHZnaZYKQ,"Babooshka","Never for Ever","Kate Bush",1980-09-08,209933,63,false,,2023-10-14T08:58:55Z,"art pop,baroque pop,art rock","Parlophone UK",0.466,0.439,5,-8.892,0,0.0325,0.741,0.0000164,0.0707,0.289,107.173,4
spotify:track:6kHDZVPP1wTTIvkh0yTGX6,"All The Young Dudes","Leto (Original Motion Picture Soundtrack)","Shortparis",2018-10-30,225800,0,false,,2023-10-14T08:58:55Z,"cold wave,post-punk","Milan Records",0.348,0.445,7,-12.445,1,0.0371,0.114,0.000537,0.128,0.111,99.714,4
spotify:track:3pPS6tKScQLLk6j1nFlJwL,"Distorted Reality","Distorted Reality","Trevor Something",2017-04-13,236468,6,false,,2023-10-14T08:58:55Z,"synthwave,vaporwave,synthpop,darkwave","In Your Brain LLC",0.358,0.666,6,-8.724,0,0.0538,0.0268,0.845,0.125,0.0807,125.059,4
spotify:track:20OhwxJn6uNHeOfpPe0ubD,"Collapse In Slow Motion","Safe & Elegant","Velvet Condom",2010-06-05,243322,33,false,,2023-10-14T08:58:55Z,"cold wave,darkwave,post-punk,electroclash,deathrock,gothic rock,ebm,synthpop","Cymbeline",0.628,0.674,0,-5.179,0,0.0292,0.000145,0.537,0.0833,0.13,109.984,4
spotify:track:1wyVyr8OhYsC9l0WgPPbh8,"Bela Lugosi's Dead (Official Version)","The Bela Session","Bauhaus",2018-11-23,576703,61,false,,2023-10-14T08:58:55Z,"gothic rock,post-punk,deathrock,darkwave,cold wave,new wave","Leaving Records",0.594,0.692,11,-9.444,0,0.114,0.0131,0.678,0.0647,0.552,153.47,4
spotify:track:29Q1iiqwuBoifgNdJAw84A,"Waiting for the Cold","Soulless Computer Boy and the Eternal Render","Trevor Something",2016-08-05,146222,11,false,,2023-10-14T08:58:55Z,"synthwave,vaporwave,synthpop,darkwave","In Your Brain LLC",0.192,0.151,7,-23.76,0,0.0547,0.965,0.895,0.112,0.0337,118.035,4
spotify:track:7ziuu5cPNbtS3WndwyTItL,"Deep Six","Deep Six","Marilyn Manson",2014-12-16,302904,0,false,,2023-10-14T08:58:55Z,"industrial metal,industrial rock,industrial,metal,nu metal","Cooking Vinyl",0.589,0.942,9,-4.058,0,0.109,0.0016,0.00000432,0.218,0.301,133.034,4
spotify:track:53Zvj4xbSFKwSJeXjyocHK,"Fate","Careful","Boy Harsher",2019-02-01,257892,0,false,,2023-10-14T08:58:55Z,"darkwave,cold wave,post-punk,ebm,gothic rock,deathrock,synthpop","Nude Club",0.738,0.842,5,-5.446,0,0.0326,0.221,0.392,0.0559,0.888,129.029,4
spotify:track:0MnIQOqJq0hFdq5t7d3zs9,"The Mephistopheles Of Los Angeles","The Pale Emperor","Marilyn Manson",2015-01-19,297168,0,false,,2023-10-14T08:58:55Z,"industrial metal,industrial rock,industrial,metal,nu metal","Cooking Vinyl",0.625,0.908,2,-4.08,1,0.0896,0.000201,0.000305,0.0987,0.199,124.997,4
spotify:track:24BYTj1tb5ovZcnIbtdTYD,"Test & Recognise - Flume Re-work","Test & Recognise (Remixes)","Seekae;Flume",2014-08-14,303660,2,false,,2023-10-14T08:58:55Z,"future bass","Future Classic",0.544,0.579,8,-8.52,1,0.0712,0.193,0.0000143,0.117,0.294,109.769,4
spotify:track:3XlJCCqo6a6AOXagT4CHJp,"Spellbound","The Best Of Siouxsie And The Banshees (Limited Edition)","Siouxsie and the Banshees",2002-01-01,197533,0,false,,2023-10-14T08:58:55Z,"gothic rock,post-punk,deathrock,darkwave,new wave,cold wave","Interscope",0.456,0.886,7,-7.063,1,0.0408,0.0012,0.000194,0.135,0.288,148.666,4
spotify:track:1O2uHsaN51rIqE6FChYgI5,"Killing Strangers","The Pale Emperor (Deluxe Version)","Marilyn Manson",2014-01-01,336480,0,true,,2023-10-14T08:58:55Z,"industrial metal,industrial rock,industrial,metal,nu metal","Vertigo Berlin",0.592,0.55,5,-5.938,1,0.0381,0.00981,0.00000295,0.132,0.509,59.997,4
spotify:track:77HYwsktlwB37zyEH9dgYY,"Play For Today","Seventeen Seconds","The Cure",1980-04-18,218960,60,false,,2023-10-14T08:58:55Z,"new wave,post-punk,gothic rock,darkwave","Polydor Records",0.458,0.731,11,-12.049,0,0.145,0.0487,0.0215,0.116,0.784,80.425,4
spotify:track:4iVTSRiJAA18d3QglhyJ6Q,"A Forest","Seventeen Seconds","The Cure",1980-04-18,354640,74,false,,2023-10-14T08:58:55Z,"new wave,post-punk,gothic rock,darkwave","Polydor Records",0.587,0.493,0,-14.927,1,0.0505,0.423,0.712,0.0909,0.451,161.222,4
spotify:track:3sxNhARfL8uj7NlMqwF61p,"SAY10","Heaven Upside Down","Marilyn Manson",2017-10-06,258519,56,false,,2023-10-14T08:58:55Z,"industrial metal,industrial rock,industrial,metal,nu metal","Loma Vista",0.601,0.741,2,-6.424,1,0.0698,0.000989,0.00237,0.053,0.129,126.963,4
spotify:track:6UIo6YbaXihIZ72MWUpcGb,"KILL4ME","Heaven Upside Down","Marilyn Manson",2017-10-06,239240,61,true,,2023-10-14T08:58:55Z,"industrial metal,industrial rock,industrial,metal,nu metal","Loma Vista",0.635,0.688,11,-6.136,0,0.0346,0.0023,0.0000107,0.507,0.389,107.989,4
spotify:track:1GjbTNFImFrjFsNdleDe78,"Never Tear Us Apart","Kick (Remastered 2011)","INXS",1987,184586,78,false,,2023-10-14T08:58:55Z,"","Universal Music Australia Pty. Ltd.",0.664,0.613,0,-7.56,1,0.0273,0.00294,0.000129,0.175,0.193,96.6,3
spotify:track:18aiy74L95xGfInzbCA5Ws,"HOT 44","PLANET'S MAD","Baauer",2020-06-19,266866,0,false,,2023-10-14T08:58:55Z,"edm trap","LuckyMe",0.61,0.844,11,-6.867,1,0.0775,0.00984,0.642,0.579,0.0658,126.02,4
spotify:track:5EzNdszibI9d4ZMMaRzKuk,"One Caress","Songs of Faith and Devotion (Deluxe)","Depeche Mode",1993-03-22,213813,47,false,,2023-10-14T08:58:55Z,"new wave,synthpop,darkwave","Venusnote Ltd.",0.259,0.232,7,-11.415,0,0.0321,0.826,0.0076,0.11,0.127,200.909,3
spotify:track:2Y0iGXY6m6immVb2ktbseM,"Little Dark Age","Little Dark Age","MGMT",2018-02-09,299933,82,false,,2023-10-14T08:58:55Z,"indie","Columbia",0.705,0.712,6,-6.156,1,0.0385,0.0102,0.000855,0.1,0.62,97.512,4
spotify:track:0lNit5cPzZnmVqMAbiOFKp,"The Nobodies","Holy Wood","Marilyn Manson",2000-11-11,215426,0,false,,2023-10-14T08:58:55Z,"industrial metal,industrial rock,industrial,metal,nu metal","Universal Music Group",0.432,0.803,9,-5.182,1,0.0603,0.0000462,0.0000366,0.0648,0.314,150.008,4
spotify:track:0TXfAQ5ohVQPzt4Mrr5azG,"Your Master is calling","Meta","Pink Turns Blue",1988-10-01,463506,46,false,,2023-10-14T08:58:55Z,"gothic rock,post-punk,darkwave,deathrock,cold wave","Orden",0.491,0.733,11,-11.004,0,0.0303,0.0245,0.409,0.092,0.791,152.129,4
spotify:track:51zFUgUVH5xAGpYBsO2Q23,"Everything's Legal In Alabama","Outlaw Carnie","Bob Wayne",2010-01-26,194786,21,false,,2023-10-07T18:28:58Z,"outlaw country,psychobilly,rockabilly,alt country","People Like You Records",0.519,0.848,7,-5.655,1,0.0732,0.313,0.00000135,0.108,0.961,124.101,4
spotify:track:0tDmpKmHGLui1P0Pzmq1Nl,"Every Little Bit Hurts","The Classic Collection","Petula Clark",1997-01-01,177240,0,false,,2023-10-07T01:50:39Z,"","Sanctuary Budget",0.351,0.397,0,-10.404,1,0.0292,0.782,0,0.358,0.444,138.689,3
spotify:track:0ZB5OHD1322zvxgEk8uO2J,"I Want to Hold Your Hand","The Classic Collection","Petula Clark",1997-01-01,179973,0,false,,2023-10-07T01:44:24Z,"","Sanctuary Budget",0.333,0.321,3,-12.976,0,0.028,0.816,0.0000109,0.134,0.279,79.986,4
spotify:track:2LAkVHr0qJYJR54lSzyUyC,"Downtown","The Classic Collection","Petula Clark",1997-01-01,184000,0,false,,2023-10-05T14:38:28Z,"","Sanctuary Budget",0.486,0.681,4,-5.666,1,0.0418,0.759,0,0.165,0.542,118.469,4
spotify:track:3g9woL7gLUOklmOEZbMSyb,"St Tropez Party Girl","St Tropez Party Girl","Talha Eren;Syrus Inc",2023-09-01,213996,0,true,,2023-10-03T19:16:49Z,"chicha","Night Music Company",0.556,0.64,3,-9.192,0,0.0755,0.0824,0.00484,0.35,0.513,181.204,4
spotify:track:3kbUFmLV5SHVQonfOpNgkd,"San Tropez","Meddle","Pink Floyd",1971-11-11,222853,61,false,,2023-10-03T19:16:06Z,"progressive rock,psychedelic rock,classic rock,art rock,rock","Pink Floyd Records",0.691,0.324,0,-15.366,1,0.0446,0.171,0.0223,0.0674,0.543,121.664,4
spotify:track:5PJkm7Jyx3u5xiLdoGmJbV,"Squash All Beef","KRS-One","KRS-One",1995-10-10,304266,25,false,,2023-09-27T00:57:42Z,"old school hip hop,east coast hip hop,hip hop,hardcore hip hop","Jive",0.572,0.545,1,-9.771,1,0.563,0.0533,0.00000331,0.102,0.577,174.079,4
spotify:track:3FP8A246XpuafFofRhDlWG,"I'm So Sick","Flyleaf","Flyleaf",2006-01-01,175880,76,false,,2023-09-24T06:53:46Z,"christian rock,christian alternative rock,emo","Interscope Records*",0.429,0.959,10,-4.261,1,0.0923,0.0000642,0.00000687,0.102,0.231,153.932,4
spotify:track:2Yi0DCEy20TtUkGYB0V915,"No Senor","Jonny Z","Jonny Z",1996,211266,40,false,,2023-09-23T03:45:53Z,"funk melody,miami bass,latin hip hop,freestyle","Quality",0.871,0.833,11,-3.956,0,0.179,0.0173,0.00107,0.125,0.696,135.881,4
spotify:track:52bjU7qBrZyLC3aCiydSoW,"City Rising from the Ashes","Event 2","Deltron 3030;Mike Patton",2013-09-30,212240,26,true,,2023-09-14T09:23:22Z,"experimental hip hop,underground hip hop,avant-garde","Bulk Recordings",0.769,0.877,5,-5.141,0,0.115,0.0204,0,0.536,0.826,107.005,4
spotify:track:1nikHfOwdPSb9IFPgEMvPk,"Jimmy Recard","Brothers Grimm","Drapht",2008-05-10,214226,2,true,,2023-09-14T06:44:27Z,"","The Ayems",0.555,0.826,7,-4.762,1,0.303,0.131,0,0.687,0.685,97.162,4
spotify:track:2Ee22x5KHPEvrGBIx9AdOb,"Justin Scott","4eva Is A Mighty Long Time","Big K.R.I.T.",2017-10-27,240334,0,false,,2023-09-14T03:58:59Z,"southern hip hop","BMG Rights Management (US) LLC",0.241,0.722,4,-5.161,0,0.0426,0.0145,0.001,0.306,0.142,115.869,3
spotify:track:1SWLNFT1Gobe4h3TyPxHeZ,"lean back","just friends","potsu",2018-07-17,129000,0,false,,2023-09-14T03:56:22Z,"lo-fi","potsu recordings",0.724,0.122,0,-13.302,1,0.0414,0.91,0.907,0.0767,0.0906,93.968,4
spotify:track:10vS4ZLi4XWlIsNXSQXgqh,"JU$T (feat. Pharrell Williams & Zack de la Rocha)","RTJ4","Run The Jewels;El-P;Killer Mike;Zack De La Rocha;Pharrell Williams",2020-06-03,205160,1,true,,2023-09-13T08:37:16Z,"hip hop,experimental hip hop,southern hip hop,alternative hip hop","BMG Rights Management (US) LLC",0.68,0.501,6,-7.31,0,0.486,0.024,0.0000858,0.162,0.392,132.416,4
spotify:track:6bLU8e0LGyztE9iD5DWBQ1,"Hallucinogenics","Bank On The Funeral","Matt Maeson",2019-04-05,187173,74,true,,2023-09-13T05:33:43Z,"","Neon Gold/Atlantic",0.549,0.653,0,-7.47,1,0.0503,0.457,0,0.0969,0.287,121.348,4
spotify:track:6uJ1hWwc6Sd6K1SbBbcNZl,"The Chauffeur - 2005 Remaster","B-Sides & Rarities","Deftones",2005,324253,45,false,,2023-09-13T00:19:04Z,"nu metal,alternative metal,rap metal,rock,shoegaze","Maverick",0.267,0.793,4,-4.128,0,0.0347,0.000494,0.000495,0.082,0.329,79.855,4
spotify:track:5pZHQuTA3HTmtB61UiK2es,"Into the Groovey","The Whitey Album","Sonic Youth",1988-04-05,276466,40,false,,2023-09-13T00:18:38Z,"noise rock,grunge,alternative rock,post-punk","Squeaky Squawk",0.652,0.659,5,-13.849,1,0.0555,0.238,0.295,0.0782,0.554,116.532,4
spotify:track:2KzCk8BbIKKE7exXVlQxY6,"Not In Love - Robert Smith Mix","Not In Love","Crystal Castles;Robert Smith",2010-01-01,229466,45,false,,2023-09-13T00:16:37Z,"witch house,electroclash,new rave,alternative dance","[PIAS] Recordings Catalogue",0.472,0.968,7,-5.322,0,0.182,0.00476,0.0019,0.361,0.158,135.953,4
spotify:track:59Y2GLn55BVjX3UTMUDtTP,"You've Got The Love - Jamie xx Rework","You've Got The Love (Jamie xx Rework)","Florence + The Machine;The xx;Jamie xx",2009-09-28,342990,62,false,,2023-09-13T00:15:58Z,"baroque pop","Universal-Island Records Ltd.",0.702,0.502,0,-7.439,1,0.098,0.11,0.459,0.0846,0.383,129.991,4
spotify:track:6MQdIVpcXuaa9QpuCd33ei,"Major Tom","Major Tom","Shiny Toy Guns",2009-01-01,262333,42,false,,2023-09-13T00:14:34Z,"","Motown",0.637,0.79,10,-6.776,0,0.0383,0.0458,0.0041,0.249,0.607,164.822,4
spotify:track:1DWDBEou20xXJQ3By1nu0q,"Mad World","Writer's Block","Evergreen Terrace",2000-02-16,175546,38,false,,2023-09-13T00:13:57Z,"metalcore,melodic hardcore,hardcore,post-hardcore","Eulogy Recordings",0.428,0.942,6,-4.592,0,0.0975,0.0000604,0.00000166,0.0683,0.256,132.18,4
spotify:track:7lHINmM0WM8infPvyokWIe,"You Give Love A Bad Name","The Curse (Deluxe Edition)","Atreyu",2004-06-28,206133,45,true,,2023-09-13T00:13:36Z,"metalcore,screamo","Craft Recordings",0.373,0.911,8,-4.211,1,0.0638,0.000927,0.00117,0.374,0.595,137.087,4
spotify:track:30s3cW1xHDYjsN6giTJ8F0,"Against All Odds (Take a Look At Me Now) - Remastered","Give Up (Deluxe 10th Anniversary Edition)","The Postal Service",2003-02-19,257293,44,false,,2023-09-13T00:12:51Z,"","Sub Pop Records",0.626,0.528,1,-9.237,1,0.0441,0.0588,0.00141,0.0919,0.0394,125.077,4
spotify:track:1Nfl4UGkzTHJMZ7itDY3IU,"Comfortably Numb","Scissor Sisters","Scissor Sisters",2004-01-01,264640,40,false,,2023-09-13T00:10:07Z,"","Polydor Records",0.802,0.92,7,-6.481,1,0.0391,0.234,0.0222,0.101,0.81,116.975,4
spotify:track:323zAiM19cVLQY0pFlwyb7,"Ashes to Ashes","Ashes to Ashes","Warpaint",2010-10-26,310226,45,false,,2023-09-13T00:09:31Z,"dream pop","Centaurus A",0.697,0.871,1,-6.482,1,0.0356,0.186,0.0282,0.173,0.799,118.953,4
spotify:track:728Wsg0Sd01BvyM0VCaTV3,"Dammit (After Dark)","Dammit (After Dark)","Dead On A Sunday",2022-09-09,222857,49,true,,2023-09-13T00:07:50Z,"darkwave,gothic rock","Left On Red",0.601,0.588,3,-7.332,1,0.0403,0.292,0.00383,0.168,0.0987,140.059,4
spotify:track:3ZPKocroJIcnHGcnJVlLKD,"Africa","Weezer (Teal Album)","Weezer",2019-01-24,238626,61,false,,2023-09-13T00:07:07Z,"alternative rock","Crush Music/Atlantic",0.534,0.784,8,-3.59,1,0.0339,0.205,0.00579,0.106,0.6,92.147,4
spotify:track:6tymsSi3SLlsTHBDd6d2Nb,"Piano Trap","Funeral","Lil Wayne",2020-01-31,194773,43,true,,2023-09-12T09:51:09Z,"rap,hip hop","Young Money Records, Inc.",0.572,0.807,1,-2.135,1,0.271,0.0646,0,0.116,0.563,140.032,4
spotify:track:7eOcDdHD5fkCpfMmEfcRf8,"Greatness","Greatness","Jackson Whalan;Entellekt",2023-08-18,214312,0,true,,2023-09-12T08:54:09Z,"","Jackson Whalan Music",0.814,0.604,10,-4.756,0,0.278,0.351,0,0.0964,0.513,85.081,4
spotify:track:0Y5SgS6zNdKpfdlLRtYKf2,"Saturday Night","Saturday Night! The Album (Expanded Edition)","Schoolly D",1987-08-01,322200,29,true,,2023-09-11T09:39:53Z,"old school hip hop,east coast hip hop,gangster rap","RCA/Legacy",0.884,0.803,2,-10.181,1,0.115,0.0472,0.000287,0.0653,0.693,99.964,4
spotify:track:7bPp2NmpmyhLJ7zWazAXMu,"TULUM","GÉNESIS","Peso Pluma;Grupo Frontera",2023-06-29,209415,77,true,,2023-09-11T04:16:18Z,"corrido,corridos tumbados,corridos bélicos,música mexicana,sad sierreño,banda,cumbia norteña,norteño,grupera,tejano,ranchera","Double P Records",0.557,0.866,6,-4.454,1,0.0503,0.394,0,0.11,0.631,167.767,4
spotify:track:1c0hsvHLELX6y8qymnpLKL,"Soltera - Remix","Soltera (Remix)","Lunay;Daddy Yankee;Bad Bunny",2019-05-10,266086,74,false,,2023-09-11T04:15:56Z,"reggaeton,latin,trap latino,urbano latino","round2media - LaFamilia",0.795,0.783,5,-4.271,1,0.0432,0.361,0,0.437,0.799,92.01,4
spotify:track:45qdQhZmSgLdrv3rHfyLre,"Quisiera Saber","El Malo","Carín León",2019-02-19,232885,13,false,,2023-09-11T04:15:30Z,"banda,norteño,sierreño,corrido,ranchera,grupera,sad sierreño,música mexicana","Tamarindo Rekordsz",0.559,0.347,2,-6.846,1,0.0389,0.566,0.00000467,0.244,0.464,80.035,4
spotify:track:1UMm1Qs3u59Wvk53zBUE8r,"SABOR FRESA","SABOR FRESA","Fuerza Regida",2023-06-22,156500,78,true,,2023-09-11T04:12:55Z,"corrido,corridos tumbados,corridos bélicos,música mexicana,banda,sierreño,sad sierreño,electro corridos","Rancho Humilde/Street Mob Records",0.785,0.863,7,-4.599,0,0.0893,0.0883,0,0.0929,0.962,130.132,3
spotify:track:3CNbrXrUrEARw8zeKNCdYo,"GUCCI LOS PAÑOS","MAÑANA SERÁ BONITO","KAROL G",2023-02-24,186453,71,true,,2023-09-11T03:50:32Z,"reggaeton,latin,urbano latino","BICHOTA RECORDS / INTERSCOPE RECORDS / UNIVERSAL MUSIC LATINO",0.793,0.45,2,-3.012,1,0.0392,0.542,0,0.191,0.87,157.937,3
spotify:track:505v13epFXodT9fVAJ6h8k,"AMARGURA","MAÑANA SERÁ BONITO","KAROL G",2023-02-24,170480,86,true,,2023-09-11T03:50:04Z,"reggaeton,latin,urbano latino","BICHOTA RECORDS / INTERSCOPE RECORDS / UNIVERSAL MUSIC LATINO",0.912,0.7,6,-3.331,0,0.068,0.163,0,0.174,0.535,106.981,4
spotify:track:2Kqx9hsTRT8uNwbUDm7kbA,"Sindhu Sesh","Sindhu Sesh","Pete & Bas",2022-11-01,233379,41,true,,2023-09-08T07:24:12Z,"uk drill,grime,uk grime,drill","Independent",0.836,0.662,10,-5.484,0,0.337,0.291,0,0.0591,0.506,145.044,4
spotify:track:5xnLp83K91G0Qi9zPtOSnG,"Pika Girl","Pika Girl","S3RL",2011-08-11,225542,45,false,,2023-09-04T04:41:25Z,"happy hardcore,nightcore,hyperpop","Emfa Music",0.592,0.991,1,-1.827,1,0.144,0.0123,0.0000038,0.361,0.523,175.047,4
spotify:track:7uZ5C69LskNw0B4szvVWI5,"Un Cumbión Dolido","Un Cumbión Dolido","Christian Nodal",2023-02-17,235434,0,false,,2023-09-02T06:20:07Z,"banda,ranchera,mariachi,norteño,música mexicana,grupera","Producciones Ladon, S.A de C.V./Sony Music México",0.805,0.61,9,-4.261,0,0.0372,0.382,0,0.153,0.805,125.023,4
spotify:track:1lRtH4FszTrwwlK5gTSbXO,"AMG","AMG","Natanael Cano;Peso Pluma;Gabito Ballesteros",2022-11-24,174942,72,true,,2023-08-25T00:59:25Z,"corridos tumbados,corrido,corridos bélicos,sad sierreño,electro corridos,sierreño,música mexicana,banda","WEA Latina",0.772,0.73,11,-6.657,0,0.0972,0.152,0.000107,0.274,0.786,136.175,3
spotify:track:3UFQM2oW4KXP3ZZ3jtBx2P,"Peruvian Cocaine","Revolutionary Vol. 2","Immortal Technique;Tonedeff;Pumpkinhead;Poison Pen;Loucipher;Diabolic;C-Rayz Walz",2003-11-18,288666,53,true,,2023-08-19T04:24:20Z,"hardcore hip hop,underground hip hop,east coast hip hop,horrorcore","Rebel Army Records",0.671,0.628,4,-7.43,0,0.386,0.563,0,0.333,0.645,86.274,4
spotify:track:4LCzEYKPFcd2FCOmZdVDnM,"Dance With The Devil","Revolutionary, Vol. 1","Immortal Technique",2001-09-14,579293,70,true,,2023-08-19T04:24:14Z,"hardcore hip hop,underground hip hop,east coast hip hop","Rebel Army Records",0.636,0.871,1,-5.797,0,0.47,0.446,0,0.473,0.23,87.45,4
spotify:track:0tZ3mElWcr74OOhKEiNz1x,"Bulls On Parade","Evil Empire","Rage Against The Machine",1996-04-16,229466,80,true,,2023-08-19T01:05:35Z,"rap metal,rap rock,alternative metal,nu metal","Epic",0.412,0.919,5,-7.291,1,0.184,0.0124,0.0601,0.424,0.572,166.367,4
spotify:track:5DHQKZCOZhGNTbYBCekWx0,"Paralyzed","Mansion","NF",2015-03-31,270453,71,false,,2023-07-24T09:55:46Z,"christian hip hop","Capitol CMG Label Group",0.51,0.643,0,-6.602,1,0.0485,0.214,0.00000322,0.101,0.0397,130.081,4
spotify:track:6LWJ0BvAQU1sKEAEtvkeBa,"Nothing - 93 Returning Mix","Nyana Mixed by Tiësto","Holden;Marko Perković Thompson",2010-11-08,340786,26,false,,2023-07-15T09:08:00Z,"idm","Black Hole Recordings",0.591,0.961,11,-10.71,0,0.0613,0.016,0.686,0.158,0.176,135.244,4
spotify:track:1cz8d4oXGARC3llDlQjOqx,"Bad Boy Clyde","Wikked Lil' Grrrls (U.S. Release)","Esthero",2005-06-28,216586,27,false,,2023-07-11T22:40:38Z,"trip hop,downtempo","Reprise",0.646,0.497,0,-7.149,1,0.068,0.45,0.00011,0.341,0.551,98.047,4
spotify:track:04saWy6r6Ba2qM47gckPFT,"Kill My Television","All Things Fixable","Alias",2005,245693,0,false,,2023-07-10T11:33:35Z,"liquid funk,jungle","Goodwithmoney Recordings",0.613,0.749,10,-12.01,0,0.0677,0.0607,0.214,0.0964,0.679,172.065,4
spotify:track:6ES7hq9CMppVg2q2FCcLAx,"STILL WISHING","HEAVY IS THE HEAD","Lil Poppa",2022-11-04,180015,43,true,,2023-07-09T04:41:33Z,"","CMG/Interscope Records",0.638,0.612,8,-6.987,1,0.139,0.0334,0,0.147,0.375,159.834,4
spotify:track:3V14geDw6yTPkbjppzcjOl,"Damage","PTSD - Post Traumatic Stress Disorder","Pharoahe Monch",2014-04-15,218146,22,true,,2023-06-29T00:44:35Z,"east coast hip hop,old school hip hop","W.A.R. Media",0.543,0.927,1,-3.601,1,0.119,0.168,0,0.0877,0.482,135.435,4
spotify:track:6GkTKjv1XbFVdI2D8vvDPu,"Lose Yourself","8 Mile (Music From And Inspired By The Motion Picture)","Eminem",2002-10-29,320293,59,true,,2023-06-29T00:39:24Z,"rap,hip hop","Shady Records",0.684,0.735,2,-4.596,1,0.273,0.00925,0.000659,0.288,0.06,171.383,4
spotify:track:2hfhT0KNYqpufYm7xCIp7g,"She","She","Cocainejesus",2015-01-25,260000,34,false,,2023-06-28T20:57:29Z,"vaporwave","COCAINEJESUS",0.59,0.494,9,-8.287,0,0.0319,0.0574,0.537,0.22,0.201,120.004,4
spotify:track:2jLnnjX5L6YwtbShPiz2ws,"Prologue","Windswept Adan","Ichiko Aoba",2020-12-02,295937,0,false,,2023-06-28T19:10:29Z,"japanese indie,shibuya-kei","hermine",0.12,0.0787,9,-24.642,0,0.0523,0.948,0.943,0.101,0.0383,75.985,4
spotify:track:1AAMj0EJJdOkErtr4HtEhS,"Black Coffee","Ramona","Kill Bill: The Rapper",2014-09-14,280553,38,true,,2023-06-28T19:02:18Z,"","Rap Club Exordium",0.374,0.72,5,-7.333,0,0.345,0.663,0.00137,0.112,0.379,75.333,4
spotify:track:5KBAxKSFlc2JjhOU1qBJbd,"Tines","Tines","Andrew Huang;Rob Scallon",2017-06-29,166254,23,false,,2023-06-28T11:37:40Z,"math rock","http://andrewhuang.com",0.71,0.295,0,-11.453,1,0.0615,0.806,0.954,0.111,0.166,86.608,4
spotify:track:5DLapUh86PXctrONBJ0c58,"Football Head","Pleasure Palette","Flamingosis",2015-08-18,224916,49,false,,2023-06-28T11:05:31Z,"vaporwave,lo-fi beats,jazz beats","Kahuna Style",0.662,0.211,1,-14.638,1,0.0523,0.66,0.565,0.609,0.584,89.996,4
spotify:track:07RPEOwBOCHQcyEbV0uYxL,"Suiito","Lost Station","fusq",2016-02-10,144000,34,false,,2023-06-28T10:35:01Z,"future bass","fusq",0.784,0.342,10,-8.249,0,0.0453,0.0841,0.932,0.106,0.702,120.004,4
spotify:track:6BGbt6NGG5LGGqKdwAzzS8,"Perfume!","Lost Station","fusq",2016-02-10,174803,46,false,,2023-06-28T10:33:47Z,"future bass","fusq",0.738,0.574,1,-7.809,0,0.0946,0.128,0.0304,0.471,0.475,126.779,4
spotify:track:3uouaAVXpQR3X8RYkJyitQ,"CYANIDE","CASE STUDY 01","Daniel Caesar",2019-06-28,194959,3,true,,2023-06-28T10:03:20Z,"","Golden Child Recordings",0.589,0.652,10,-7.498,1,0.373,0.704,0.00055,0.125,0.486,158.49,4
spotify:track:51EC3I1nQXpec4gDk0mQyP,"90210 (feat. Kacy Hill)","Rodeo","Travis Scott;Kacy Hill",2015-09-04,339066,84,true,,2023-06-28T09:53:58Z,"rap","Cactus Jack / Epic",0.402,0.527,9,-6.737,0,0.0917,0.113,0.00000848,0.105,0.31,81.42,4
spotify:track:2bCAbICpvk5DDST6vnGqnD,"Mirror Image - Mixed","Moving Shadow 04.1","Calyx",2004-09-06,193089,4,false,,2023-06-28T01:30:40Z,"drum and bass,liquid funk,jungle","Moving Shadow",0.585,0.932,4,-8.454,0,0.0974,0.0758,0.925,0.379,0.186,179.101,4
spotify:track:0uKrhHBDUQ4w5fv4qwOubP,"Breathe","Genetic World","Télépopmusik;Angela McCluskey",2001-01-01,282240,68,false,,2023-06-28T01:23:35Z,"trip hop,downtempo","Universal Music Division Virgin Records Distribution Deal",0.684,0.684,1,-13.337,1,0.0418,0.385,0.29,0.106,0.616,113.988,4
spotify:track:2YGFDRqaOnejsnTkKe4VKE,"Sweetest Perfection - 2006 Remaster","Violator (2006 Remaster)","Depeche Mode",1990-03-19,282346,0,false,,2023-06-28T01:22:28Z,"new wave,synthpop,darkwave","Rhino/Warner Records",0.374,0.784,11,-9.6,1,0.0677,0.0129,0.0191,0.0662,0.547,101.81,3
spotify:track:59gAXwLxVtS8ebM81GnpXp,"Come On My Selector","Big Loada","Squarepusher",1997-07-21,204800,30,false,,2023-06-28T01:17:23Z,"idm,breakcore,glitch,jungle","Warp Records",0.566,0.902,6,-8.699,0,0.0967,0.00958,0.852,0.111,0.835,95.199,4
spotify:track:01pzLOA8rQLfoodUCLc2wj,"Wilderness","Diablo II Original Soundtrack","Matt Uelmen",2000-06-26,478786,0,false,,2023-06-28T01:15:20Z,"","Azeroth Music",0.174,0.593,9,-13.225,0,0.0553,0.0838,0.942,0.263,0.0689,78.176,4
spotify:track:5HAjss9faCAowGY8dM24r6,"Is There Anybody Out There?","The Wall","Pink Floyd",1979-11-30,161786,62,false,,2023-06-28T01:07:53Z,"progressive rock,psychedelic rock,classic rock,art rock,rock","Pink Floyd Records",0.307,0.0742,9,-27.159,0,0.0359,0.72,0.315,0.11,0.0394,118.682,4
spotify:track:51YNmq26OUpHoyt2qjoazA,"Megaman II","Megaman II","Minibosses",2017-06-23,609266,19,false,,2023-06-28T01:04:49Z,"","President Gator",0.145,0.839,1,-6.947,1,0.121,0.00000918,0.877,0.33,0.487,177.986,4
spotify:track:3ckd4YA4LcD3j50rfIVwUe,"Head Like A Hole","Pretty Hate Machine","Nine Inch Nails",1989-10-20,299680,68,false,,2023-06-28T00:54:06Z,"industrial rock,industrial,industrial metal,alternative metal,nu metal","The Bicycle Music Company",0.666,0.798,9,-11.26,1,0.0477,0.00848,0.00186,0.585,0.442,115.382,4
spotify:track:3OjvwKHgyBnlHa1SgdIniW,"Puzzle Dust","Puzzle Dust","Tipper",2012-04-01,381599,15,false,,2023-06-28T00:53:42Z,"glitch,downtempo,idm,bass music","Tippermusic",0.484,0.742,5,-5.423,1,0.109,0.00815,0.7,0.563,0.384,98.296,4
spotify:track:4ZknuVR2jOpMOcfwWpsuEr,"An Ending (Ascent) - Remastered 2019","Apollo: Atmospheres And Soundtracks (Extended Edition)","Brian Eno",1983-07-01,264866,53,false,,2023-06-28T00:52:34Z,"ambient,krautrock,art rock,minimalism,drone,glam rock,space music","UMC (Universal Music Catalogue)",0.262,0.11,8,-23.161,1,0.0842,0.961,0.985,0.0829,0.0398,70.977,3
spotify:track:03QJ8CbfLsPMYNv2xqF11g,"Dirty Drowning Man","Antipop","Primus",1999,288573,40,false,,2023-06-28T00:50:49Z,"funk rock,alternative metal,alternative rock,nu metal","Interscope",0.539,0.932,7,-5.112,1,0.0605,0.00116,0.0303,0.119,0.662,148.399,4
spotify:track:6EHqTINRmQ3LLLV1zZRhAt,"Civilization","Audio, Video, Disco.","Justice",2011-10-24,218800,41,false,,2023-06-28T00:08:29Z,"french house,new rave","Ed Banger Records",0.563,0.694,9,-4.382,0,0.036,0.00667,0,0.138,0.429,111.941,4
spotify:track:6CcjHv7QeoSbf21mfcfcNg,"All Is Full Of Love - Original Mix","Family Tree (6CD boxset)","Björk",2002-01-01,284026,0,false,,2023-06-27T23:41:34Z,"art pop,trip hop","Polydor",0.486,0.478,10,-10.125,0,0.0269,0.0524,0.111,0.103,0.0378,152.034,4
spotify:track:4THrHKyBL0yaDDw9yg37Zk,"I Will Survive","Fashion Nugget","CAKE",1996-09-17,309661,66,true,,2023-06-27T23:30:43Z,"alternative rock","Volcano",0.501,0.689,4,-7.952,0,0.0318,0.306,0.000169,0.133,0.873,95.758,4
spotify:track:5VIxFiO4uCfA6BZFObyz7W,"Eyes On Me","Eyes On Me","Faye Wong",1999-02-24,344026,50,false,,2023-06-27T23:17:00Z,"cantopop,mandopop,c-pop,taiwanese pop,chinese indie","KC Digital",0.305,0.517,0,-6.474,1,0.0354,0.106,0,0.0614,0.201,179.638,4
spotify:track:7iwZGTxuOn7FzFEKarx8kg,"War of the Winds (Winter III)","Metamorphosis","Uli Jon Roth;Sky Orchestra",2004-03-20,175320,7,false,,2023-06-27T22:02:23Z,"neoclassical","Uli Jon Roth",0.277,0.481,5,-8.607,0,0.0446,0.488,0.0045,0.632,0.325,83.968,3
spotify:track:3qMllu8XFtWV7fkIDPMceA,"I'll Be Your Lampshade","The Coast Is Never Clear","Beulah",2001-11-09,252373,14,false,,2023-06-27T21:42:32Z,"power pop","Velocette Records",0.533,0.506,0,-7.455,1,0.0271,0.711,0.0105,0.261,0.353,108.001,4
spotify:track:5aRwabnchcotjjCps4KIkx,"Ziggomatic 17","Drukqs","Aphex Twin",2001-10-22,515346,35,false,,2023-06-27T21:36:05Z,"idm,ambient","Warp Records",0.565,0.834,10,-9.735,0,0.0977,0.0305,0.771,0.11,0.361,180.047,4
spotify:track:1YVGmFUZO1neVfwT2pjrmk,"I've Seen It All","Selmasongs: Music from the Motion Picture ""Dancer in the Dark""","Björk",2000,319826,37,false,,2023-06-27T21:16:02Z,"art pop,trip hop","Elektra Records",0.287,0.565,11,-10.352,0,0.0865,0.334,0.000917,0.282,0.348,109.71,3
spotify:track:7LnWrs01JxzL67Q0oUPECh,"Dropp","EP7","Autechre",1999-06-07,196586,18,false,,2023-06-27T20:08:14Z,"idm,glitch,ambient,electronic,experimental,electroacoustic","Warp Records",0.513,0.847,9,-11.31,1,0.901,0.465,0.000264,0.104,0.134,105.108,1
spotify:track:1RvhTbg8D5p4dUZSPKA4pK,"Ooops","ex:el","808 State;Björk",1991-03-01,282013,40,false,,2023-06-27T19:59:30Z,"madchester,acid house,idm,chicago house,big beat,electronic,art pop,trip hop","ZTT Records",0.655,0.917,9,-5.963,0,0.0366,0.00137,0.337,0.397,0.75,101.498,4
spotify:track:2dFUtZtpWydAU4QMmUOK47,"恢复","新しい日の誕生","２８１４",2015-01-21,351200,53,false,,2023-06-27T08:59:09Z,"vaporwave,ambient,plunderphonics","Dream Catalogue",0.315,0.395,5,-14.646,0,0.0677,0.918,0.916,0.211,0.052,87.847,4
spotify:track:6aNY5agVFHSm4v6WMCsu0r,"FANTAZIA","GRAFFITI","Roy Blair",2019-09-06,336659,0,false,,2023-06-27T08:52:34Z,"bedroom pop","Chasing Moving Trains",0.866,0.526,11,-7.128,0,0.24,0.312,0.000369,0.173,0.651,126.001,4
spotify:track:6ZfbRzC0HfmjDnpXQPXY6T,"Why?","Crumbling","Mid-Air Thief",2019-06-17,281243,42,false,,2023-06-27T08:01:50Z,"neo-psychedelic","Topshelf Records",0.439,0.646,0,-11.149,1,0.0644,0.599,0.782,0.188,0.196,108.593,4
spotify:track:2SVj1CTVRcRtbnuitIEFdP,"Retro Machines (feat. Level 99)","Hydrocity","halc;Level 99",2014-01-24,321230,10,false,,2023-06-27T08:00:33Z,"","GameChops",0.652,0.792,1,-7.489,1,0.0437,0.307,0.811,0.112,0.841,130.006,4
spotify:track:1UsHdJAj4Y1sMIqAh1mS02,"Story 2","CLPPNG","clipping.",2014-06-10,132050,42,true,,2023-06-27T05:30:05Z,"experimental hip hop,horrorcore,experimental,alternative hip hop","Sub Pop Records",0.615,0.648,11,-6.604,0,0.352,0.0268,0,0.515,0.479,165.222,3
spotify:track:6cl9b8FcmiCo1Bxf5cvHbI,"Astro (feat. Frank Ocean)","Numbers","MellowHype;Frank Ocean",2012-10-09,260986,42,true,,2023-06-27T04:28:55Z,"","Odd Future",0.584,0.5,1,-10.732,1,0.218,0.114,0,0.166,0.457,80.155,4
spotify:track:63PEsIWyy3QgiPy4u5I9pG,"Marijuana","Sparks","Chrome Sparks",2013-08-29,181149,0,false,,2023-06-27T04:15:32Z,"chillwave","Future Classic",0.697,0.655,1,-9.781,0,0.15,0.0626,0.774,0.353,0.415,86.969,4
spotify:track:3DcmMHy3mvNC4K9tx5M3Nk,"Knockin Doors Down","Greatest Hits","Pimp C",2008,242266,0,true,,2023-06-25T15:33:28Z,"southern hip hop,crunk","Rap-A-Lot Records",0.756,0.712,1,-4.308,1,0.107,0.0416,0,0.239,0.211,80.027,4
spotify:track:44CZRkOxv7UItaAUmh8PgN,"Doses & Mimosas","Year of the Caprese","Cherub",2014,323253,76,true,,2023-06-25T03:18:02Z,"","Columbia",0.775,0.655,5,-7.333,1,0.102,0.114,0.00016,0.035,0.346,114.503,4
spotify:track:6WCYp3xNs1140jEkOnCkYm,"Duele","Eya","Elida Reyna",1998-02-01,243720,44,false,,2023-06-23T07:00:04Z,"tejano,mariachi","Tejas Records",0.549,0.367,0,-6.131,1,0.0326,0.362,0,0.217,0.493,124.352,3
spotify:track:4WIoccylPe5cKijn4R8syZ,"On Choppers","D Game 2000","Big Pokey;Big Moe",2000-10-31,273333,38,true,,2023-06-18T19:48:27Z,"southern hip hop,crunk","SoSouth",0.685,0.764,5,-5.818,0,0.0784,0.11,0,0.286,0.522,86.022,4
spotify:track:0IGlwLIKAw4nZzC2zyhpLN,"Ball N' Parlay","The Hardest Pit In The Litter","Big Pokey",1999-01-01,280600,26,false,,2023-06-18T19:48:25Z,"southern hip hop,crunk","Universal Records",0.766,0.648,1,-6.809,1,0.146,0.649,0,0.323,0.481,90.023,4
spotify:track:6Wwd5SxsD1j6SPU7AMQW2p,"Who Dat Talking Down","The Hardest Pit In The Litter","Big Pokey",1999-01-01,230173,25,false,,2023-06-18T19:48:20Z,"southern hip hop,crunk","Universal Records",0.752,0.561,2,-5.794,0,0.299,0.144,0,0.609,0.535,85.001,4
spotify:track:5rWsJ2iZAUvC8Ejf4JunC0,"Hardest Pit","The Hardest Pit In The Litter","Big Pokey",1999-01-01,242106,22,false,,2023-06-18T19:48:18Z,"southern hip hop,crunk","Universal Records",0.525,0.733,8,-7.241,1,0.305,0.291,0,0.486,0.748,83.277,4
spotify:track:27Wwwbdh9pKL9n23FOJH9z,"Southside Royalty Freestyle (feat. Sauce Walka, Big Pokey, Lil Keke & Mike D)","Traumazine","Megan Thee Stallion;Sauce Walka;Lil' Keke;Big Pokey;Mike D",2022-08-12,243062,44,true,,2023-06-18T19:48:14Z,"southern hip hop,crunk","300 Entertainment",0.766,0.782,8,-5.228,1,0.36,0.0567,0,0.0682,0.585,150.12,4
spotify:track:7HLkxwqysaWLC0hOAGkboA,"I'm Glad Yer Doin' Well.","Sixteen","Cottonwood Firing Squad",2017-10-31,332786,29,false,,2023-06-16T10:10:04Z,"","cottonwood firing squad",0.53,0.571,4,-11.056,1,0.0405,0.728,0.486,0.0653,0.654,166.145,4
spotify:track:37RtOpFMu0i0wzjtK7c1bn,"Big Legged Woman","Texas Cannonball","Freddie King",1972-01-01,240533,48,false,,2023-06-03T15:05:55Z,"classic blues,blues,blues rock,modern blues,soul blues","The Right Stuff",0.571,0.562,10,-11.872,1,0.0351,0.652,0,0.525,0.947,184.677,4
spotify:track:2wnjZXcAT3rCjjqxLeHjv7,"Going Down","Getting Ready... (World)","Freddie King",1971,204333,63,false,,2023-06-03T15:03:11Z,"classic blues,blues,blues rock,modern blues,soul blues","EMI Music Special Markets",0.565,0.526,0,-11.352,1,0.0365,0.0339,0.000119,0.11,0.637,167.936,4
spotify:track:6ZEpfDlrP5eDsXlEV2fps5,"Be My #2","Untitled","R. Kelly",2009-11-27,292506,20,true,,2023-05-30T00:13:46Z,"r&b","Jive",0.657,0.817,7,-5.402,1,0.0929,0.105,0,0.0664,0.898,119.09,4
spotify:track:1GCbc1vpkZA2zhjsSFhmHT,"Fuck You","It's Not Me, It's You","Lily Allen",2009-01-26,219893,63,true,,2023-05-15T00:06:54Z,"","Parlophone UK",0.775,0.904,1,-4.08,0,0.0437,0.0271,0.000303,0.06,0.84,130.009,4
spotify:track:1BWsOxeMx83OrKGCV4gxly,"I Feel the Earth Move","Tapestry","Carole King",1971,178849,69,false,,2023-04-23T17:35:35Z,"singer-songwriter,folk rock","Ode/Epic/Legacy",0.711,0.576,7,-8.784,0,0.0305,0.648,0.00226,0.0528,0.644,120.117,4
spotify:track:3YEBkk7we72NhaDZ50p5ll,"Move Any Mountain","En-Tact","The Shamen",1990,206400,35,false,,2023-04-23T15:25:45Z,"madchester,acid house","Epic",0.64,0.983,4,-9.413,0,0.0553,0.00716,0.0000686,0.072,0.823,121.411,4
spotify:track:4dkoqJrP0L8FXftrMZongF,"Across The Universe - Remastered 2009","Let It Be (Remastered)","The Beatles",1970-05-08,228133,72,false,,2023-04-23T14:59:52Z,"classic rock,psychedelic rock","EMI Catalogue",0.257,0.412,1,-11.788,1,0.0287,0.361,0.0000868,0.0702,0.858,152.126,4
spotify:track:6ZQgooEk8PvsLxedYaT6Oa,"Across the Universe","Pleasantville -Music From The Motion Picture","Fiona Apple",1998-10-13,307333,62,false,,2023-04-23T14:59:50Z,"art pop","Clean Slate/Work/Sony Music Soundtrax",0.578,0.481,4,-10.545,1,0.0317,0.431,0.00299,0.0951,0.548,129.881,4
spotify:track:2QuYig9VyECgbJIHHxYirK,"Dare to Be Stupid","Dare To Be Stupid","""Weird Al"" Yankovic",1985-06-18,205907,48,false,,2023-04-23T14:57:16Z,"comedy,polka","Volcano",0.638,0.961,4,-6.64,0,0.0368,0.113,0.00000901,0.352,0.775,89.742,4
spotify:track:4sscDOZCkbLSlDqcCgUJnX,"Whip It","Freedom of Choice","DEVO",1980,161133,69,false,,2023-04-23T14:55:26Z,"new wave,post-punk,synthpop","Warner Records",0.78,0.869,9,-7.255,1,0.0517,0.0744,0.004,0.0621,0.957,157.902,4
spotify:track:0bqKOk2BCDzDB6N8kCu9gt,"Hey Joe","Hey Joe","Charlotte Gainsbourg",2014-05-05,292290,46,false,,2023-04-22T22:28:45Z,"","Because Music",0.386,0.491,0,-7.908,1,0.0343,0.0106,0.823,0.104,0.369,142.705,4
spotify:track:3hhbDnFUb2bicI2df6VurK,"River","Coming Home (Deluxe)","Leon Bridges",2015-06-23,238560,79,false,,2023-04-22T22:01:47Z,"retro soul","Columbia",0.635,0.184,8,-10.785,1,0.0456,0.665,0,0.146,0.177,128.424,4
spotify:track:49iSYnIgA9P8EVH6M8uu2E,"September Song","Aventine (Deluxe Version)","Agnes Obel",2014-10-06,202594,0,false,,2023-04-22T21:59:54Z,"","Play It Again Sam",0.196,0.0966,0,-27.042,1,0.0402,0.934,0.76,0.106,0.128,148.855,4
spotify:track:4vpeKl0vMGdAXpZiQB2Dtd,"White Rabbit","Surrealistic Pillow","Jefferson Airplane",1967,150640,73,false,,2023-04-22T21:50:22Z,"psychedelic rock,acid rock","RCA/BMG Heritage",0.551,0.293,2,-12.503,1,0.0272,0.486,0.000273,0.0864,0.322,106.798,4
spotify:track:1u1YU1LE0FWHFOHpR2iXua,"Casimir Pulaski Day","Illinois","Sufjan Stevens",2005-07-05,353946,0,false,,2023-04-22T21:46:22Z,"baroque pop","Asthmatic Kitty",0.686,0.172,8,-14.979,1,0.0409,0.909,0.00154,0.286,0.563,133.899,4
spotify:track:4Qegqm597Rw1PfaV43WkLy,"Nothing Arrived","{Awayland}","Villagers",2013-01-14,223935,47,false,,2023-04-22T21:42:17Z,"","Domino Recording Co",0.562,0.72,7,-6.286,1,0.0323,0.119,0.0023,0.12,0.302,119.969,4
spotify:track:5ihS6UUlyQAfmp48eSkxuQ,"Landslide","Fleetwood Mac","Fleetwood Mac",1975-07-11,199493,89,false,,2023-04-22T21:36:17Z,"yacht rock,classic rock,soft rock","Warner Records",0.414,0.161,7,-22.32,0,0.0318,0.883,0.000223,0.117,0.423,159.375,4
spotify:track:7H8wJ6zvHzKqGVDkKk8fZt,"Want To Want Me / I Want You To Want Me Mashup","Want To Want Me / I Want You To Want Me Mashup","Andie Case",2015-05-08,183704,0,false,,2023-04-22T20:31:03Z,"","Andie Case",0.523,0.429,3,-6.511,1,0.0562,0.865,0.0000182,0.124,0.798,77.49,3
spotify:track:3wAW1vIrWxUmJajU9tl0AP,"Ultralight Beam","Spotify Singles","Local Natives",2016-11-16,175629,30,false,,2023-04-22T00:23:42Z,"","Loma Vista",0.469,0.0994,3,-12.503,1,0.0538,0.94,0,0.0764,0.209,73.581,3
spotify:track:6WoJzSRQeROe5MNpf7cPDu,"Dance Me to the End of Love (Bonus)","Barton Hollow","The Civil Wars",2011-02-01,185053,47,false,,2023-04-18T23:27:06Z,"southern gothic","sensibility recordings",0.472,0.184,9,-11.182,0,0.029,0.856,0,0.145,0.285,110.081,4
spotify:track:4ns1XFP3W5JPyzvnAjMdHD,"Int'l Players Anthem (I Choose You) (feat. Outkast)","UGK (Underground Kingz)","UGK;Outkast",2007-08-07,259040,71,true,,2023-04-14T02:17:37Z,"southern hip hop,old school hip hop,hip hop","Jive",0.675,0.68,4,-5.01,0,0.256,0.0655,0,0.354,0.845,155.698,4
spotify:track:3634aKisKlGdUfD9V3MOY5,"Christian Woman","Bloody Kisses (Top Shelf Edition)","Type O Negative",1994-05-10,538106,66,false,,2023-04-13T19:57:08Z,"gothic metal,gothic rock,doom metal","Roadrunner Records",0.285,0.619,11,-8.965,1,0.04,0.148,0.0243,0.22,0.131,90.019,4
spotify:track:710B9xFjNOisQtKtppZE9p,"Black No. 1 (Little Miss Scare -All)","Bloody Kisses (Top Shelf Edition)","Type O Negative",1994-05-10,675653,67,true,,2023-04-13T19:57:03Z,"gothic metal,gothic rock,doom metal","Roadrunner Records",0.348,0.7,4,-8.885,1,0.0611,0.0397,0.00228,0.106,0.416,93.614,4
spotify:track:3iVcZ5G6tvkXZkZKlMpIUs,"Alright","To Pimp A Butterfly","Kendrick Lamar",2015-03-16,219333,81,true,,2023-04-07T11:52:38Z,"hip hop,west coast hip hop","Aftermath",0.796,0.766,7,-5.974,1,0.238,0.0742,0,0.0827,0.558,110.034,4
spotify:track:3KQh7ppbDxVjdJBtjvP5BU,"Raid (feat. MED)","Madvillainy","Madvillain;Madlib;MF DOOM;MED",2004-03-24,150520,64,true,,2023-04-07T11:34:11Z,"experimental hip hop,alternative hip hop,jazz rap,plunderphonics,east coast hip hop","Stones Throw Records",0.419,0.871,11,-6.432,0,0.468,0.715,0,0.211,0.577,201.451,4
spotify:track:410ZZP746AQeiywhKvXWCo,"SORRY NOT SORRY","CALL ME IF YOU GET LOST: The Estate Sale","Tyler, The Creator",2023-03-31,206049,67,true,,2023-04-07T11:29:47Z,"","Columbia",0.481,0.797,6,-4.094,0,0.201,0.404,0,0.368,0.495,96.237,3
spotify:track:5uHYcK0nbEYgRaFTY5BqnP,"Magic (feat. Rivers Cuomo)","B.o.B Presents: The Adventures of Bobby Ray","B.o.B;Rivers Cuomo",2010-04-27,196133,71,false,,2023-04-05T04:10:58Z,"","Rebel Rock/Grand Hustle/Atlantic",0.549,0.932,8,-4.11,0,0.343,0.0127,0,0.347,0.787,82.439,4
spotify:track:7uiFFVRDRN4ggI7kPvOi5Z,"Bird in a Cage","HI!","Elizabeth Barraclough",1979,222960,0,false,,2023-04-02T13:23:58Z,"","Rhino",0.502,0.0171,0,-22.091,1,0.0435,0.931,0,0.116,0.285,73.595,3
spotify:track:3gwurt17Arq2OTWaM7qZPW,"The Wonder Of You","Big Little Lies EP (Music From The HBO Limited Series)","Villagers",2017-03-31,168373,50,false,,2023-04-01T15:09:20Z,"","ABKCO Music & Records",0.356,0.425,11,-11.363,1,0.0323,0.887,0.0762,0.0878,0.375,80.923,4
spotify:track:3TDPmzKGcEY8JEMfJEeQYx,"Black List","Vocal Studies and Uprock Narratives","Prefuse 73;MF DOOM;Aesop Rock",2001-06-11,230800,37,false,,2023-03-28T03:03:25Z,"idm,glitch,trip hop,experimental hip hop,downtempo,plunderphonics,east coast hip hop,jazz rap,alternative hip hop,underground hip hop","Warp Records",0.748,0.54,7,-8.916,1,0.116,0.562,0.0000346,0.0962,0.688,89.983,4
spotify:track:69urju2iS7zKGTxNVLYt5D,"ANGEL VOICES","ANGEL VOICES","Virtual Self",2018-07-22,392259,0,false,,2023-03-27T00:34:57Z,"","Virtual Self",0.535,0.897,11,-5.328,0,0.241,0.00475,0.108,0.459,0.194,166.017,4
spotify:track:2Noe9guZWonTA3QvH92DZv,"He's Comin - Remastered","NANA","Nana Darkman;Booya Family",1997-05-19,378533,0,false,,2023-03-23T09:11:02Z,"","Lentrome",0.684,0.859,7,-3.627,0,0.0418,0.013,0,0.331,0.554,95.027,4
spotify:track:7LL3hlhfrumxAS0vOGO2Ia,"Powerplay","Powerplay","Pegboard Nerds;Bossfight",2023-02-06,210154,31,false,,2023-03-20T13:03:22Z,"dubstep,drumstep,edm,electro house,glitch,deathstep","Monstercat",0.515,0.922,11,-2.572,1,0.0605,0.000273,0.191,0.118,0.0876,150.041,4
spotify:track:0HqzzbP6btTNMsIn0SAzwm,"Burn","Chaos Minds Me","Rom M",2022-02-09,349560,1,false,,2023-03-20T08:45:44Z,"","Kame'a",0.384,0.533,6,-10.468,1,0.081,0.141,0.32,0.0672,0.609,82.976,4
spotify:track:4BnrGx9tWNF8aiXl1UhDBa,"One Beer","MM..FOOD","MF DOOM",2004-11-16,258586,75,true,,2023-03-20T07:54:38Z,"experimental hip hop,east coast hip hop,jazz rap,alternative hip hop","Rhymesayers",0.376,0.718,7,-6.7,1,0.246,0.0996,0.00332,0.633,0.615,91.115,4
spotify:track:2QbGvQssb0VLLS4x5NOmyJ,"RICKY","ZUU","Denzel Curry",2019-05-31,147866,61,true,,2023-03-18T06:00:13Z,"","Loma Vista Recordings",0.776,0.562,9,-6.901,1,0.363,0.0399,0,0.138,0.521,169.03,4
spotify:track:1jk9c0gZI0wbn5GvAj7PBV,"Check","Barter 6","Young Thug",2015-04-16,230693,72,true,,2023-03-15T16:59:21Z,"rap,melodic rap,trap","300 Entertainment/Atl",0.667,0.581,0,-5.164,0,0.323,0.0428,0,0.183,0.368,110.953,4
spotify:track:1BdA777jZrpDerjzA4j2N9,"Pumpkin Fever","Pumpkin Fever","Ahzurr",2022-10-18,103004,0,false,,2023-03-13T21:46:32Z,"","Ahzurr",0.762,0.0566,0,-17.912,1,0.274,0.809,0.911,0.228,0.418,87.993,3
spotify:track:3VbFLb0uTw6cLr7MfKJItV,"Falling For You In Autumn","Falling For You In Autumn","Ahzurr",2022-08-18,135862,0,false,,2023-03-13T21:46:27Z,"","DuckyValley Lofi",0.764,0.275,3,-16.611,1,0.133,0.579,0.946,0.341,0.733,176.165,4
spotify:track:3HiEF5mvdp0bEGcfLuDpqR,"Love Isn't Perfect","Love Isn't Perfect","Ahzurr",2022-06-15,90103,0,false,,2023-03-13T21:46:26Z,"","Independent",0.496,0.0789,2,-17.149,1,0.0458,0.985,0.901,0.133,0.318,179.996,4
spotify:track:3cNW3hYbp7NuH6qsap1X6y,"good morning","good morning","Ahzurr",2022-07-09,142837,0,false,,2023-03-13T21:46:22Z,"","Ahzurr",0.568,0.0891,9,-29.248,1,0.0842,0.987,0.882,0.191,0.522,80,4
spotify:track:5FQPpxOXsvkMN6v18gtpwY,"Bang!","OK ORCHESTRA","AJR",2021-03-26,170858,2,false,,2023-03-12T01:09:48Z,"","S-Curve Records",0.74,0.517,1,-6.233,0,0.0506,0.0183,0,0.0558,0.698,139.917,4
spotify:track:0uMn8WKu3qtQLaUyal1bsz,"Mastermind","Deltron 3030","Deltron 3030;Del The Funky Homosapien;Dan The Automator;Kid Koala",2000,214306,55,false,,2023-03-09T08:49:07Z,"experimental hip hop,underground hip hop,trip hop,jazz rap,plunderphonics","Deltron Projects",0.741,0.657,0,-9.589,0,0.0374,0.00224,0.00756,0.0825,0.25,94.211,4
spotify:track:63OQupATfueTdZMWTxW03A,"Karma Police","OK Computer","Radiohead",1997-05-28,264066,84,false,,2023-03-07T12:17:05Z,"art rock,alternative rock","XL Recordings",0.36,0.501,7,-9.129,1,0.0258,0.0638,0.0000932,0.172,0.324,74.807,4
spotify:track:1fmoCZ6mtMiqA5GHWPcZz9,"A New Error","Moderat","Moderat",2009-05-11,367306,62,false,,2023-03-03T05:46:31Z,"electronica,idm","BPitch Control",0.717,0.46,11,-11.326,0,0.0372,0.0287,0.785,0.0661,0.0961,110.993,4
spotify:track:5RQqQkd8Z8gcscl9ce6ESk,"Take Me Into Your Skin","The Last Resort","trentemøller",2006-10-06,450562,0,false,,2023-03-03T05:32:44Z,"minimal techno,electronica","Poker Flat Recordings",0.602,0.418,5,-12.392,0,0.0381,0.0517,0.871,0.104,0.0784,118.016,4
spotify:track:3mMvrW2odnDf0IOSFW21X1,"Pink (Freak)","Pink (Freak)","Elliot Lee",2020-02-14,222226,0,false,,2023-03-03T04:19:36Z,"","Photo Finish Records",0.722,0.681,11,-6.899,0,0.125,0.045,0.00718,0.315,0.823,120.043,4
spotify:track:7uvhxmav1Wa2vZgxt7RDGa,"Safe & Sound","Safe & Sound","Ruti",2022-09-02,215703,24,false,,2023-03-02T20:28:17Z,"liquid funk","PMR Records",0.683,0.675,11,-4.516,0,0.0475,0.0465,0.0000556,0.238,0.137,96.076,4
spotify:track:3djWekEDgbhAtkXGdFNbFt,"BALD!","EP!","JPEGMAFIA",2020-11-06,153932,58,true,,2023-03-01T03:01:39Z,"experimental hip hop,alternative hip hop,experimental","Universal Records",0.594,0.917,10,-2.382,1,0.3,0.0372,0,0.495,0.675,154.703,4
spotify:track:19JdbdEwQI7bCxefMokZO8,"My Humps","Monkey Business","Black Eyed Peas",2005-01-01,326960,5,false,,2023-03-01T02:48:10Z,"","A&M",0.801,0.682,1,-5.919,0,0.225,0.111,0.0000156,0.109,0.586,123.95,4
spotify:track:0YPuRrM2NwzdtuShUKkts6,"G.O.A.T.","New Levels New Devils","Polyphia",2018-10-12,215998,59,false,,2023-02-28T22:27:39Z,"math rock,djent,progressive metal,progressive rock","Equal Vision Records",0.66,0.76,11,-5.488,0,0.0332,0.000601,0.312,0.0949,0.359,107.028,4
spotify:track:0B1qHg8IDDHSCwswHeu58o,"Off the Yak","Off the Yak","Young M.A",2021-05-21,211833,44,true,,2023-02-24T23:33:45Z,"","M.A Music / 3D",0.836,0.761,7,-4.291,1,0.406,0.0736,0.0000042,0.267,0.644,144.945,4
spotify:track:6GbvWYsT5sWXYgo8Bw6HPE,"West Indies","West Indies","Original Koffee",2021-10-07,237458,0,false,,2023-02-24T12:48:16Z,"dancehall,afrobeats,reggae","Columbia",0.754,0.638,5,-7.951,0,0.303,0.118,0,0.204,0.437,90.137,4
spotify:track:0x7szqHLe6gH3R37CIxxl6,"I Don't Wanna Cry (Originally Performed by The After Hours) [Instrumental Version]","Pristine Karaoke, Vol. 49","Backing Business",2021-10-31,242218,0,false,,2023-02-24T06:45:21Z,"","Mythical Musicians",0.344,0.308,2,-10.589,1,0.0383,0.851,0.872,0.102,0.0643,109.158,1
spotify:track:4B4kSAo0P5XcUPbz0ImN8u,"I Don't Wanna Cry","South Side Story","Brand New Faces",2014-04-19,180866,19,false,,2023-02-24T06:41:23Z,"northern soul","Numero Group",0.358,0.628,2,-6.496,0,0.0316,0.712,0.00127,0.806,0.759,176.83,4
spotify:track:43thLwzSasUUZEYjYPeJh3,"Close My Eyes Forever","Lita","Lita Ford;Ozzy Osbourne",1988-02-01,283133,66,false,,2023-01-22T16:04:42Z,"glam metal,hard rock,glam rock,metal,heavy metal","RCA Records Label",0.476,0.331,5,-14.884,1,0.0305,0.31,0.00000282,0.172,0.24,130.574,4
spotify:track:58ge6dfP91o9oXMzq3XkIS,"505","Favourite Worst Nightmare (Standard Version)","Arctic Monkeys",2007-04-24,253586,87,false,,2023-01-08T14:15:05Z,"indie,garage rock","Domino/Warner Records",0.52,0.852,0,-5.866,1,0.0543,0.00237,0.0000579,0.0733,0.234,140.267,4
spotify:track:5u5MvmVtitax9R1Mxh3reC,"Dile Que Tu Me Quieres","Odisea","Ozuna",2017-08-25,226520,86,false,,2023-01-08T10:33:02Z,"reggaeton,trap latino,latin,urbano latino","VP Records Corp/Dimelo Vi",0.773,0.757,1,-4.959,1,0.0526,0.0864,0.00000373,0.0727,0.858,88.006,4
spotify:track:00Rlpe9Mh9jxaKf8wIBeHX,"Merry Christmas Baby","Merry Christmas Baby","The Philly Specials;Lady Alma;Jordan Mailata",2022-12-09,258009,15,false,,2022-12-21T19:30:19Z,"christmas,chicago house,uk funky","Vera Y Records",0.384,0.738,10,-5.189,1,0.0796,0.354,0.00000503,0.133,0.719,201.576,4
spotify:track:7m8PeqLtLcdo9A6cPlxlcY,"Blue Christmas","Blue Christmas","The Philly Specials;JASON KELCE;LANE JOHNSON",2022-12-02,179528,16,false,,2022-12-21T19:30:18Z,"christmas","Vera Y Records",0.472,0.536,4,-9.009,1,0.0268,0.045,0.163,0.381,0.517,92.142,4
spotify:track:7hHudoR1VjgcfACgWDd7Jr,"Christmas (Baby Please Come Home)","Christmas (Baby Please Come Home)","The Philly Specials;JASON KELCE;Jordan Mailata;LANE JOHNSON",2022-11-25,199377,24,false,,2022-12-21T19:30:17Z,"christmas","Vera Y Records",0.424,0.774,11,-5.671,1,0.0381,0.0028,0,0.152,0.226,125.983,4
spotify:track:4UeWKazLR1ZwwSVnLw9Ir9,"踊り子","踊り子","Vaundy",2021-11-17,230109,0,false,,2022-12-18T00:58:25Z,"j-pop,japanese indie,anime","SDR Inc.",0.718,0.475,7,-11.469,1,0.0611,0.845,0.801,0.105,0.678,157.032,4
spotify:track:1ENZ10ceVyVVS26E0I9fJe,"Halfway","Breaking The Ice","S-8ighty;Lil Wayne",2016-03-25,265000,35,true,,2022-12-17T06:08:15Z,"new orleans bounce,bounce,rap,hip hop","Zero to Sixty Entertainment",0.759,0.76,10,-8.048,1,0.0481,0.0762,0,0.586,0.533,104.967,4
spotify:track:5g1vtHqi9uV7xtYeCcFOBx,"Jesus Walks","The College Dropout","Kanye West",2004-02-10,193733,76,true,,2022-12-16T09:39:06Z,"rap","Roc-A-Fella",0.637,0.834,3,-4.686,0,0.323,0.614,0,0.317,0.715,87.312,4
spotify:track:3C5hvC8gLjrqvDoKqlJlHz,"Archaic Revival","Alien Dreamtime","Spacetime Continuum;Terence McKenna",1993-01-01,722400,16,false,,2022-12-14T05:34:05Z,"idm,ambient,spoken word","Astralwerks",0.39,0.47,7,-14.975,1,0.0597,0.51,0,0.76,0.177,122.777,4
spotify:track:139g5kYD7WUN6kbGEz3uhm,"Speaking In Tongues","Alien Dreamtime","Spacetime Continuum;Terence McKenna",1993-01-01,454960,12,false,,2022-12-14T05:34:04Z,"idm,ambient,spoken word","Astralwerks",0.724,0.691,11,-15.791,1,0.0507,0.349,0.8,0.299,0.83,117.625,4
spotify:track:3ZS9RXaoE0LRY6lWQjbS4U,"Transient Generator","Alien Dreamtime","Spacetime Continuum;Terence McKenna",1993-01-01,427600,9,false,,2022-12-14T05:34:02Z,"idm,ambient,spoken word","Astralwerks",0.36,0.305,10,-16.784,0,0.118,0.751,0,0.536,0.195,84.045,4
spotify:track:31Kul0zPaoDJXPtQ9PvY59,"Aerobatic","Alien Dreamtime","Spacetime Continuum;Terence McKenna",1993-01-01,627466,10,false,,2022-12-14T05:34:01Z,"idm,ambient,spoken word","Astralwerks",0.503,0.343,7,-18.241,0,0.04,0.586,0.119,0.196,0.133,128.658,4
spotify:track:36Yp5XTUp3BiGNVIBYTlB0,"Timewave Zero","Alien Dreamtime","Spacetime Continuum;Terence McKenna",1993-01-01,387040,9,false,,2022-12-14T05:34:00Z,"idm,ambient,spoken word","Astralwerks",0.546,0.785,6,-23.537,1,0.0577,0.31,0.49,0.107,0.384,139.742,4
spotify:track:1ZiVqRMrzGcfeggJN6Qaxj,"Alien Love","Alien Dreamtime","Spacetime Continuum;Terence McKenna",1993-01-01,1267760,10,false,,2022-12-14T05:33:59Z,"idm,ambient,spoken word","Astralwerks",0.511,0.48,10,-15.094,0,0.344,0.667,0,0.669,0.466,123.07,4
spotify:track:5iAOxN2YiSCmpVPD4ZUVrC,"David Ruffin","Self Remedy","Loso;Milly;Papiblue",2020-11-08,195186,0,true,,2022-12-12T09:08:17Z,"reggaeton","Never Going Back",0.782,0.461,4,-11.792,0,0.264,0.115,0,0.0959,0.529,89.942,4
spotify:track:3PkUgx3itnRYR7MGdTtNZY,"Nomore","Untitled","Loso;Mir Bandzzz",2020-05-21,228048,0,true,,2022-12-12T09:08:01Z,"","1623277 Records DK",0.502,0.605,2,-8.761,1,0.342,0.211,0,0.0607,0.236,78.458,4
spotify:track:3HEh8DzfFM8EDisFyrSlkT,"Cfwm prod. S.G SPEEDY","Lost Soul","Loso;Iron Head;Mir Bandzzz;Kazual;S.G SPEEDY",2019-12-15,233168,0,false,,2022-12-12T09:07:34Z,"","1623277 Records DK",0.798,0.575,9,-7.539,1,0.353,0.312,0,0.0756,0.699,139.989,4
spotify:track:4agp6oHofabdUedr0B1krj,"Steal My Sunshine","You Can't Stop The Bum Rush","LEN",1999-05-25,265533,70,false,,2022-12-11T14:34:17Z,"","Work",0.412,0.829,4,-11.112,1,0.529,0.394,0,0.108,0.677,191.476,4
spotify:track:2DFRFqWNahKtFD112H2iEZ,"Do You Realize??","Yoshimi Battles the Pink Robots","The Flaming Lips",2002-05-13,213173,66,false,,2022-12-11T14:34:03Z,"neo-psychedelic","Warner Records",0.464,0.797,0,-5.244,1,0.0333,0.006,0.000304,0.392,0.547,129.964,4
spotify:track:4ou3f7jaB41isbJkt6CF2b,"In the Morning of the Magicians","Yoshimi Battles the Pink Robots","The Flaming Lips",2002-05-13,379240,51,false,,2022-12-11T14:34:00Z,"neo-psychedelic","Warner Records",0.297,0.728,0,-6.312,1,0.0347,0.231,0.124,0.666,0.37,134.186,4
spotify:track:0ccCwNzXvr1Yoz91vKz31Z,"Yoshimi Battles the Pink Robots, Pt. 1","Yoshimi Battles the Pink Robots","The Flaming Lips",2002-05-13,287506,65,false,,2022-12-11T14:33:54Z,"neo-psychedelic","Warner Records",0.555,0.902,0,-7.918,1,0.0958,0.337,0,0.152,0.62,156.108,4
spotify:track:31AOj9sFz2gM0O3hMARRBx,"Losing My Religion","Out Of Time (25th Anniversary Edition)","R.E.M.",1991-03-12,268426,92,false,,2022-12-11T09:27:30Z,"jangle pop,alternative rock,rock","Concord Records",0.666,0.855,9,-5.051,0,0.0295,0.179,0.0000012,0.0987,0.803,125.639,4
spotify:track:0MJmwFOUIstdAvOo1hdM7H,"What It Is","Desire","Pharoahe Monch",2006-06-26,176120,15,true,,2022-12-04T18:01:12Z,"east coast hip hop,old school hip hop","SRC Records",0.46,0.781,1,-7.288,1,0.456,0.00475,0,0.368,0.694,82.216,4
spotify:track:76vy0DWIE9xPvG8GHqZjnR,"One Step","Heavy Mental","Killah Priest;Tekitha;Hell Razah",1998-01-01,260899,39,true,,2022-12-04T18:01:07Z,"east coast hip hop,underground hip hop","Geffen",0.651,0.578,1,-6.842,1,0.204,0.0983,0.0000143,0.217,0.53,90.019,4
spotify:track:39pYQZ5xE7sddZmdJEGRw1,"Buckingham Palace","Can-i-bus","Canibus",1998-01-01,221333,31,true,,2022-12-04T17:51:24Z,"east coast hip hop,underground hip hop,hardcore hip hop","Universal Music",0.853,0.572,10,-11.385,0,0.369,0.0474,0,0.533,0.844,96.915,4
spotify:track:0aq3J5qnT4gxyx7YVOjb36,"What About Us?","I Heard it Today","Mr. Lif",2009-04-21,179933,19,true,,2022-12-04T17:44:54Z,"alternative hip hop,underground hip hop,east coast hip hop","Bloodbot Tactical Enterprises",0.645,0.857,1,-5.989,1,0.267,0.178,0.0000221,0.387,0.787,93.658,4
spotify:track:5JbgObBg4B9fmwMxH3hI5Z,"Classic","Full Circle","Hieroglyphics",2003-01-01,188026,43,true,,2022-12-04T17:40:29Z,"underground hip hop,jazz rap,west coast hip hop","Hieroglyphics Imperium",0.829,0.82,4,-5.113,1,0.317,0.274,0,0.0574,0.661,103.192,4
spotify:track:4dRWs0dVHxDf89zftWN5HZ,"The Good Fight","Charity Starts At Home","Phonte",2011-09-27,189750,0,true,,2022-12-04T17:27:09Z,"neo soul","The Foreign Exchange Music",0.565,0.697,11,-9.096,0,0.377,0.123,0,0.334,0.469,91.468,4
spotify:track:0kwphE1ShMFHzWDCABkiZk,"Bug Zapper","Cat Food","Aesop Rock",2015-01-05,225466,30,true,,2022-12-04T17:14:18Z,"underground hip hop,experimental hip hop,alternative hip hop","Rhymesayers",0.646,0.915,11,-4.702,1,0.246,0.107,0,0.137,0.529,85.597,4
spotify:track:05WdvsIv2e0Zf2cZHhESrS,"The Basement (feat. Heavy D, Rob-O, Grap & Dida)","Mecca And The Soul Brother","Pete Rock & C.L. Smooth;Grap & Dida;Heavy D;Rob-O",1992-05-26,326160,45,false,,2022-12-04T15:29:19Z,"east coast hip hop,jazz rap,old school hip hop,boom bap,new jack swing,underground hip hop","Rhino",0.647,0.751,10,-10.782,0,0.368,0.0138,0.00000625,0.068,0.718,173.783,4
spotify:track:743wd7dCJbXfM8q0IEnJWc,"Scream Phoenix","The Cold Vein (Deluxe Edition)","Cannibal Ox",2013-12-03,305293,1,true,,2022-12-04T15:26:27Z,"experimental hip hop,underground hip hop,east coast hip hop,alternative hip hop","IGC Records / iHipHop Distribution",0.403,0.692,7,-5.794,1,0.217,0.0482,0.000399,0.324,0.209,109.215,5
spotify:track:1Xiy38xthInXL2qdQCV9Da,"666 (Three Six Word Stories)","A Magnificent Day For An Exorcism","th1rt3en;Pharoahe Monch",2021-01-22,231723,0,true,,2022-12-04T15:14:08Z,"east coast hip hop,old school hip hop","Fat Beats Records",0.701,0.68,2,-5.495,1,0.172,0.0583,0,0.0657,0.559,86.982,4
spotify:track:59lhh67RFroR4p8Hh1nrZA,"Oh Hail No (feat. Mr. Motherfucking Exquire & Danny Brown)","Cancer 4 Cure","El-P;Mr. Muthafuckin' eXquire;Danny Brown",2012,221146,31,true,,2022-12-04T15:11:17Z,"experimental hip hop,alternative hip hop","Fat Possum",0.39,0.857,4,-6.16,0,0.316,0.00485,0,0.717,0.362,92.944,4
spotify:track:77wywwkLtE5mlrHMrlfSAP,"Dark Comedy Late Show","A Special Episode - EP","Open Mike Eagle",2015-02-03,315120,0,true,,2022-12-04T14:33:44Z,"experimental hip hop,alternative hip hop,underground hip hop","Mello Music Group",0.503,0.833,7,-7.357,0,0.297,0.267,0,0.345,0.514,153.934,4
spotify:track:0ThytDA994S3Ky5ogLjfGG,"Melding of the Minds","Event 2","Deltron 3030;Zack De La Rocha",2013-09-30,244240,24,true,,2022-12-04T14:22:10Z,"experimental hip hop,underground hip hop","Bulk Recordings",0.455,0.838,2,-6.257,1,0.448,0.0668,0,0.311,0.576,193.621,4
spotify:track:1mixpa19EzSQh43lWfEzeI,"1 Up Til Sun Up","12 Step Program","People Under The Stairs",2014-05-06,238866,33,true,,2022-12-04T11:33:37Z,"jazz rap,underground hip hop,alternative hip hop","Piecelock 70",0.777,0.913,7,-6.249,1,0.107,0.0204,0.0107,0.41,0.178,94.981,4
spotify:track:3ukkp7MLMYl4iggadc1qVz,"Courtesy","PRhyme","PRhyme",2014-12-09,210964,30,true,,2022-12-04T11:09:50Z,"","PRhyme",0.468,0.951,5,-3.34,0,0.359,0.00614,0,0.4,0.811,164.136,4
spotify:track:16Pt373N22KB7qWsiCoHKO,"Bring It On","Stress: The Extinction Agenda","Organized Konfusion",1994-08-16,194560,38,true,,2022-12-04T10:59:47Z,"east coast hip hop,jazz rap,boom bap","OK Music",0.586,0.538,6,-11.405,1,0.354,0.0512,0.00215,0.12,0.422,74.486,4
spotify:track:1y0JvYlS4piluTarpkEIug,"Biochemical Equation","Biochemical Equation","Wu-Tang Clan;RZA;MF DOOM",2005-10-07,236200,9,true,,2022-12-04T10:44:07Z,"old school hip hop,east coast hip hop,hip hop,gangster rap,hardcore hip hop,experimental hip hop,jazz rap,alternative hip hop","Babygrande Records, Inc.",0.496,0.872,11,-1.863,0,0.234,0.175,0.00000828,0.406,0.736,79.993,4
spotify:track:1HJVvCidVjVdcv0epjRsq0,"Swarm","A-F-R-O POLO","A-F-R-O;Marco Polo;Pharoahe Monch",2016-07-15,177126,0,true,,2022-12-04T10:40:25Z,"underground hip hop,jazz rap,boom bap,east coast hip hop,old school hip hop","Duck Down Music Inc.",0.459,0.922,2,-2.802,1,0.261,0.1,0,0.169,0.553,160.872,4
spotify:track:62l1ZGNoUlJlVwhwMKu2T6,"Simon Says","Internal Affairs","Pharoahe Monch",2019-10-18,173373,67,true,,2022-12-04T10:37:18Z,"east coast hip hop,old school hip hop","Trescadecaphobia Music",0.622,0.913,1,-3.701,1,0.462,0.141,0.0000271,0.12,0.546,92.222,4
spotify:track:1cqkwPwyjiYbTX5cDAGypy,"Magnetizing","So...How's Your Girl?","Handsome Boy Modeling School;Dan The Automator;Prince Paul;Del tha Funkee Homosapien",1999-10-19,370733,39,false,,2022-12-04T10:23:57Z,"trip hop,jazz rap,east coast hip hop","Tommy Boy Music, LLC",0.688,0.746,1,-9.612,1,0.257,0.365,0.000982,0.328,0.558,86.684,4
spotify:track:1ufWVlnuj6BezMxQaJ20GV,"Hydrant Game (Jaylib Remix)","Peanut Butter Wolf's B Ball Zombie War","Quasimoto;Jaylib",2007-10-02,97013,29,true,,2022-12-04T10:22:03Z,"experimental hip hop,alternative hip hop,jazz rap,underground hip hop,east coast hip hop","Stones Throw Records",0.715,0.885,1,-4.583,1,0.303,0.134,0.00000186,0.423,0.88,94.335,4
spotify:track:3SIen89jjRb7OskiXcAanq,"Kill Kill Kill","A Magnificent Day For An Exorcism","th1rt3en;Pharoahe Monch;Smithsoneon",2021-01-22,297033,0,true,,2022-12-04T10:01:58Z,"east coast hip hop,old school hip hop","Fat Beats Records",0.261,0.813,10,-5.06,0,0.123,0.288,0.00123,0.285,0.0692,152.91,4
spotify:track:4ZZjG7Ni5njcPTkp7frSWM,"Chiron Beta Prime","Thing a Week Two","Jonathan Coulton",2006-01-01,170613,18,false,,2022-12-01T12:23:08Z,"comedy","Jonathan Coulton",0.704,0.688,9,-9.187,1,0.0303,0.263,0,0.0938,0.669,139.989,4
spotify:track:7BSjuWIbSH2sMOYQeohziS,"Podsafe Christmas Song","Thing a Week One","Jonathan Coulton",2006-01-01,164493,6,false,,2022-12-01T12:23:00Z,"comedy","Jonathan Coulton",0.492,0.405,0,-11.748,1,0.0377,0.114,0,0.0911,0.375,180.352,3
spotify:track:7dUMK0nYcV3jVGHlDuLM9w,"Baby Got Back","Thing a Week One","Jonathan Coulton",2006-01-01,332480,30,false,,2022-12-01T12:22:54Z,"comedy","Jonathan Coulton",0.545,0.6,0,-10.27,1,0.0309,0.197,0.000446,0.104,0.587,180.024,4
spotify:track:2chEZfdAqJvlw9dM3hAU6p,"The Future Soon","JoCo Looks Back","Jonathan Coulton",2008-01-01,230320,38,false,,2022-12-01T12:22:08Z,"comedy","Jonathan Coulton",0.594,0.723,2,-6.571,1,0.0276,0.0304,0,0.0877,0.511,100.002,4
spotify:track:7l3kYZIfTIpgthYcekjv4k,"Skullcrusher Mountain","JoCo Looks Back","Jonathan Coulton",2008-01-01,259920,40,false,,2022-12-01T12:22:07Z,"comedy","Jonathan Coulton",0.565,0.679,4,-7.903,1,0.031,0.101,0.0000479,0.0913,0.588,140.006,4
spotify:track:0iq3MFEbuKTWJgdhwdOwXI,"I Feel Fantastic","JoCo Looks Back","Jonathan Coulton",2008-01-01,185653,42,false,,2022-12-01T12:22:03Z,"comedy","Jonathan Coulton",0.786,0.859,11,-5.893,0,0.0709,0.319,0,0.0719,0.772,99.977,4
spotify:track:1KrpXYLMCJ8GaDSz61FQNU,"Re: Your Brains","Thing a Week Two","Jonathan Coulton",2006-01-01,272746,45,false,,2022-12-01T12:22:01Z,"comedy","Jonathan Coulton",0.596,0.511,0,-9.209,1,0.0251,0.351,0,0.201,0.534,80.031,4
spotify:track:3cLqK3LPVrTIzfENVmYLoU,"Code Monkey","Thing a Week Three","Jonathan Coulton",2006-01-01,189280,44,false,,2022-12-01T12:21:57Z,"comedy","Jonathan Coulton",0.583,0.619,4,-6.827,1,0.0443,0.172,0,0.0951,0.804,159.973,4
spotify:track:0AZTpwagcDe4nH0mPcnYhS,"Musta Been a Ghost","Kind Reminder","Próxima Parada",2019-09-27,220096,1,false,,2022-11-23T21:41:03Z,"","Antifragile Music",0.835,0.546,0,-9.189,1,0.0717,0.599,0,0.0752,0.542,107.013,4
spotify:track:5itAr2e6zgtMUub0KwqVKX,"Umm Hmm","It Is What It Is","ABN",2008,215760,0,true,,2022-11-21T05:10:29Z,"southern hip hop","Rap-A-Lot Records",0.716,0.856,0,-4.392,1,0.187,0.164,0,0.0891,0.563,149.779,4
spotify:track:5jzi1xR6f9u2HrDP9dDWKY,"Still Gets No Love","It Is What It Is","ABN",2008,275373,0,true,,2022-11-21T05:10:25Z,"southern hip hop","Rap-A-Lot Records",0.662,0.64,10,-8.846,0,0.233,0.0174,0,0.337,0.722,150.058,4
spotify:track:6REbwUNlppTfcnV4d4ZoZi,"Swimming Pools (Drank)","Swimming Pools (Drank)","Kendrick Lamar",2012-01-01,247800,86,true,,2022-11-21T05:09:31Z,"hip hop,west coast hip hop","Aftermath",0.693,0.445,8,-5.892,1,0.257,0.00625,0.000234,0.0899,0.199,74.044,4
spotify:track:0BqQWfhMrkpRAUCbdfdHUC,"Little Sister","Lullabies To Paralyze","Queens of the Stone Age",2005-01-01,174026,66,false,,2022-11-20T12:36:45Z,"stoner rock,alternative rock","Interscope",0.364,0.959,1,-2.955,1,0.0627,0.0113,0.000953,0.411,0.927,161.797,4
spotify:track:2s8e50CKIAHOQLVCDXuBhO,"Rose","Mer De Noms","A Perfect Circle",2000-01-01,205973,55,false,,2022-11-20T12:33:06Z,"alternative metal,progressive metal","Virgin Records",0.499,0.664,11,-8.656,1,0.0446,0.00613,0.304,0.116,0.179,119.831,3
spotify:track:1XFvDQjWp0FxNxUm9FEAEd,"The Widow","The Widow","The Mars Volta",2005,199946,40,false,,2022-11-20T12:30:26Z,"progressive rock,progressive metal,art rock","Motown",0.38,0.651,9,-6.156,0,0.0347,0.136,0.00000442,0.304,0.226,136.153,3
spotify:track:1DYud4lcStjYxJ8JBBva6g,"Cut Your Ribbon","Wiretap Scars","Sparta",2002-01-01,184613,44,false,,2022-11-20T12:25:37Z,"post-hardcore","DreamWorks",0.515,0.801,4,-3.905,1,0.0334,0.00423,0.00000999,0.177,0.758,107.66,3
spotify:track:5MOKQJ6HMqpEoD04eqVFyB,"Ruby Cumulous","Gemini, Her Majesty","Rx Bandits",2014-07-22,291147,36,false,,2022-11-20T12:22:52Z,"ska punk,ska","Mash Down Babylon Records",0.475,0.862,8,-6.955,0,0.163,0.00323,0.000795,0.112,0.704,180.257,4
spotify:track:4OsLDuaH0bWR6xM6nj66F8,"F.C.P.R.E.M.I.X.","Doppelganger","The Fall of Troy",2005,237680,63,false,,2022-11-20T12:15:30Z,"post-hardcore,mathcore,math rock,screamo,emo","Equal Vision Records",0.226,0.891,9,-5.531,0,0.0702,0.000631,0.00000975,0.225,0.511,167.876,4
spotify:track:4on9tO04OlKhPfMUkvdr7E,"Rogues","Light Grenades","Incubus",2006-11-28,236693,46,false,,2022-11-20T12:15:27Z,"nu metal,funk rock,alternative metal,alternative rock","Epic/Immortal",0.44,0.987,7,-3.394,1,0.0732,0.00164,0.000524,0.0481,0.47,155.11,4
spotify:track:7gDVjl5fEw2OPAtjbW4LzR,"Weak And Powerless","Thirteenth Step","A Perfect Circle",2003-01-01,195133,66,false,,2022-11-20T10:20:18Z,"alternative metal,progressive metal","Virgin Records",0.483,0.841,1,-7.494,0,0.0523,0.000172,0.861,0.108,0.13,159.747,3
spotify:track:16Elz7HJPLZPMylp13ewxv,"Inertiatic Esp","Deloused in the Comatorium","The Mars Volta",2003-01-01,263773,11,false,,2022-11-20T10:02:41Z,"progressive rock,progressive metal,art rock","Motown",0.219,0.83,6,-3.585,0,0.0792,0.0041,0.0000323,0.654,0.458,169.806,3
spotify:track:6mib3N4E8PZHAGQ3xy7bho,"Moonage Daydream - 2012 Remaster","The Rise and Fall of Ziggy Stardust and the Spiders from Mars (2012 Remaster)","David Bowie",1972-06-06,279693,74,false,,2022-11-20T09:44:12Z,"glam rock,art rock","Parlophone UK",0.56,0.605,11,-11.209,0,0.0348,0.0408,0.000162,0.0585,0.756,144.478,4
spotify:track:3vEmpJQC2p8h0U3OiBufQm,"Army of Me","Post","Björk",1995-06-13,234333,63,false,,2022-11-20T09:40:20Z,"art pop,trip hop","143/Lava/Atlantic",0.462,0.677,6,-9.262,1,0.0327,0.00786,0.0000715,0.226,0.468,172.192,4
spotify:track:4539Tbm6Rt5BaNKXJJj9RH,"It's My Life","One Love","Dr. Alban",1992-05-04,239933,3,false,,2022-11-18T04:59:47Z,"eurodance","BMG Rights Management GmbH",0.655,0.933,7,-7.703,1,0.0536,0.00328,0.0358,0.0983,0.472,128.699,4
spotify:track:6NzkliYpE6IAb300cZhnb2,"Silence / akiaura","4EVER","hentai boys;akiaura",2020-01-25,149343,44,false,,2022-11-14T14:56:34Z,"witch house,electroclash,phonk","virtual memory404",0.378,0.362,6,-13.607,0,0.0305,0.0112,0.505,0.162,0.0553,90.014,4
spotify:track:2KLwPaRDOB87XOYAT2fgxh,"Pussy & Millions (feat. Travis Scott)","Her Loss","Drake;21 Savage;Travis Scott",2022-11-04,242026,73,true,,2022-11-13T13:50:24Z,"rap","OVO / Republic Records",0.747,0.618,4,-6.685,0,0.111,0.061,0,0.377,0.377,122.09,4
spotify:track:0V3wPSX9ygBnCm8psDIegu,"Anti-Hero","Midnights","Taylor Swift",2022-10-21,200690,83,false,,2022-11-05T08:28:56Z,"","Taylor Swift",0.633,0.648,4,-6.645,1,0.062,0.121,0.00000262,0.161,0.49,96.888,4
spotify:track:6kEyuKmF4kZylB5LcuRd8Y,"Space Oddity - Love You Til Tuesday version","The Deram Anthology 1966 - 1968","David Bowie",1997-06-09,226666,46,false,,2022-11-05T00:37:21Z,"glam rock,art rock","Decca Music Group Ltd.",0.456,0.328,0,-16.131,1,0.0603,0.742,0.00000539,0.162,0.332,80.808,4
spotify:track:6U7dutKEkKdZg8CHjyYv4f,"Paper Hearts","Mumps, etc.","WHY?",2012-10-02,248163,0,false,,2022-10-18T10:03:07Z,"","Waterlines",0.693,0.416,1,-7.61,1,0.136,0.158,0.00000526,0.229,0.0327,79.822,4
spotify:track:3m99ZtTI68N8cDyJar8MQM,"Unknown Language","Party 2.0","SO-SO",2022-09-14,272571,3,false,,2022-10-15T18:58:42Z,"","SO-SO",0.795,0.937,6,-4.584,0,0.273,0.0592,0.499,0.0427,0.683,139.984,4
spotify:track:2T8GiqWOZfjW3XwhVpoW9a,"Zesser More Zessing","Zesser More Zessing","Trinidad Ghost",2020-07-01,138067,38,false,,2022-09-27T18:57:32Z,"soca,dancehall","Tingz Ago Mad (C)",0.945,0.676,6,-6.939,0,0.334,0.271,0,0.102,0.814,106.728,4
spotify:track:4EeCwdYowLmsq0IyhSOSFq,"Gravity","Emotional Creature","Beach Bunny",2022-07-22,95146,0,false,,2022-09-07T18:13:35Z,"","Mom+Pop",0.612,0.404,2,-10.815,1,0.037,0.0217,0.973,0.139,0.292,124.048,4
spotify:track:24jvD83UgLmrdGjhWTFslY,"Video Games","Born To Die - The Paradise Edition","Lana Del Rey",2012-11-12,281960,70,false,,2022-08-22T07:17:50Z,"","Polydor Records",0.236,0.249,6,-9.595,0,0.0348,0.811,0.000001,0.087,0.181,72.847,5
spotify:track:2RkyV0KXNLstEKn2qb1KZ6,"Tomorrow","Gangsta Art","GloRilla;CMG The Label",2022-07-15,113844,32,true,,2022-08-21T18:11:55Z,"","CMG/Interscope Records",0.638,0.736,0,-5.13,1,0.537,0.0655,0,0.0883,0.785,159.852,4
spotify:track:1vrFJDrysqmsNAgyjBzx4f,"F.N.F. (Let's Go)","F.N.F. (Let's Go)","Hitkidd;GloRilla",2022-05-03,137579,60,true,,2022-08-21T18:11:50Z,"","Blac Noize!",0.864,0.476,1,-10.068,1,0.436,0.0374,0,0.374,0.647,157.144,4
spotify:track:0EVQYyD5xzmiEjXKRjJ8tx,"Miracle Power","Miracle Power","We The Kingdom",2022-05-27,277893,39,false,,2022-08-19T20:43:31Z,"worship,christian,country christian,ccm,christian pop","Sparrow (SPR)",0.52,0.605,10,-5.852,1,0.0356,0.34,0,0.0915,0.448,143.809,4
spotify:track:73u7dTjaBTMyvs3KWOThGR,"Surrounded (Fight My Battles)","Surrounded","Michael W. Smith",2018-02-23,300026,38,false,,2022-08-19T20:43:16Z,"christian,ccm,worship,gospel","Rocketown Records/The Fuel Music",0.483,0.556,10,-8.296,1,0.0323,0.0514,0.163,0.0981,0.231,140.001,4
spotify:track:0tdFKYAgTqsWqs2JshlcYV,"Noble Gas","Neon Future III","Steve Aoki;Bill Nye",2018-11-09,219212,0,false,,2022-07-27T02:37:02Z,"electro house,edm","Ultra Records",0.378,0.769,2,-3.694,0,0.39,0.0483,0.000722,0.0911,0.0955,126.871,4
spotify:track:28I7DZrc1CeQC87XQtyIN8,"Whispers of Eden","Whispers of Eden","Matt Tondut;Javi Lobe",2020-06-26,183744,0,false,,2022-06-15T07:10:21Z,"space music,ambient","Valley View Records",0.163,0.067,7,-29.124,1,0.0391,0.975,0.98,0.0821,0.0396,109.248,1
spotify:track:0rzaRSujxA0bKyjJl6vHYq,"Satellite","Harry's House","Harry Styles",2022-05-20,218577,79,false,,2022-06-10T18:09:31Z,"","Columbia",0.576,0.457,0,-6.473,1,0.0304,0.143,0.0000305,0.0917,0.301,138.984,4
spotify:track:4j6kId9QIqhoXvqHKgSKa0,"Grapejuice","Harry's House","Harry Styles",2022-05-20,191958,71,false,,2022-06-10T18:09:27Z,"","Columbia",0.645,0.721,5,-4.394,1,0.0336,0.357,0.143,0.204,0.88,182.928,4
spotify:track:2NcQic8JxdjAlAHuNbOIRE,"Keep Driving","Harry's House","Harry Styles",2022-05-20,140241,75,false,,2022-06-10T18:09:20Z,"","Columbia",0.721,0.479,9,-9.669,1,0.226,0.321,0.00156,0.182,0.902,164.948,3
spotify:track:69w5X6uTrOaWM32IetSzvO,"Daydreaming","Harry's House","Harry Styles",2022-05-20,187342,73,false,,2022-06-10T18:09:17Z,"","Columbia",0.707,0.811,4,-5.298,0,0.0304,0.311,0.0152,0.131,0.899,113.971,4
spotify:track:1mw0RgNXIpYRyyCdBQbLgA,"Love Of My Life","Harry's House","Harry Styles",2022-05-20,191638,73,false,,2022-06-10T18:09:11Z,"","Columbia",0.555,0.536,7,-8.233,1,0.0452,0.669,0,0.0623,0.203,118.057,4
spotify:track:6BgF8RdXdJQAzem41AGVui,"Sail Away","Color Blind: Hate & Happiness","October London",2017-04-07,234466,16,true,,2022-06-09T18:48:40Z,"neo soul,retro soul,contemporary r&b","October London / Cadillacc Music",0.757,0.862,10,-5.529,0,0.0515,0.515,0,0.115,0.967,147.445,4
spotify:track:3SfPayPVX8gGEqfXy1easS,"Astronaut","Astronaut","Katie Toupin",2021-03-03,202966,0,false,,2022-06-02T05:25:23Z,"","TM Records",0.445,0.86,4,-4.497,1,0.042,0.00129,0.0000203,0.544,0.491,103.994,4
spotify:track:1nM9BUwYIkDbLABWUHjNZH,"Like a Prayer - Live","ATTENTION: MILEY LIVE","Miley Cyrus",2022-04-01,207879,1,false,,2022-05-24T14:18:55Z,"","Columbia",0.49,0.913,2,-4.004,0,0.0468,0.0184,0.0000495,0.827,0.24,112.137,4
spotify:track:0bRXwKfigvpKZUurwqAlEh,"Lovely Day","Menagerie","Bill Withers",1977-10-29,257157,85,false,,2022-05-24T14:08:53Z,"soul","Columbia/Legacy",0.692,0.651,9,-8.267,1,0.0324,0.292,0.00241,0.105,0.706,97.923,4
spotify:track:4KqUA7DOESN0WDS6mr1e9H,"prairie","space to grow a garden","frogi",2022-05-06,244034,18,false,,2022-05-24T13:58:03Z,"","Apartment 22 Limited",0.631,0.365,3,-10.378,1,0.032,0.838,0.0000142,0.159,0.392,90.085,4
spotify:track:7sAgUakvHMLtLlTSZqU7i5,"90s American Superstar","90s American Superstar","Wallice",2022-04-05,139400,32,false,,2022-05-24T13:16:58Z,"indie pop,bedroom pop","Dirty Hit",0.536,0.857,4,-4.358,0,0.0677,0.0214,0.0000106,0.154,0.508,171.977,4
spotify:track:5meVa5klVlJalupZTvv5XX,"21","minor","Gracie Abrams",2020-07-14,185172,72,false,,2022-05-24T13:08:55Z,"","Gracie Abrams, under exclusive license to Interscope Records",0.755,0.671,2,-6.331,1,0.0872,0.514,0,0.109,0.409,125.056,4
spotify:track:3yUcJwYu7fXAfqMj9krY6l,"Thank You","No Angel","Dido",1999,218360,84,false,,2022-05-24T11:00:59Z,"","Sony BMG Music UK",0.725,0.583,1,-9.942,0,0.0427,0.3,0.000238,0.0665,0.762,79.984,4
spotify:track:5W5N23Xz1Zk6Qi8wkP8UPM,"See you Soon","See you Soon","beabadoobee",2022-04-25,206600,0,false,,2022-05-24T11:00:06Z,"bedroom pop","Dirty Hit",0.593,0.544,2,-7.644,1,0.0257,0.476,0.602,0.324,0.112,103.989,4
spotify:track:3ZQzZIsOlHF0JeCDskofUh,"Stash House","Andretti 12/30","Curren$y;Freddie Gibbs",2016-12-30,194847,27,true,,2022-05-21T21:59:12Z,"southern hip hop,jazz rap,alternative hip hop","Jet Life Recordings",0.683,0.588,1,-15.14,1,0.347,0.289,0,0.112,0.714,92.035,4
spotify:track:6CTG85NJI1Wm60pxTSRNwL,"Never Catch Me","You're Dead!","Flying Lotus;Kendrick Lamar",2014-10-06,234486,0,false,,2022-05-21T21:43:11Z,"idm,experimental hip hop,nu jazz,glitch,hip hop,west coast hip hop","Warp Records",0.526,0.936,8,-4.576,1,0.263,0.316,0.000384,0.261,0.283,81.305,4
spotify:track:59nOXPmaKlBfGMDeOVGrIK,"WAIT FOR U (feat. Drake & Tems)","I NEVER LIKED YOU","Future;Drake;Tems",2022-04-29,189893,86,true,,2022-05-03T05:21:15Z,"rap,trap,afrobeats,afro r&b,alté,afrobeat","Epic/Freebandz",0.463,0.642,1,-4.474,1,0.34,0.314,0,0.0686,0.339,83.389,4
spotify:track:2YJNoQKf1MPwlInwFPw28P,"I Hope You're Happy","I Hope You're Happy","Blue October",2018-01-12,232403,58,false,,2022-05-02T22:29:05Z,"","Up Down Records",0.54,0.939,0,-1.712,1,0.0878,0.0222,0.0000966,0.105,0.672,176.085,4
spotify:track:7MmhQMfjXPF2AnqrmbqvVB,"Posse On Broadway","Swass","Sir Mix-A-Lot",1988-01-01,304880,66,true,,2022-05-02T22:21:02Z,"old school hip hop","American Recordings Catalog P&D",0.819,0.292,7,-15.114,1,0.49,0.0269,0,0.361,0.516,173.055,4
spotify:track:2SiqlgLMfKQbczSMRp8drY,"Into The Ocean","Foiled","Blue October",2006-01-01,239946,67,false,,2022-04-16T08:24:17Z,"","Motown",0.758,0.606,0,-6.444,1,0.0325,0.282,0,0.144,0.361,107.95,4
spotify:track:48ZUwXrEOhaXLCxvmRYhZv,"Don't Sweat The Technique","Don't Sweat The Technique","Eric B. & Rakim",1992-06-23,262800,65,false,,2022-04-03T03:15:01Z,"old school hip hop,east coast hip hop,hip hop","Geffen*",0.737,0.89,4,-8.443,1,0.158,0.00556,0.00171,0.0801,0.809,105.848,4
spotify:track:7osdzxtjERvxm03DaPsubC,"Smile #2","A Quiet Farwell, 2016–2018 (Crater Speak)","Slauson Malone 1;Maxo",2019-04-18,77895,39,false,,2022-04-02T03:45:08Z,"experimental hip hop,plunderphonics,alternative hip hop","Grand Closing",0.561,0.623,7,-4.973,0,0.124,0.86,0.0045,0.134,0.541,85.854,4
spotify:track:4r0WxxUtSFPIGx7cRe5XJf,"Methematics","The Raging Wrath of the Easter Bunny Demo","Mr. Bungle",2020-10-30,525732,0,true,,2022-04-01T01:04:01Z,"avant-garde,funk rock","Ipecac Recordings",0.215,0.956,1,-6.669,1,0.108,0.000151,0.119,0.222,0.386,179.194,4
spotify:track:16HVc8NUFY3jc4QGVX3GzM,"Ars Moriendi","California","Mr. Bungle",1999-07-02,250133,41,false,,2022-03-19T06:39:14Z,"avant-garde,funk rock","Warner Records",0.378,0.909,9,-6.79,1,0.15,0.0139,0.281,0.296,0.437,111.88,4
spotify:track:1Ayp8F18a1hFXBN3LvuVjQ,"Your Neighborhood Spaceman (feat. Jel & Odd Nosdam)","Peeping Tom","Peeping Tom;Jel;Odd Nosdam",2006,345512,0,false,,2022-03-19T05:36:45Z,"trip hop,experimental hip hop,idm","Ipecac Recordings",0.352,0.695,2,-10.371,0,0.122,0.041,0.156,0.139,0.164,79.739,4
spotify:track:0ALzu5S2VxcdpnbJ5oCg5t,"Golden Clouds - Youth Gigantic Dreadnaught Dub Mix","Orbserving The Star House In Dub (feat. Lee Scratch Perry)","The Orb",2014-01-01,372494,0,false,,2022-03-19T04:23:51Z,"idm,ambient","The End Records",0.722,0.748,10,-8.619,0,0.105,0.00806,0.275,0.105,0.465,100.032,4
spotify:track:6i8nAFcNxHeHCKz50QbZRF,"Ball Of Fire - Instrumental","Orbserving The Star House In Dub (feat. Lee Scratch Perry)","The Orb",2014-01-01,251081,0,false,,2022-03-19T04:23:40Z,"idm,ambient","The End Records",0.793,0.49,7,-9.415,1,0.0862,0.000928,0.884,0.186,0.283,99.977,4
spotify:track:2Ffu8to6AmPHuvbzbcUvIW,"Being Human's Hard","Sloppy Seconds Volume Two","CunninLynguists;Versatile",2005-12-13,223746,11,true,,2022-03-18T01:39:27Z,"underground hip hop,southern hip hop,hip hop,dancehall,riddim,ragga","L.A. Underground",0.64,0.665,1,-9.062,1,0.381,0.0462,0.00143,0.115,0.47,88.034,4
spotify:track:32NJ4kh1Aqrc9XGRoXvGie,"My Way, Soon","The Battle at Garden’s Gate","Greta Van Fleet",2021-04-16,255217,55,false,,2022-03-17T14:48:00Z,"rock","Lava / Republic Records",0.41,0.942,10,-4.056,1,0.0604,0.0000882,0.11,0.0919,0.437,131.895,4
spotify:track:3gJ6t0HKTMto4Aq3sXJVk2,"My Way","My Way","Ava Max",2018-04-20,141598,55,false,,2022-03-17T14:47:58Z,"","Atlantic Records",0.685,0.621,9,-4.877,0,0.0412,0.0623,0,0.0901,0.396,100.004,4
spotify:track:5PIveStlGgjVL54GpVcqxr,"My Way","My Way","USHER",1997-09-16,214853,62,false,,2022-03-17T14:47:57Z,"r&b","Arista/LaFace Records",0.815,0.521,5,-8.178,0,0.136,0.0105,0,0.0509,0.887,90.079,4
spotify:track:6HsXpHn2s6S9arU3Wy7ndc,"Whiskey’d My Way","Dangerous: The Double Album","Morgan Wallen",2021-01-08,180786,1,false,,2022-03-17T14:47:54Z,"country","Big Loud / Republic",0.443,0.518,2,-6.373,1,0.0266,0.603,0.00225,0.0984,0.323,185.764,3
spotify:track:3OjNkFFZavF89xvRqWCXmU,"On My Way to You","Ain't Nothin' to It","Cody Johnson",2019-01-18,213306,73,false,,2022-03-17T14:47:53Z,"country,texas country,red dirt","CoJo Music/Warner Records Nashville",0.443,0.538,1,-5.477,1,0.0309,0.327,0.0000461,0.0866,0.245,157.97,4
spotify:track:1xFkcJjWuLlq8CIymwSTw9,"buzzkill","forever fifteen","MOTHICA",2021-03-19,140111,0,true,,2022-03-17T14:47:49Z,"","Mothica",0.638,0.755,8,-5.614,0,0.0682,0.362,0.00000309,0.329,0.739,169.953,4
spotify:track:3TfrXc32iJ9peU1A0BPJH2,"My Way (feat. Monty)","Fetty Wap (Deluxe)","Fetty Wap;Monty",2015-09-25,212306,44,false,,2022-03-17T14:47:48Z,"","300 Entertainment/RGF Productions",0.744,0.73,6,-3.116,1,0.0602,0.00399,0,0.158,0.551,128.043,4
spotify:track:21xzFXSL2XkZ2mIzDDAqTK,"God Must Hate Me","God Must Hate Me","Catie Turner",2021-11-23,149802,58,false,,2022-03-17T14:47:45Z,"","Atlantic Records",0.459,0.304,2,-10.107,1,0.136,0.967,0.0000195,0.0951,0.072,76.954,3
spotify:track:4ZtFanR9U6ndgddUvNcjcG,"good 4 u","SOUR","Olivia Rodrigo",2021-05-21,178146,87,true,,2022-03-17T14:47:44Z,"","Olivia Rodrigo PS",0.563,0.664,9,-5.044,1,0.154,0.335,0,0.0849,0.688,166.928,4
spotify:track:4yb8suVmTLxvSb8hT6EmT6,"this is how i learn to say no","this is how i learn to say no","EMELINE",2021-08-20,142965,58,true,,2022-03-17T14:47:42Z,"","Capitol Records",0.378,0.587,10,-7.755,1,0.163,0.232,0,0.455,0.498,181.452,3
spotify:track:7CFfqRW50ffULvBv7lfIIg,"Violent","Violent","carolesdaughter",2020-11-23,135877,69,false,,2022-03-17T14:47:37Z,"","Arista Records",0.797,0.755,2,-5.393,1,0.0293,0.331,0.00000226,0.124,0.411,129.955,4
spotify:track:5kHkaBN8OEQlmXfQkACxSt,"3 Libras","Mer De Noms","A Perfect Circle",2000-01-01,219640,69,false,,2022-03-16T18:23:39Z,"alternative metal,progressive metal","Virgin Records",0.518,0.744,9,-8.248,1,0.0374,0.00383,0.007,0.078,0.211,144.019,3
spotify:track:2kT7SlMrBUegTK5flSRoFy,"Sway","Repo Men","Rosemary Clooney",2010-01-01,157266,32,false,,2022-03-16T17:48:30Z,"vocal jazz,big band","Relativity Music Group",0.682,0.434,10,-5.883,0,0.0533,0.779,0,0.074,0.844,107.258,4
spotify:track:0J7dUDxby6RWd9BJiDDjdn,"My Own Life","Right Back","Long Beach Dub Allstars",1999-01-01,177493,43,false,,2022-03-14T18:49:17Z,"reggae rock,reggae,ska punk,ska,surf rock,dub","Universal Music Mexico",0.555,0.68,9,-5.015,1,0.109,0.0124,0.000039,0.75,0.661,185.644,4
spotify:track:2PdIo7ewQPuAsP99LVg9uy,"Wrong Way","Sublime","Sublime",1996-07-30,136146,78,true,,2022-03-14T18:33:52Z,"reggae rock,ska punk,ska","Gasoline Alley",0.69,0.681,9,-5.653,1,0.0379,0.0623,0,0.137,0.911,75.034,4
spotify:track:5UxCYWzUQHBI00ly3zRTO1,"Smoke Two Joints","Tuxicity","Richard Cheese",2002-10-20,90266,0,false,,2022-03-12T05:51:27Z,"comedy,swing music","Surfdog Records",0.571,0.727,11,-6.541,0,0.0923,0.209,0,0.286,0.765,124.017,4
spotify:track:0Jur3mZsQba3vqSpcmsOPm,"Smoke Two Joints","40oz. To Freedom","Sublime",1992-06-01,173426,71,false,,2022-03-12T05:51:08Z,"reggae rock,ska punk,ska","Gasoline Alley",0.761,0.687,7,-6.185,1,0.131,0.00469,0.00532,0.245,0.316,95.089,4
spotify:track:31hiLWla3hn4B4HhsNkab1,"CLUB ZIPANGU","Rina Chinen 20th Anniversary ～Singles & My Favorites～","R-I-N-A",2017-02-08,253280,4,false,,2022-03-11T08:47:01Z,"kayōkyoku","Sony Music Direct (Japan) Inc.",0.678,0.949,7,-4.767,1,0.0469,0.0345,0,0.209,0.822,146.499,4
spotify:track:24HPkbkXJsIFC4eyg63zgQ,"Wraith Pinned to the Mist and Other Games","The Sunlandic Twins","of Montreal",2005-04-12,255613,0,false,,2022-03-11T08:26:58Z,"neo-psychedelic,baroque pop,art pop","Polyvinyl Records",0.873,0.582,5,-9.901,1,0.047,0.0282,0.0699,0.182,0.77,122.005,4
spotify:track:3iFn1SsDaUDILHZWBAMUvo,"テイク・ミー - Live at Chuo Kaikan Hall, Tokyo, Feb. 1982","MINT JAMS(Live)","CASIOPEA",1982,291000,43,false,,2022-03-05T08:29:39Z,"jazz fusion,city pop,jazz funk,jazz","Sony Music Direct (Japan) Inc.",0.637,0.63,9,-10.499,0,0.035,0.23,0.856,0.204,0.815,96.976,4
spotify:track:1MdbDBwEEecnlLiyWChJFh,"You & Me","You & Me","MEUTE",2018-05-30,306422,56,false,,2022-03-05T04:58:45Z,"brass band","TUMULT",0.661,0.548,10,-4.053,0,0.0407,0.652,0.265,0.0913,0.0954,75.068,4
spotify:track:0LDiaSudHOYJ8e473mv5uY,"Leave The Door Open","An Evening With Silk Sonic","Bruno Mars;Anderson .Paak;Silk Sonic",2021-11-12,242096,0,false,,2022-03-05T04:44:02Z,"","Aftermath Entertainment/Atlantic",0.586,0.616,5,-7.964,1,0.0324,0.182,0,0.0927,0.719,148.088,4
spotify:track:0kRyUkotwMM5ElAXCwqoVe,"Sweet Decadance","Neurasthenia","Psychonaut 4",2016-10-07,718000,49,false,,2022-03-05T03:06:41Z,"black metal","Talheim Records",0.533,0.881,9,-3.949,0,0.0458,0.0656,0.0012,0.142,0.431,119.95,4
spotify:track:7y8X0Z04gJCKtfrnSAMywJ,"Hacker","The Money Store","Death Grips",2012-04-23,275520,59,true,,2022-03-02T19:44:00Z,"experimental hip hop,experimental","Epic",0.681,0.88,9,-3.895,1,0.227,0.0567,0,0.0893,0.38,124.885,4
spotify:track:7nCONy10IHp7XD3oYZ0lcx,"I've Seen Footage","The Money Store","Death Grips",2012-04-23,202853,62,true,,2022-03-02T19:43:58Z,"experimental hip hop,experimental","Epic",0.603,0.944,11,-3.626,0,0.347,0.0481,0,0.342,0.418,130.035,4
spotify:track:781V2Y5LPtcpgONEOadadE,"Get Got","The Money Store","Death Grips",2012-04-23,171866,59,true,,2022-03-02T19:43:57Z,"experimental hip hop,experimental","Epic",0.57,0.993,7,-3.757,1,0.337,0.00628,0.00796,0.0876,0.405,87,4
spotify:track:4WYmrd4cHcf2l2gomh6lai,"Blue Angel - Remastered 2016","Hot (Remastered / 20th Anniversary Edition)","Squirrel Nut Zippers",2016-07-29,275333,29,false,,2022-03-01T08:09:04Z,"swing music,big band","Mammoth Records",0.617,0.37,11,-10.681,0,0.0334,0.485,0.000102,0.428,0.605,105.868,4
spotify:track:5cXgboyjy6wmjQ8zHvZdEq,"Space Lion","COWBOY BEBOP (Original Motion Picture Soundtrack)","SEATBELTS",1998-05-21,431360,54,false,,2022-02-27T11:05:36Z,"bebop,anime","SUNRISE Music Label",0.402,0.36,3,-12.329,1,0.0318,0.0966,0.784,0.0911,0.142,161.965,4
spotify:track:0OFybO4qH8Yw4c2T8rzNPD,"A Demon Like Me","The Musical Styling Of","Blair Crimmins and The Hookers",2010-01-05,203186,25,false,,2022-02-27T08:56:49Z,"ragtime,swing music","New Rag Records",0.504,0.579,7,-5.694,0,0.0296,0.312,0.0505,0.129,0.639,116.989,4
spotify:track:3SJ4Oc3SHXvvPs40BgKLTr,"Real Life","Time","Louis Cole;Brad Mehldau",2018-08-10,164776,34,true,,2022-02-27T08:09:23Z,"indie jazz,jazz,jazz ballads,cool jazz","Brainfeeder",0.759,0.848,10,-3.532,0,0.0435,0.0705,0.151,0.278,0.681,134.021,4
spotify:track:2jq5avJCdvIzelo7PiZNjW,"Endless Summer","Endless Summer","The Midnight",2016-08-01,405907,0,false,,2022-02-27T07:55:46Z,"synthwave,synthpop,vaporwave,chillwave","The Midnight Music, LLC",0.584,0.68,0,-10.018,0,0.0517,0.0154,0.137,0.174,0.0438,125.996,4
spotify:track:61QO7Fn6yFM6Ek3TFO6C0O,"Shadows","Nocturnal","The Midnight",2017-10-14,387857,0,false,,2022-02-27T07:55:33Z,"synthwave,synthpop,vaporwave,chillwave","The Midnight Music, LLC",0.459,0.741,6,-6.633,0,0.0676,0.0361,0.00000222,0.101,0.188,161.714,4
spotify:track:6gKmYyjVEUvHgeyh9WzfKa,"WTF!","The Inevitable Rise And Liberation Of Niggy Tardust","Saul Williams",2008-07-08,329093,0,true,,2022-02-26T03:07:36Z,"spoken word,experimental hip hop,alternative hip hop","FADER LABEL",0.59,0.967,0,-6.825,1,0.0852,0.00955,0.0694,0.573,0.329,140.444,4
spotify:track:3GlmE7KWNVNoB5ZTiawW78,"Slip the Clutch","Hit the Diff","Marty Mone",2015-12-01,224000,52,false,,2022-02-15T22:02:05Z,"","Marty Mone Music",0.823,0.729,8,-9.087,1,0.0355,0.305,0.00000894,0.338,0.861,109.995,4
spotify:track:5yPvK5HzwTrJNYJUNscZWC,"I Was Once, Possibly, Maybe, Perhaps A Cowboy King","Stand Up And Scream","Asking Alexandria",2009-09-15,221186,0,true,,2022-02-04T02:01:24Z,"metalcore,screamo,post-hardcore,metal,emo","Sumerian Records",0.335,0.966,2,-4.059,0,0.0961,0.00234,0.00000176,0.136,0.169,122.061,4
spotify:track:0hAIs32U2SmJcXymlcyF8h,"Alone In A Room","Asking Alexandria","Asking Alexandria",2017-12-15,245861,2,true,,2022-02-04T01:59:57Z,"metalcore,screamo,post-hardcore,metal,emo","Sumerian Records",0.482,0.946,4,-3.23,0,0.0852,0.00251,0,0.0466,0.284,135.071,4
spotify:track:23KVefoON2iEz1dh940quQ,"911","Chaotic","Ellise",2021-05-14,188386,68,true,,2022-02-02T00:44:26Z,"","Hell Bent Heaven Sent / EMPIRE",0.765,0.53,10,-7.18,0,0.0833,0.509,0.00000415,0.117,0.529,130.104,4
spotify:track:48WidxP9CqyYtk97pwGZ3c,"Wasting Time ( feat. Drake & The Neptunes )","Wasting Time ( feat. Drake & The Neptunes )","Brent Faiyaz;Drake;The Neptunes",2021-07-01,301304,61,true,,2022-01-26T23:00:00Z,"r&b,rap","Lost kids",0.443,0.72,7,-3.743,0,0.0733,0.0669,0,0.0909,0.374,89.378,4
spotify:track:2HWJELHnneoKGVe0mRFeeD,"fan behavior","evil twin","Isaac Dunbar",2021-02-19,181853,50,false,,2022-01-25T07:58:56Z,"","RCA Records Label",0.798,0.667,6,-6.008,1,0.0622,0.00766,0.000581,0.234,0.713,129.939,4
spotify:track:16MneRxNQpHK250NaIo3bg,"Serotonin","if i could make it go quiet","girl in red",2021-04-30,182426,0,true,,2022-01-25T07:12:49Z,"bedroom pop","world in red",0.58,0.788,2,-4.714,1,0.259,0.0123,0.0000184,0.368,0.72,148.992,4
spotify:track:7xg41ENLdW3nyy2p5C28ZW,"Fuck Up The Friendship","What Just Happened?","Leah Kate",2021-10-01,172757,52,true,,2022-01-25T07:09:16Z,"","Leah Kate",0.744,0.736,1,-5.258,0,0.291,0.142,0.000011,0.11,0.77,103.993,4
spotify:track:1EQFOouqdKYdpbNoOHRVO2,"abcdefu (angrier)","abcdefu (angrier)","GAYLE",2021-09-24,159836,58,true,,2022-01-24T08:11:19Z,"","Atlantic Records/Arthouse Records",0.671,0.599,4,-6.18,1,0.0405,0.0658,0,0.101,0.448,121.849,3
spotify:track:3qEEoMccf3U90pM47dbQtX,"I Got The Hook-Up!","Best Of Master P","Master P;Sons Of Funk",2005-01-01,256013,40,true,,2022-01-22T02:28:40Z,"southern hip hop,gangster rap,old school hip hop,new orleans bounce","Priority Records",0.608,0.704,11,-5.655,0,0.258,0.0447,0,0.397,0.818,79.302,4
spotify:track:30cHDhxUqgnHq78hv5UjMx,"Turning Japanese","Turning Japanese - Best Of The Vapors","The Vapors",1996-11-11,225186,56,false,,2022-01-21T13:26:56Z,"new wave,power pop","RT Industries",0.503,0.803,0,-9.701,1,0.0485,0.01,0.0648,0.292,0.941,179.007,4
spotify:track:5mB1bWU8VueYVxuvcLPn2B,"Do It Myself","There's Really A Wolf","Russ",2017-05-05,167333,59,true,,2022-01-18T00:11:15Z,"","Columbia",0.831,0.558,1,-3.551,1,0.242,0.018,0,0.094,0.338,141.974,4
spotify:track:7wlcweEsneQgizqNOrUqJE,"Shaolin Monk Motherfunk","Choose Your Weapon","Hiatus Kaiyote",2015-05-01,350530,45,false,,2022-01-18T00:10:49Z,"neo soul,indie soul,alternative r&b","Masterworks",0.415,0.463,6,-9.86,0,0.0823,0.134,0.00255,0.101,0.573,96.1,4
spotify:track:24G1PXBWoRgV0wDXZKwxzz,"N Side","Apollo XXI","Steve Lacy",2019-05-24,224444,0,false,,2022-01-17T12:05:09Z,"","3qtr",0.838,0.536,2,-6.288,1,0.0435,0.072,0.000259,0.208,0.89,119.956,4
spotify:track:0jGVEPscW8KmqktoHqv2Pa,"Sunrise","Sunrise","Simply Red",2004-12-14,200173,61,false,,2022-01-09T15:59:47Z,"soft rock","simplyred.com Ltd",0.788,0.728,5,-5.123,0,0.0295,0.00325,0.23,0.0979,0.936,105.983,4
spotify:track:5t77UGzgSBRDDnaxJvE9R3,"Moskau","Moskau - Das Neue Best Of Album","Dschinghis Khan",2018-04-06,270360,65,false,,2022-01-09T15:17:15Z,"neue deutsche welle,schlager,schlagerparty","Sony Music Catalog",0.745,0.863,5,-4.646,0,0.0401,0.158,0.00000125,0.165,0.857,131.446,4
spotify:track:4Sfq2ZuUK9tS66eXqCCKRF,"The Air That I Breathe","Blue (Expanded Version)","Simply Red;GOTA;Mick Hucknall",1998,262826,58,false,,2022-01-09T15:03:47Z,"soft rock,smooth jazz,cool jazz,acid jazz","Rhino/Elektra",0.66,0.56,0,-8.894,1,0.0287,0.21,0.00004,0.0974,0.641,89.505,4
spotify:track:72SPsHheqN6J3sI520jT9E,"Colors","Amos Lee","Amos Lee",2005-01-01,160453,59,false,,2022-01-07T18:50:35Z,"","Blue Note Records",0.681,0.168,7,-13.397,1,0.0291,0.793,0.000134,0.109,0.29,128.615,4
spotify:track:4KqBoq7MoDJeVsvUHTjXCM,"Sweet Pea","Supply And Demand","Amos Lee",2006-01-01,129626,67,false,,2022-01-07T18:49:53Z,"","Blue Note Records",0.946,0.289,11,-9.413,1,0.0584,0.152,0.00002,0.234,0.816,102.073,4
spotify:track:1umKFpJdXDtquGCz4oBVDJ,"Windows Are Rolled Down","Mission Bell","Amos Lee",2011,237226,66,false,,2022-01-07T18:43:32Z,"","Blue Note Records",0.435,0.605,8,-6.649,1,0.0275,0.0682,0.00695,0.0653,0.541,62.962,4
spotify:track:1abm2WB9tVvGV2JoKbHATs,"Pocket Knife","Pocket Knife","Brandon Boyd",2021-11-19,255826,10,false,,2022-01-07T14:13:26Z,"","Brandon Boyd",0.494,0.486,2,-9.482,1,0.0413,0.0629,0.344,0.131,0.0397,77.512,4
spotify:track:5NnwiqW2KwXYN4wl6ahYsn,"My Way","Eat My Pussy","Queen Key",2018-06-01,144660,54,true,,2021-12-24T17:44:58Z,"","City Entertainment Queen Key",0.846,0.809,11,-3.076,0,0.336,0.0761,0,0.082,0.512,140.011,4
spotify:track:0baYVkFX4vIXXmIuHRWXDN,"Out My Way","Death Race For Love","Juice WRLD",2019-03-08,156620,0,true,,2021-12-24T17:42:38Z,"melodic rap,emo rap","Grade A Productions/Interscope Records",0.664,0.832,10,-3.166,0,0.34,0.107,0,0.776,0.498,164.144,4
spotify:track:3x4Zx0rPoW6kErSDK8SSnW,"My Way","READY","Ella Mai",2017-02-22,191981,63,true,,2021-12-24T17:33:36Z,"r&b","10 Summers / Interscope PS",0.812,0.46,5,-6.316,1,0.173,0.0994,0,0.114,0.193,100.042,4
spotify:track:2gSVKxPDww9Eep5rdvtdem,"My Way","Chocolate Starfish And The Hot Dog Flavored Water","Limp Bizkit",2000-10-17,272973,85,true,,2021-12-24T15:13:44Z,"nu metal,rap metal,alternative metal,rap rock","Interscope",0.577,0.864,6,-3.981,1,0.0462,0.02,0.00000171,0.683,0.609,97.225,4
spotify:track:3spdoTYpuCpmq19tuD0bOe,"My Way","My Way (Expanded Edition)","Frank Sinatra",1969-03,276800,81,false,,2021-12-24T08:57:58Z,"christmas,big band,adult standards,swing music,jazz,vocal jazz","FRANK SINATRA DIGITAL REPRISE",0.401,0.381,2,-7.458,1,0.0274,0.7,0,0.122,0.229,75.454,4
spotify:track:2LmlZvAmT1L0O3iPVSQWOX,"Hijo de la luna","Entre el Cielo y el Suelo (Bonus Tracks Edition)","Mecano",1986-06-16,259146,0,false,,2021-12-20T02:42:56Z,"rock en español,latin pop","BMG Rights Management and Administration (Spain) S.L.U",0.45,0.527,1,-7.212,0,0.0341,0.695,0.00000831,0.0685,0.569,179.474,3
spotify:track:01Nvn73bt8eTZeV6NdHSo3,"Maquillaje","Ana, José, Nacho","Mecano",1998-03-24,153173,0,false,,2021-12-20T02:42:46Z,"rock en español,latin pop","BMG Rights Management and Administration (Spain) S.L.U",0.714,0.907,4,-5.562,0,0.0829,0.578,0.0000861,0.0865,0.943,118.399,3
spotify:track:2ROj14ZhKchHWBMtzwzo0i,"Red","Red (Expanded & Remastered Original Album Mix)","King Crimson",1974-01-01,375748,0,false,,2021-12-20T00:41:46Z,"progressive rock,art rock,psychedelic rock","Discipline Global Mobile",0.302,0.742,9,-8.565,1,0.0297,0.00276,0.867,0.159,0.12,89.195,4
spotify:track:3CH8ti307xUz5NlaHoQBPR,"Como Te Recuerdo","Como Te Recuerdo","Los Temerarios",1998-06-01,305293,75,false,,2021-12-13T21:38:56Z,"grupera,ranchera","Virtus Inc.",0.676,0.482,4,-8.863,1,0.0266,0.484,0.00195,0.129,0.492,90.435,4
spotify:track:5QZYMNM2RS6XFFNDCYQFLF,"Todo Me Recuerda a Ti","Camino del Amor","Los Temerarios",1994-06-01,218040,68,false,,2021-12-13T21:38:54Z,"grupera,ranchera","Virtus Inc.",0.515,0.438,4,-12.741,1,0.0294,0.135,0.000133,0.231,0.293,144.787,4
spotify:track:5mKwzq7UTXf1xwWcpPoteX,"Mi Vida Eres Tú","Mi Vida Eres Tú","Los Temerarios",1992-06-01,250026,76,false,,2021-12-13T20:02:14Z,"grupera,ranchera","Virtus Inc.",0.636,0.376,2,-12.381,1,0.0275,0.354,0.0000827,0.0826,0.472,88.012,4
spotify:track:4MNfkZ8dtva3cjJ2biqnDS,"Ven Porque Te Necesito","Internacionales Y Románticos","Los Temerarios",1989-01-01,175013,79,false,,2021-12-13T20:01:42Z,"grupera,ranchera","Universal Music Mexico",0.596,0.573,2,-7.452,1,0.0285,0.192,0,0.0881,0.417,78.554,4
spotify:track:5NA5FmzfDQPl6HWX4cYrh7,"Til The Last Shot's Fired","Trace Adkins ""X""","Trace Adkins",2008-01-01,299373,44,false,,2021-12-12T01:55:23Z,"country,acoustic country","Capitol Nashville",0.393,0.405,6,-9.653,0,0.0376,0.475,0.0000312,0.105,0.218,73.415,1
spotify:track:5fdhThPDe6jQQDqCyWrdAn,"Jolene","Jolene (Expanded Edition)","Dolly Parton",1974,161533,87,false,,2021-12-12T01:22:22Z,"country,classic country","RLG/Legacy",0.674,0.537,1,-10.971,0,0.0363,0.566,0,0.131,0.809,110.578,4
spotify:track:35UT9ZB7UROy8W8JvMmzMD,"My Shit's Fucked Up","Life'll Kill Ya","Warren Zevon",2000-01-25,165826,0,true,,2021-12-12T01:07:37Z,"singer-songwriter","Vanguard",0.755,0.286,0,-14.017,1,0.0411,0.77,0.00308,0.113,0.591,71.456,4
spotify:track:7slfeXbuzr9RYXX6XS6Npi,"Before You Go - Piano Version","Before You Go (Piano Version)","Lewis Capaldi",2019-12-16,218768,52,false,,2021-12-12T00:52:15Z,"soft pop","Vertigo Berlin",0.467,0.359,3,-6.892,1,0.0815,0.843,0,0.0913,0.21,173.318,3
spotify:track:7jWbXvrgdbkajU8L28ahn5,"Highwayman","Highwayman","The Highwaymen;Willie Nelson;Johnny Cash;Waylon Jennings;Kris Kristofferson",1985-05-01,183805,72,false,,2021-12-12T00:52:01Z,"outlaw country,classic country,country,traditional country,honky tonk","Columbia Nashville",0.67,0.351,2,-16.842,1,0.0463,0.48,0.0176,0.115,0.45,101.384,4
spotify:track:6QWVw42HKWrgpVHtfUuDTK,"Further On Up The Road","American V: A Hundred Highways","Johnny Cash",2006-01-01,204800,0,false,,2021-12-12T00:13:22Z,"classic country,outlaw country,country","American Recordings Catalog P&D",0.656,0.309,7,-11.842,1,0.0294,0.878,0.0196,0.103,0.418,124.304,4
spotify:track:383Xl5QTigwj3QiA3Qc6S7,"The Devil Went Down to Georgia","A Decade Of Hits","The Charlie Daniels Band",1988-08-10,214866,72,false,,2021-12-11T22:40:02Z,"southern rock,outlaw country,classic country,country rock,country","Epic/Legacy",0.523,0.626,0,-9.425,1,0.0523,0.155,0,0.0869,0.917,134.127,4
spotify:track:4j2W1eM03mz5MVN5LvR7VH,"These Boots Are Made for Walkin'","Full Metal Jacket (Original Motion Picture Soundtrack)","Nancy Sinatra",1987-08-04,162866,57,false,,2021-12-11T20:36:37Z,"","Warner Records",0.718,0.323,9,-15.533,1,0.0601,0.562,0.0000011,0.0827,0.463,82.719,4
spotify:track:3qjImTSd3zgWqvK3Jt5xJq,"Underneath This Lamppost Light","Save The World, Get The Girl","The King Blues",2008-10-20,293320,26,true,,2021-12-10T09:45:15Z,"ska,ska punk,folk punk","UMC (Universal Music Catalogue)",0.646,0.558,9,-7.129,1,0.0413,0.155,0,0.0892,0.501,82.914,4
spotify:track:217Gso7pAJ8xO5FRT2IvUR,"I'm Confessin'","Jazz at the Pawnshop","Arne Domnérus;Georg Riedel;Bengt Hallberg;Lars Erstrand;Egil Johansen",1977,482333,0,false,,2021-12-08T21:22:14Z,"jazz,cool jazz","Prophone",0.473,0.0658,2,-18.151,1,0.0556,0.963,0.441,0.126,0.293,62.732,4
spotify:track:12OLyHDxt6dqlAybSPFBK3,"Forever","Divinely Uninspired To A Hellish Extent","Lewis Capaldi",2019-05-17,210863,73,false,,2021-12-08T15:54:39Z,"soft pop","Vertigo Berlin",0.646,0.355,1,-7.119,1,0.0263,0.873,0,0.115,0.364,84.988,4
spotify:track:4Of7rzpRpV1mWRbhp5rAqG,"Bruises","Divinely Uninspired To A Hellish Extent","Lewis Capaldi",2019-05-17,220492,81,false,,2021-12-08T15:54:38Z,"soft pop","Vertigo Berlin",0.736,0.308,4,-7.83,1,0.0677,0.946,0,0.186,0.361,111.202,4
spotify:track:60iSKGrGazRzICtMjADNSM,"Hold Me While You Wait","Divinely Uninspired To A Hellish Extent","Lewis Capaldi",2019-05-17,205686,78,false,,2021-12-08T15:54:35Z,"soft pop","Vertigo Berlin",0.688,0.53,11,-5.507,1,0.0333,0.443,0,0.0995,0.162,106.958,4
spotify:track:7qEHsqek33rTcFNT9PFqLf,"Someone You Loved","Divinely Uninspired To A Hellish Extent","Lewis Capaldi",2019-05-17,182160,90,false,,2021-12-08T15:54:33Z,"soft pop","Vertigo Berlin",0.501,0.405,1,-5.679,1,0.0319,0.751,0,0.105,0.446,109.891,4
spotify:track:1hkuQmFxGs85zE6dyofTPY,"Big Iron","Unearthed","Johnny Cash",2003-01-01,232040,53,false,,2021-12-06T17:36:05Z,"classic country,outlaw country,country","American Recordings Catalog P&D",0.441,0.356,0,-10.822,1,0.0312,0.718,0.00000955,0.114,0.47,92.832,4
spotify:track:28cnXtME493VX9NOw9cIUh,"Hurt","American IV: The Man Comes Around","Johnny Cash",2002-01-01,216533,78,false,,2021-12-06T17:24:48Z,"classic country,outlaw country,country","American Recordings Catalog P&D",0.534,0.392,9,-7.636,0,0.0267,0.649,0.000227,0.0948,0.163,90.379,4
spotify:track:5l4Ldg6QW3Szx2y5ruQ0H8,"Polygraph Eyes - Unplugged","YUNGBLUD (Unplugged)","YUNGBLUD",2018-08-10,249043,41,false,,2021-12-06T02:48:03Z,"","Locomotion Recordings/Geffen Records",0.523,0.354,0,-9.228,1,0.0858,0.739,0,0.332,0.337,78.942,4
spotify:track:01apQz7E72krU1k1b4VWs7,"Raining Tacos","Parry Gripp Mega-Party (2008 - 2012)","Parry Gripp",2013-02-26,92693,70,false,,2021-12-04T18:48:42Z,"children's music","Parry Gripp",0.48,0.865,3,-5.441,1,0.228,0.0979,0.00000332,0.123,0.575,138.193,4
spotify:track:4a7iNsBx9sIDcqv0AdmFKn,"Time Keeps on Slipping","Deltron 3030","Deltron 3030;Del The Funky Homosapien;Dan The Automator;Kid Koala",2000,299093,43,false,,2021-12-03T04:34:05Z,"experimental hip hop,underground hip hop,trip hop,jazz rap,plunderphonics","Deltron Projects",0.697,0.756,1,-7.971,0,0.0884,0.0589,0,0.383,0.785,96.015,4
spotify:track:4zFcy8AqY7BRv8aXDOSIgQ,"Aphrodisiskratch","Wave Twisters, Episode 7 Million: Sonic Wars Within the Protons","DJ Qbert",1998-11-24,299426,14,false,,2021-12-03T03:28:30Z,"plunderphonics","Galactic Butt Hair Records",0.803,0.414,1,-11.476,0,0.84,0.482,0.0117,0.745,0.433,148.247,4
spotify:track:4uo9Hu7aBxY4OBXdEoa505,"Turntable TV (Blueprint)","Wave Twisters, Episode 7 Million: Sonic Wars Within the Protons","DJ Qbert",1998-11-24,24200,0,false,,2021-12-03T03:28:27Z,"plunderphonics","Galactic Butt Hair Records",0.8,0.645,10,-9.331,0,0.452,0.453,0.94,0.124,0.655,158.738,4
spotify:track:0gOXuCaxhVOUf6I5FgTAm8,"Movement 3: Inside-out Body Warp (feat. DJ Flare)","Wave Twisters, Episode 7 Million: Sonic Wars Within the Protons","DJ Qbert;DJ Flare",1998-11-24,99266,9,false,,2021-12-03T03:28:22Z,"plunderphonics","Galactic Butt Hair Records",0.79,0.57,1,-12.836,1,0.35,0.319,0.905,0.344,0.674,113.899,3
spotify:track:0FGBraTclv7jgBNuEJMCry,"Movement 2: 6 Fingered Fury (feat. Shortkut)","Wave Twisters, Episode 7 Million: Sonic Wars Within the Protons","DJ Qbert;Shortkut",1998-11-24,81200,10,false,,2021-12-03T03:28:19Z,"plunderphonics","Galactic Butt Hair Records",0.731,0.744,10,-10.772,0,0.306,0.147,0.753,0.161,0.406,104.398,4
spotify:track:5oR6Xqf1tVIDVq0prSnF5y,"Movement 1: Quadraphonic Element Download","Wave Twisters, Episode 7 Million: Sonic Wars Within the Protons","DJ Qbert",1998-11-24,93440,10,false,,2021-12-03T03:28:16Z,"plunderphonics","Galactic Butt Hair Records",0.902,0.689,1,-10.087,1,0.463,0.09,0.382,0.0743,0.676,102.804,4
spotify:track:4Pmf5vqfZOU1VTP8MUfnbv,"Sneak Attack (feat. Mix Master Mike)","Wave Twisters, Episode 7 Million: Sonic Wars Within the Protons","DJ Qbert;Mix Master Mike",1998-11-24,220426,19,false,,2021-12-03T03:28:12Z,"plunderphonics","Galactic Butt Hair Records",0.89,0.558,11,-9.882,0,0.306,0.0383,0.0515,0.0742,0.687,87.973,4
spotify:track:4EFZ2M0ZFcu1iWx5AvslAy,"Destination: Quasar 16.33.45.78","Wave Twisters, Episode 7 Million: Sonic Wars Within the Protons","DJ Qbert",1998-11-24,315826,16,false,,2021-12-03T03:28:05Z,"plunderphonics","Galactic Butt Hair Records",0.85,0.651,1,-10.059,1,0.43,0.0508,0.175,0.0864,0.585,92.245,4
spotify:track:6yiJrnUUfoBXSpL5QIHDat,"Paranoia (feat. Mix Master Mike)","Wave Twisters, Episode 7 Million: Sonic Wars Within the Protons","DJ Qbert;Mix Master Mike",1998-11-24,84040,13,false,,2021-12-03T03:28:05Z,"plunderphonics","Galactic Butt Hair Records",0.87,0.461,10,-13.514,0,0.488,0.0251,0.921,0.61,0.473,89.047,4
spotify:track:1PeE6egbe7r6Khxzn5lDKk,"Invasion of the Octopus People (feat. Shortkut & DJ Disk)","Wave Twisters, Episode 7 Million: Sonic Wars Within the Protons","DJ Qbert;Shortkut;DJ Disk",1998-11-24,273466,14,false,,2021-12-03T03:28:05Z,"plunderphonics","Galactic Butt Hair Records",0.903,0.766,10,-8.976,0,0.31,0.267,0.672,0.255,0.587,100.335,4
spotify:track:5MLlV1RPHANi2hhQqtw6gs,"Electric Eye Beam Abduction (feat. Mix Master Mike)","Wave Twisters, Episode 7 Million: Sonic Wars Within the Protons","DJ Qbert;Mix Master Mike",1998-11-24,222826,14,false,,2021-12-03T03:28:05Z,"plunderphonics","Galactic Butt Hair Records",0.834,0.538,6,-11.086,0,0.404,0.00473,0.214,0.341,0.579,162.169,4
spotify:track:7juCxmYMDmeoyKmRZiuEIq,"Razorblade Alcohol Slide (feat. D Styles)","Wave Twisters, Episode 7 Million: Sonic Wars Within the Protons","DJ Qbert;D-Styles",1998-11-24,214773,25,false,,2021-12-03T03:28:05Z,"plunderphonics,underground hip hop","Galactic Butt Hair Records",0.665,0.53,10,-12.637,0,0.788,0.00886,0.539,0.277,0.781,93.821,4
spotify:track:2n5vo6sIfRRmM6cdG5bHON,"Cosmic Assassins (feat. Mix Master Mike & Vinroc)","Wave Twisters, Episode 7 Million: Sonic Wars Within the Protons","DJ Qbert;Mix Master Mike;VinRoc",1998-11-24,251640,34,false,,2021-12-03T03:27:46Z,"plunderphonics","Galactic Butt Hair Records",0.812,0.654,2,-8.659,1,0.197,0.217,0.797,0.637,0.542,95.408,4
spotify:track:1lmkabfcAFe8iu9YJOlMMg,"Redworm","Wave Twisters, Episode 7 Million: Sonic Wars Within the Protons","DJ Qbert",1998-11-24,260293,20,false,,2021-12-03T03:27:44Z,"plunderphonics","Galactic Butt Hair Records",0.754,0.739,1,-9.19,1,0.801,0.152,0.0142,0.738,0.474,74.092,4
spotify:track:3FjGJcFislm84BQXafLvBG,"Inner Space Dental Commander (feat. Buckethead & Mix Master Mike)","Wave Twisters, Episode 7 Million: Sonic Wars Within the Protons","DJ Qbert;Buckethead;Mix Master Mike",1998-11-24,179640,23,false,,2021-12-03T03:27:41Z,"plunderphonics","Galactic Butt Hair Records",0.686,0.793,8,-9.392,0,0.17,0.00401,0.758,0.117,0.587,176.131,4
spotify:track:04ggJd1SJG9Yg9KjY3opwF,"Enter the Wave Twisters (feat. Yogafrog)","Wave Twisters, Episode 7 Million: Sonic Wars Within the Protons","DJ Qbert;Yogafrog",1998-11-24,14226,0,false,,2021-12-03T03:27:37Z,"plunderphonics","Galactic Butt Hair Records",0,0.75,1,-8.999,1,0,0.603,0.00125,0.921,0,0,0
spotify:track:6R5sv9tTpaBnIfOxK72Yrv,"A Word from Fresh Breath Mouthwash","Wave Twisters, Episode 7 Million: Sonic Wars Within the Protons","DJ Qbert",1998-11-24,22173,0,false,,2021-12-03T03:27:34Z,"plunderphonics","Galactic Butt Hair Records",0.857,0.751,10,-10.374,0,0.548,0.589,0.031,0.129,0.946,88.423,4
spotify:track:4cjNZgI3zASW7fTT8R2XEN,"Turntable TV (Re-Vizion)","Wave Twisters, Episode 7 Million: Sonic Wars Within the Protons","DJ Qbert",1998-11-24,94760,22,false,,2021-12-03T03:27:31Z,"plunderphonics","Galactic Butt Hair Records",0.831,0.867,1,-7.274,1,0.278,0.0363,0.837,0.415,0.71,157.937,4
spotify:track:4fouWK6XVHhzl78KzQ1UjL,"abcdefu","abcdefu","GAYLE",2021-08-13,168601,68,true,,2021-12-01T04:20:07Z,"","Atlantic/Arthouse Records",0.695,0.54,4,-5.692,1,0.0493,0.299,0,0.367,0.415,121.932,4
spotify:track:7CC6UbCs4iGsePSzFxYxNn,"Moon","Donda","Kanye West",2021-08-29,156091,73,false,,2021-11-30T17:43:50Z,"rap","Rock The World/IDJ/Kanye LP7",0.319,0.236,5,-9.644,1,0.0318,0.898,0.0000162,0.272,0.254,162.351,4
spotify:track:6Q9RFB7ovBXW8zi2CAxi76,"Spotlight","Spotlight","Emily Glazener",2021-11-15,168386,0,false,,2021-11-25T06:22:39Z,"","mx-pro records",0.47,0.766,11,-6.679,1,0.048,0.214,0,0.334,0.558,154.001,3
spotify:track:1NrbnHlR2BFREcyWXHIHip,"When I'm Sixty Four - Remastered 2009","Sgt. Pepper's Lonely Hearts Club Band (Remastered)","The Beatles",1967-06-01,157666,63,false,,2021-11-25T06:22:33Z,"classic rock,psychedelic rock","EMI Catalogue",0.704,0.241,1,-13.258,1,0.0476,0.625,0.000028,0.0868,0.661,140.411,4
spotify:track:62vpWI1CHwFy7tMIcSStl8,"No Role Modelz","2014 Forest Hills Drive","J. Cole",2014-12-09,292986,12,true,,2021-11-22T03:40:05Z,"rap","Roc Nation/Columbia",0.692,0.521,10,-8.465,0,0.33,0.301,0,0.0565,0.463,100.45,4
spotify:track:6RNDeRnWsRMjPdNVgupZCs,"I Just Called To Say I Love You","At The Close Of A Century","Stevie Wonder",1999-11-23,262240,82,false,,2021-11-21T00:30:47Z,"motown,classic soul,soul","UNI/MOTOWN",0.748,0.551,1,-9.054,1,0.0239,0.243,0.00000157,0.0943,0.65,113.535,4
spotify:track:2W8J9Gfw5q8tSvsuWSnMBl,"I Just Called To Say I Love You - Single Version","The Definitive Collection","Stevie Wonder",2002-10-29,262360,58,false,,2021-11-21T00:30:45Z,"motown,classic soul,soul","UNI/MOTOWN",0.743,0.546,1,-9.088,1,0.0237,0.213,0,0.0837,0.673,113.553,4
spotify:track:0y8zZOu4u6NmoW7u1jEQzo,"London's Burning - Remastered","The Clash (Remastered)","The Clash",1977,131259,47,false,,2021-11-20T19:55:39Z,"punk","Sony Music UK",0.556,0.822,7,-6.082,1,0.123,0.0458,0.00134,0.101,0.792,147.282,4
spotify:track:228BxWXUYQPJrJYHDLOHkj,"Gasolina","Barrio Fino (Bonus Track Version)","Daddy Yankee",2004-07-13,192600,15,false,,2021-11-20T18:47:48Z,"reggaeton,latin","Gasolina Recording Co.",0.852,0.797,0,-6.543,1,0.0614,0.322,0.00000269,0.0845,0.741,96.008,4
spotify:track:3yNZ5r3LKfdmjoS3gkhUCT,"bad guy (with Justin Bieber)","bad guy (with Justin Bieber)","Billie Eilish;Justin Bieber",2019-07-11,194839,66,false,,2021-11-20T17:59:10Z,"","Darkroom/Interscope Records",0.67,0.453,0,-11.265,1,0.295,0.252,0.33,0.117,0.68,135.055,4
spotify:track:2Fxmhks0bxGSBdJ92vM42m,"bad guy","WHEN WE ALL FALL ASLEEP, WHERE DO WE GO?","Billie Eilish",2019-03-29,194087,85,false,,2021-11-20T17:59:09Z,"","Darkroom/Interscope Records",0.701,0.425,7,-10.965,1,0.375,0.328,0.13,0.1,0.562,135.128,4
spotify:track:7qM1BWAsZMTYh4BcYLb0uQ,"Already Dead","Already Dead","Juice WRLD",2021-11-12,231010,0,true,,2021-11-20T06:57:19Z,"melodic rap,emo rap","Grade A Productions/Interscope Records",0.74,0.501,1,-6.339,1,0.0592,0.019,0,0.114,0.119,83.5,4
spotify:track:6UelLqGlWMcVH1E5c4H7lY,"Watermelon Sugar","Fine Line","Harry Styles",2019-12-13,173991,90,false,,2021-11-15T16:06:50Z,"","Columbia",0.548,0.816,0,-4.209,1,0.0465,0.122,0,0.335,0.557,95.39,4
spotify:track:7ef4DlsgrMEH11cDZd32M6,"One Kiss (with Dua Lipa)","One Kiss (with Dua Lipa)","Calvin Harris;Dua Lipa",2018-04-06,214846,84,false,,2021-11-10T18:06:23Z,"edm,pop","Sony Music UK",0.791,0.862,9,-3.24,0,0.11,0.037,0.0000219,0.0814,0.592,123.994,4
spotify:track:0Q0IVlqMV64kNLlwjPj0Hl,"Killing Me Softly With His Song","The Score (Expanded Edition)","Fugees;Ms. Lauryn Hill",1996-02-13,298666,85,true,,2021-11-10T17:39:27Z,"east coast hip hop,neo soul","Columbia",0.765,0.289,4,-17.125,0,0.147,0.0268,0.00000177,0.562,0.501,92.413,4
spotify:track:06DXY54AP9A7PysqFf6hk4,"Nicotine","Messy Mind","Unlike Pluto;Joanna Jones",2020-08-19,242553,33,false,,2021-11-10T17:38:47Z,"musicals","Unlike Pluto",0.467,0.502,3,-6.362,0,0.0253,0.715,0,0.0832,0.218,94.081,4
spotify:track:0C9g70hdhr7W3HCs3ITUYz,"No Scrubs","No Scrubs","Unlike Pluto feat. Joanna Jones",1999,201600,0,false,,2021-11-10T17:32:04Z,"","Lowly Palace LLC",0.458,0.778,1,-4.831,0,0.279,0.164,0,0.315,0.312,72.55,4
spotify:track:5EjozPMy3zGQ5wsX3jxax3,"8 Legged Dreams","Messy Mind","Unlike Pluto",2020-08-19,207966,50,false,,2021-11-10T17:26:36Z,"","Unlike Pluto",0.731,0.627,7,-7.278,0,0.0387,0.176,0.00000462,0.321,0.352,117.969,4
spotify:track:6TdbYlOHbgBKApNWkfkcLu,"Kaancepts 2","1 / 12 / 199?","K.A.A.N.",2015-09-22,320757,24,true,,2021-11-09T21:01:11Z,"","K.a.a.n.",0.648,0.89,1,-6.715,1,0.215,0.566,0,0.341,0.772,180.132,4
spotify:track:7gDwRzJhLs0fFHaGtMDJVM,"Baby Blue (feat. Chance the Rapper)","Mr. Wonderful","Action Bronson;Chance the Rapper",2015-03-23,280160,63,true,,2021-11-07T14:57:50Z,"east coast hip hop","Vice Records/Atlantic",0.828,0.487,6,-6.142,0,0.0343,0.247,0.0000186,0.136,0.761,85.027,4
spotify:track:6m59VvDUi0UQsB2eZ9wVbH,"Poison","Poison","Bell Biv DeVoe",1990-01-01,261853,81,false,,2021-11-05T21:56:11Z,"new jack swing","Geffen",0.84,0.56,6,-10.53,0,0.21,0.00195,0.00417,0.633,0.775,111.815,4
spotify:track:1a4qQq30AC5gPLEY7m001V,"You Know I'm A Ho","The Players Club Music From and Inspired by the Motion Picture","Various Artists;Maspter P. and Ice Cube",1998,257123,37,false,,2021-11-05T21:31:24Z,"","101 Distribution",0.846,0.802,7,-5.2,1,0.254,0.00168,0,0.247,0.631,85.055,4
spotify:track:39lSeqnyjZJejRuaREfyLL,"Hungry Like the Wolf - 2009 Remaster","Rio (Collector's Edition)","Duran Duran",1982-05-10,220626,80,false,,2021-11-05T21:12:03Z,"new wave,synthpop","Parlophone UK",0.691,0.812,0,-7.772,1,0.0558,0.0433,0.00000116,0.299,0.685,127.568,4
spotify:track:43eBgYRTmu5BJnCJDBU5Hb,"Rio - 2009 Remaster","Rio (Collector's Edition)","Duran Duran",1982-05-10,337333,69,false,,2021-11-05T21:12:02Z,"new wave,synthpop","Parlophone UK",0.544,0.873,9,-7.425,1,0.0525,0.0415,0.0000182,0.0925,0.676,140.902,4
spotify:track:79wnZenDjYupQIDHLtHRue,"Sunrise","Camp","Childish Gambino",2011-11-15,219840,0,true,,2021-11-05T17:05:18Z,"","Glassnote Entertainment Group LLC",0.546,0.695,7,-6.374,1,0.0454,0.011,0,0.0713,0.182,79.932,4
spotify:track:7DFawVSjI88xR9mjnWwURg,"If You Don't Know Me by Now - 2008 Remaster","A New Flame (Expanded Version)","Simply Red",1989,204000,78,false,,2021-11-05T17:00:47Z,"soft rock","Rhino/Elektra",0.638,0.352,10,-9.266,1,0.0268,0.492,0,0.105,0.204,94.173,3
spotify:track:5QJSD5GQOq72OmwLV5IHUV,"Stars","Stars (Expanded Version)","Simply Red",1991,248599,44,false,,2021-11-05T17:00:45Z,"soft rock","Rhino/Elektra",0.716,0.818,7,-7.456,1,0.0256,0.154,0.000806,0.236,0.817,103.668,4
spotify:track:2yzPBlE5UXK2sqvnNM9QQ0,"West End Girls - 2001 Remaster","Please","Pet Shop Boys",1986-03-24,285733,3,false,,2021-11-05T16:59:27Z,"synthpop,new wave","Parlophone UK",0.651,0.949,4,-6.566,0,0.0403,0.00737,0.125,0.286,0.61,113.257,4
spotify:track:7B22szTT8omMRmpQw6DMqV,"Kokomo","Made In California","The Beach Boys",2013-01-01,217786,61,false,,2021-11-05T16:53:33Z,"baroque pop","Capitol Records (CAP)",0.684,0.575,0,-11.857,1,0.0362,0.00897,0,0.125,0.934,115.58,4
spotify:track:1taGkdO3DQsNRIQrarhVvc,"Puttin' on the Ritz","After Eight","Taco",1982-01-01,281160,64,false,,2021-11-05T16:52:17Z,"electro swing","Aviator-Entertainment",0.798,0.292,0,-17.112,1,0.0777,0.152,0.00101,0.185,0.812,98.653,4
spotify:track:5rb9QrpfcKFHM1EUbSIurX,"Yeah! (feat. Lil Jon & Ludacris)","Confessions (Expanded Edition)","USHER;Lil Jon;Ludacris",2004-03-23,250373,90,false,,2021-11-05T16:40:32Z,"r&b,crunk,southern hip hop","LaFace Records",0.894,0.791,2,-4.699,1,0.112,0.0183,0,0.0388,0.583,105.018,4
spotify:track:7t3qBNw37k2P2OmgK0MilM,"Puttin' on the Ritz","The Complete London Sessions","Fred Astaire",1999-04-19,157093,51,false,,2021-11-05T16:35:50Z,"big band,swing music,adult standards","Parlophone UK",0.817,0.437,6,-14.623,1,0.113,0.901,0.1,0.144,0.787,107.094,4
spotify:track:0snPJPxkk0MbTc0xeUvAPt,"Dancing On The Ceiling","Dancing On The Ceiling (Expanded Edition)","Lionel Richie",1986,270720,71,false,,2021-11-05T16:35:33Z,"motown","UNI/MOTOWN",0.698,0.774,0,-8.642,1,0.048,0.12,0.00000226,0.394,0.731,133.197,4
spotify:track:1wHjzlDCHmfG13zNmy9bxa,"Apollonia","The Godfather (Music From The Original Motion Picture Soundtrack)","Nino Rota;Carlo Savina",1972-04-01,81173,51,false,,2021-10-29T15:52:01Z,"","Geffen*",0.387,0.152,2,-22.195,0,0.0375,0.971,0.892,0.131,0.18,99.556,3
spotify:track:0725YWm6Z0TpZ6wrNk64Eb,"Super Rich Kids","channel ORANGE","Frank Ocean;Earl Sweatshirt",2012-07-10,304760,80,true,,2021-10-28T18:56:46Z,"experimental hip hop,alternative hip hop","Red Zone Entertainment / IDJ",0.739,0.419,3,-8.241,0,0.0854,0.219,0,0.196,0.58,60.493,4
spotify:track:6JH9yWhgbm0y9iAJhCslNc,"Handlebars","Fight With Tools","Flobots",2008-01-01,206813,67,false,,2021-10-28T18:08:22Z,"","Flobots/Republic Records",0.704,0.571,5,-7.136,1,0.0969,0.0222,0,0.101,0.524,141.888,4
spotify:track:2YkIDPL5lGhRhomCq4S2RO,"My Way - 2008 Remastered","Nothing But The Best (2008 Remastered)","Frank Sinatra",2008-05-13,276253,75,false,,2021-10-23T22:31:26Z,"christmas,big band,adult standards,swing music,jazz,vocal jazz","FRANK SINATRA DIGITAL REPRISE",0.278,0.43,2,-8.692,1,0.0313,0.354,0,0.145,0.24,151.007,4
spotify:track:6LgJvl0Xdtc73RJ1mmpotq,"Paranoid Android","OK Computer","Radiohead",1997-05-28,387213,76,false,,2021-10-08T12:17:21Z,"art rock,alternative rock","XL Recordings",0.251,0.848,5,-6.501,1,0.0579,0.0377,0.00591,0.0545,0.207,163.709,4
spotify:track:0A37hzzqwErpPGKF0Qvq2J,"Preparing For Call (From ""Euphoria: Season 1"" Soundtrack)","Euphoria (Original Score from the HBO Series)","Labrinth",2019-10-04,28608,11,false,,2021-10-08T02:04:17Z,"","Masterworks",0.679,0.493,2,-14.792,1,0.078,0.0551,0.763,0.145,0.288,144.983,4
spotify:track:6EtKlIQmGPB9SX8UjDJG5s,"Formula (From ""Euphoria: Season 1"" Soundtrack)","Euphoria (Original Score from the HBO Series)","Labrinth",2019-10-04,91869,80,false,,2021-10-08T02:04:14Z,"","Masterworks",0.574,0.664,11,-6.068,1,0.0409,0.0448,0.0553,0.146,0.226,144.654,4
spotify:track:2TzwPoIbAE6g70DBsvUGSt,"New Girl (From ""Euphoria: Season 1"" Soundtrack)","Euphoria (Original Score from the HBO Series)","Labrinth",2019-10-04,62775,48,false,,2021-10-08T02:04:13Z,"","Masterworks",0.668,0.0817,4,-20.564,1,0.0615,0.982,0.878,0.0775,0.127,80.746,3
spotify:track:3RUExMrrqsHIK0iAuAFPia,"Bring It On","The Substitute Soundtrack","Organized Konfusion",1996-04-09,258506,0,true,,2021-10-08T01:36:36Z,"east coast hip hop,jazz rap,boom bap","Grimey Records",0.782,0.749,6,-6.617,1,0.165,0.456,0.00000609,0.13,0.364,83.541,4
spotify:track:4v20N4W83XDJORt7WCedII,"GLOWED UP","99.9%","KAYTRANADA;Anderson .Paak",2016-05-06,298026,53,true,,2021-10-08T01:17:40Z,"","XL Recordings",0.678,0.62,1,-10.024,1,0.321,0.036,0.00557,0.138,0.433,135.553,4
spotify:track:2vfPsGhqMbqmhjMGQ52dYf,"Locket","Locket","Crumb",2017-06-23,318378,66,false,,2021-10-08T01:13:15Z,"neo-psychedelic,bedroom pop","Crumb Records",0.393,0.481,1,-10.458,1,0.0273,0.759,0.725,0.0869,0.0773,98.463,4
spotify:track:00GOPLxW4PGQuUYdPJh8K1,"IV. Sweatpants","Because the Internet","Childish Gambino",2013-12-10,180675,1,true,,2021-10-08T01:10:13Z,"","Glassnote Entertainment Group LLC",0.71,0.47,1,-9.33,0,0.142,0.154,0,0.643,0.581,80.027,4
spotify:track:0P6USuYzHP8GdAyNKLkTZi,"#1 Crush","Absolute Garbage","Garbage",2007-01-01,285106,48,false,,2021-10-07T11:17:19Z,"","Almo/Geffen",0.635,0.647,7,-7.055,0,0.0235,0.000256,0.00132,0.358,0.464,94.196,4
spotify:track:1w7aWiib4kZ7vF34RHVPhE,"One Spliff A Day","One Spliff A Day","Billy Boyo",2019-08-23,189235,45,false,,2021-10-07T05:29:15Z,"reggae,dub,roots reggae,ragga,rocksteady","17 North Parade",0.858,0.381,6,-10.092,0,0.359,0.0356,0,0.255,0.763,130.094,4
spotify:track:6p0fbKX1AJSKC0fbJdGP9k,"Ain't No Stopping Nancy","One Two","Sister Nancy",1982,199480,0,false,,2021-10-07T05:23:24Z,"reggae,ragga,rocksteady","Techniques",0.759,0.53,8,-8.023,1,0.418,0.447,0.0113,0.0794,0.596,78.354,4
spotify:track:4RVwu0g32PAqgUiJoXsdF8,"Happier Than Ever","Happier Than Ever","Billie Eilish",2021-07-30,298899,87,true,,2021-09-06T00:55:29Z,"","Darkroom/Interscope Records",0.332,0.225,0,-8.697,1,0.0348,0.767,0.00349,0.128,0.297,81.055,3
spotify:track:4qu63nuBpdn0qHUHuObEj1,"Leave Before You Love Me (with Jonas Brothers)","Leave Before You Love Me","Marshmello;Jonas Brothers",2021-05-21,154983,85,false,,2021-09-01T22:36:57Z,"edm","Republic Records",0.721,0.738,7,-4.77,1,0.0403,0.00226,0.00000441,0.118,0.637,119.976,4
spotify:track:0RRm4OS5ymfZryXBuj0G2m,"Twerk (feat. Cardi B)","Girl Code","City Girls;Cardi B",2018-11-16,166476,66,true,,2021-08-28T06:30:26Z,"","Quality Control Music/Motown Records",0.788,0.841,4,-4.006,0,0.143,0.122,0.00112,0.166,0.48,190.083,4
spotify:track:2Ty7EDf9XLYzEUqEIwJfDC,"Twerkulator","Twerkulator","City Girls",2021-05-21,138541,61,true,,2021-08-28T06:30:14Z,"","Quality Control Music/Motown Records",0.895,0.469,1,-5.882,1,0.0661,0.0012,0.0000456,0.192,0.076,126.917,4
spotify:track:3ytFnsslE65smc1yCFw6FB,"Blurry Eyes","Clicked Singles Best 13","L'Arc-en-Ciel",2001-03-14,260600,0,false,,2021-08-23T07:49:26Z,"visual kei,j-rock,anime,j-pop","Sony Music Labels Inc.",0.474,0.883,2,-4.808,1,0.036,0.00227,0.0000188,0.126,0.567,96.135,4
spotify:track:67Z74ioeS28VAH3dVFcLDF,"American Wedding","Super Taranta!","Gogol Bordello",2007-07-10,217800,0,false,,2021-08-17T12:25:02Z,"folk punk","SideOneDummy Records",0.527,0.869,2,-3.142,1,0.117,0.0718,0.00057,0.0273,0.708,122.649,4
spotify:track:3g810mk3CoE2PyfgCTUfch,"Mishto","Gypsy Punks: Underdog World Strike","Gogol Bordello",2005-08-23,411040,0,false,,2021-08-17T12:24:59Z,"folk punk","SideOneDummy Records",0.513,0.732,9,-6.43,0,0.0434,0.00384,0.00324,0.104,0.802,115.061,4
spotify:track:2yn7MpYBdqhNSnN6lQCLaa,"Start Wearing Purple","Gypsy Punks: Underdog World Strike","Gogol Bordello",2005-08-23,222506,0,false,,2021-08-17T12:24:57Z,"folk punk","SideOneDummy Records",0.622,0.77,9,-3.878,1,0.048,0.197,0,0.101,0.818,98.211,4
spotify:track:2dJWClJj5lz9XF5ipVylNX,"Wonderlust King","Super Taranta!","Gogol Bordello",2007-07-10,238040,0,false,,2021-08-17T12:24:52Z,"folk punk","SideOneDummy Records",0.577,0.904,2,-4.517,1,0.167,0.0195,0,0.0826,0.588,135.006,4
spotify:track:2cGxRwrMyEAp8dEbuZaVv6,"Instant Crush (feat. Julian Casablancas)","Random Access Memories","Daft Punk;Julian Casablancas",2013-05-20,337560,81,false,,2021-08-15T04:10:59Z,"french house,electronic,electro","Columbia",0.775,0.585,10,-9.516,0,0.0271,0.0422,0.619,0.077,0.518,109.942,4
spotify:track:4kUZvXB3LC3an3HX6h0s17,"Cudi Montage","KIDS SEE GHOSTS","KIDS SEE GHOSTS",2018-06-08,197000,64,true,,2021-08-11T07:17:15Z,"","Getting Out Our Dreams, Inc./Def Jam Recordings",0.729,0.504,8,-6.784,0,0.0321,0.401,0.00000144,0.121,0.305,110.011,4
spotify:track:0G6ExlA2fcJIDGoayswUNT,"All Bad","The Never Story","JID;Mereba",2017-03-10,291760,54,true,,2021-08-11T07:17:12Z,"alternative r&b","J. Cole/ DreamVille",0.538,0.238,11,-14.541,1,0.316,0.854,0.0485,0.11,0.506,78.777,1
spotify:track:5SkRLpaGtvYPhw02vZhQQ9,"All Falls Down","The College Dropout","Kanye West;Syleena Johnson",2004-02-10,223506,87,true,,2021-08-11T07:17:08Z,"rap,neo soul","Roc-A-Fella",0.657,0.734,8,-4.832,0,0.484,0.149,0,0.139,0.434,91.03,4
spotify:track:0paIDUEcixm7WmcC72KgKZ,"Company","Heaven Or Hell","Don Toliver",2020-03-13,204718,59,true,,2021-08-11T07:17:04Z,"","We Run It Ent./Cactus Jack/Atlantic",0.501,0.329,9,-10.978,0,0.0447,0.828,0.000361,0.171,0.4,75.013,4
spotify:track:0mCVNGC4Vvb6gDDQrDpaRh,"Les","Camp","Childish Gambino",2011-11-15,317293,3,true,,2021-08-11T07:17:00Z,"","Glassnote Entertainment Group LLC",0.524,0.674,1,-7.038,0,0.0895,0.00654,0.000093,0.221,0.128,102.901,4
spotify:track:6cZPfzVtkicrA3CyjqYKhu,"Baby","Ashanti","Ashanti",2002-01-01,265706,64,true,,2021-08-05T05:59:13Z,"r&b","I.G. Records, Inc./Universal Records",0.567,0.58,4,-5.757,0,0.223,0.0084,0.00000537,0.0342,0.46,157.596,4
spotify:track:5IMtdHjJ1OtkxbGe4zfUxQ,"Escape (The Pina Colada Song)","Partners In Crime","Rupert Holmes",1979-01-01,276493,81,false,,2021-08-04T00:40:53Z,"yacht rock","Geffen*",0.835,0.509,0,-13.668,1,0.0548,0.469,0.00000411,0.0436,0.949,138.711,4
spotify:track:4jVBIpuOiMj1crqd8LoCrJ,"FRANCHISE (feat. Young Thug & M.I.A.)","FRANCHISE (feat. Young Thug & M.I.A.)","Travis Scott;Young Thug;M.I.A.",2020-09-25,202794,75,true,,2021-08-02T21:31:27Z,"rap,melodic rap,trap","Cactus Jack/Epic",0.835,0.699,8,-5.405,0,0.277,0.00671,0,0.195,0.547,154.981,4
spotify:track:5e5MKPtJuFb8NaeSEyV5gD,"Say You Will","808s & Heartbreak","Kanye West",2008-11-24,377600,63,false,,2021-07-03T02:33:38Z,"rap","Roc-A-Fella",0.603,0.401,0,-10.155,0,0.0306,0.542,0.225,0.103,0.347,172.633,4
spotify:track:4Wtk0YYWUcx1JYicaq5Jd0,"It's All About Me","Mya","Mýa;Sisqo",1998-01-01,264933,56,true,,2021-07-03T01:06:58Z,"","Interscope",0.812,0.5,2,-6.842,1,0.084,0.209,0,0.174,0.521,137.041,4
spotify:track:7GQqj9jRtDkMp8zByehXQI,"Lady Marmalade - From ""Moulin Rouge"" Soundtrack","Moulin Rouge","Christina Aguilera;Lil' Kim;Mýa;P!nk",2001-01-01,264846,59,false,,2021-07-03T01:06:55Z,"east coast hip hop","Moulin Rouge / Interscope",0.756,0.808,5,-3.655,1,0.0541,0.0175,0.00000367,0.66,0.638,109.902,4
spotify:track:4LmzPJDil70LpiApWfOI6O,"Milkshake","The Hits","Kelis",2008,182813,65,false,,2021-07-01T15:54:30Z,"","Jive/Legacy",0.887,0.774,1,-6.108,1,0.0434,0.00933,0.0213,0.159,0.826,113,4
spotify:track:3n1HsYVwX6qMvihf5uZDKs,"Bad Girl","Bad Girl","Daya",2021-02-04,186569,0,false,,2021-07-01T15:48:01Z,"","Sandlot Records",0.682,0.694,2,-5.866,0,0.0391,0.232,0.000015,0.0736,0.237,101.983,4
spotify:track:0RBTh27JSUmyBReQURowAd,"La Copa de la Vida (La Cancion Oficial de la Copa Mundial, Francia '98) - Spanish","Vuelve","Ricky Martin",1998-02-17,268106,0,false,,2021-06-30T16:53:00Z,"latin pop","Columbia",0.648,0.93,8,-4.468,1,0.114,0.0836,0,0.422,0.452,120.061,4
spotify:track:0RlsFYqkOzlg4ZxVQs9YJA,"Lay Wit Ya (feat. Duke Deuce)","Lay Wit Ya (feat. Duke Deuce)","Isaiah Rashad;Duke Deuce",2021-05-07,202331,43,true,,2021-06-28T10:53:40Z,"","Top Dawg Entertainment/Warner Records",0.913,0.861,1,-7.36,1,0.204,0.0332,0.00000426,0.766,0.969,140.003,4
spotify:track:2CsnpBAB8VQMTyPuws57ao,"Huit octobre 1971","Troupeau bleu","Cortex",1975-07-15,266040,62,false,,2021-06-28T10:37:03Z,"jazz fusion,jazz funk","Sonodisc",0.512,0.661,2,-10.514,1,0.0683,0.219,0.855,0.155,0.778,82.006,4
spotify:track:12OkZyDWNBLUqoReoseGrc,"Rhymes Like Dimes","Operation: Doomsday (Complete)","MF DOOM;DJ Cucumber Slice",1999-04-20,258613,1,true,,2021-06-28T10:17:05Z,"experimental hip hop,east coast hip hop,jazz rap,alternative hip hop","Metalface",0.644,0.751,0,-5.652,1,0.268,0.662,0,0.17,0.759,99.948,4
spotify:track:1R28m5eWk1EV9FQ3puWrUp,"Fazers","Take Me To Your Leader","King Geedorah",2003-06-17,197133,63,true,,2021-06-28T09:33:15Z,"jazz rap,alternative hip hop,experimental hip hop","Big Dada",0.425,0.965,2,-2.011,1,0.166,0.0105,0.0000101,0.234,0.718,90.564,4
spotify:track:2G90KzHn8ynh7Ai48hPJoR,"FIX URSELF!","FIX URSELF!","JPEGMAFIA",2021-01-29,216913,27,true,,2021-06-28T09:02:12Z,"experimental hip hop,alternative hip hop,experimental","Universal Records",0.528,0.627,7,-5.267,0,0.0631,0.224,0.0000043,0.176,0.395,143.617,4
spotify:track:7dFGkZbmm6cVlI28bfMaWE,"Righteous Minds","1999","Joey Bada$$",2012-06-12,224042,70,true,,2021-06-28T08:34:56Z,"hip hop,jazz rap,rap","PRO ERA / EMPIRE",0.809,0.638,8,-5.646,0,0.28,0.262,0,0.453,0.608,94.893,4
spotify:track:2f9WOEkbisyUYDaoSFAOQg,"Ramsey","Du-Rag Dreams","Seafood Sam",2018-02-19,121008,47,true,,2021-06-28T08:25:05Z,"jazz rap,underground hip hop","Rules Follow Us",0.554,0.688,1,-9.333,0,0.073,0.392,0,0.302,0.746,78.655,4
spotify:track:3XAFrOZbJYdMaHGP4qutqs,"Some","Steve Lacy's Demo","Steve Lacy",2017-02-24,180695,0,false,,2021-06-28T08:19:06Z,"","Three Quarter",0.51,0.666,4,-7.474,0,0.0638,0.0248,0.058,0.0758,0.106,103.584,4
spotify:track:7EJx2ZHE39WIfNFhqoV2gV,"Seasons Change","Yessir Whatever","Quasimoto;Madlib",2013-06-18,171893,43,true,,2021-06-28T08:00:20Z,"experimental hip hop,alternative hip hop,jazz rap,underground hip hop,plunderphonics","Stones Throw Records",0.545,0.684,9,-7.683,1,0.168,0.483,0.0000523,0.237,0.669,80.612,4
spotify:track:7sij1RXUTjEBZEkGGtWgxR,"Popeye","Being You Is Great, I Wish I Could Be You More Often","Quelle Chris;I, Ced;Mndsgn",2017-02-10,213000,0,true,,2021-06-28T07:51:39Z,"experimental hip hop,alternative hip hop","Mello Music Group",0.287,0.769,11,-4.853,1,0.122,0.17,0.000087,0.146,0.44,78.042,4
spotify:track:4NTWZqvfQTlOMitlVn6tew,"The Show Goes On","Lasers","Lupe Fiasco",2011-03-04,239613,78,true,,2021-06-24T16:21:32Z,"","1st & 15th/Atlantic",0.591,0.889,7,-3.839,1,0.115,0.0189,0,0.155,0.65,143.067,4
spotify:track:50M2QjfSM82wkJ1d0iV4mh,"Daydreamin' (feat. Jill Scott)","Lupe Fiasco's Food & Liquor","Lupe Fiasco;Jill Scott",2006-09-18,234306,72,true,,2021-06-24T16:21:28Z,"neo soul","Atlantic Records",0.533,0.739,5,-3.573,0,0.0602,0.029,0,0.266,0.617,81.37,4
spotify:track:7dltD9eEX7X1zk8JJ9BS0e,"Superstar (feat. Matthew Santos)","Lupe Fiasco's The Cool","Lupe Fiasco;Matthew Santos",2007-01-01,289000,83,false,,2021-06-24T16:21:24Z,"","1st & 15th/Atlantic",0.572,0.822,11,-6.015,0,0.361,0.207,0,0.359,0.472,94.812,4
spotify:track:791YTMSeD7SPGWHLIe61ew,"Brenda's Got A Baby","2Pacalypse Now","2Pac",1991-11-12,233466,55,true,,2021-06-16T21:23:01Z,"old school hip hop,gangster rap,west coast hip hop,g-funk,hip hop","Interscope",0.67,0.496,5,-14.029,0,0.0907,0.0275,0,0.104,0.713,166.758,4
spotify:track:3ZTuYuaV1fhdNnuIBuzTYy,"Nour El Ein","Nour El Ein","Amr Diab",1996-01-01,307762,68,false,,2021-06-07T13:28:09Z,"egyptian pop,khaleeji","Global",0.747,0.658,8,-12.339,1,0.0784,0.265,0.00000398,0.0379,0.772,100.066,4
spotify:track:0BlNkCzdgYi9eJXwnYUho9,"I Want to Conquer the World","No Control","Bad Religion",1989,137840,58,false,,2021-06-07T09:52:53Z,"punk,skate punk,hardcore punk,melodic hardcore,ska punk,ska","Epitaph",0.331,0.99,9,-3.27,1,0.146,0.0037,0,0.118,0.527,155.687,4
spotify:track:0lqr8IPafMhrdBUqFyB1tg,"21st Century Schizoid Man","Under Cover","Ozzy Osbourne",2005-11-01,233386,32,false,,2021-06-07T09:44:26Z,"metal,glam metal,heavy metal,hard rock","Epic/Legacy",0.261,0.801,1,-4.145,1,0.0844,0.00148,0.00845,0.309,0.486,110.513,4
spotify:track:5L7VBYoosmkmiiDlzumdCe,"21st Century Schizoid Man - Including ""Mirrors""","In The Court Of The Crimson King (Expanded & Remastered Original Album Mix)","King Crimson",1969-10-10,442580,0,false,,2021-06-07T09:38:34Z,"progressive rock,art rock,psychedelic rock","Discipline Global Mobile",0.306,0.701,7,-9.914,0,0.0647,0.000398,0.592,0.197,0.555,92.646,3
spotify:track:7C794YeXiiSdlvGLxgabkd,"21st Century (Digital Boy)","Against The Grain","Bad Religion",1990,169013,63,false,,2021-06-07T09:38:31Z,"punk,skate punk,hardcore punk,melodic hardcore,ska punk,ska","Epitaph",0.447,0.979,5,-3.742,1,0.0565,0.0000671,0,0.316,0.633,133.685,4
spotify:track:0z1o5L7HJx562xZSATcIpY,"Exit Music (For A Film)","OK Computer","Radiohead",1997-05-28,267186,83,false,,2021-06-07T09:38:08Z,"art rock,alternative rock","XL Recordings",0.293,0.276,4,-11.357,0,0.0349,0.224,0.122,0.167,0.195,121.603,4
spotify:track:1vBpwxsLVwaR4evBIaFmqD,"Drinkin' Problem","On The Rocks","Midland",2017-09-22,220800,82,false,,2021-06-06T19:01:41Z,"country,honky tonk","Big Machine Records, LLC",0.622,0.763,9,-6.4,1,0.0263,0.055,0.00000891,0.313,0.621,102,4
spotify:track:0b5XsTT3LYmubI6t8BFVZ1,"Take This Bottle","King for a Day, Fool for a Lifetime","Faith No More",1995-04-25,299133,43,false,,2021-06-05T17:04:44Z,"funk rock,alternative metal,rap metal,grunge","WM UK",0.589,0.563,7,-9.446,1,0.0284,0.0386,0.00425,0.212,0.341,108.622,4
spotify:track:3OcH4kEBdtL8cjlR4jLa0G,"Das Schutzenfest","Angel Dust (Deluxe Edition)","Faith No More",1992,179253,30,false,,2021-06-05T17:01:42Z,"funk rock,alternative metal,rap metal,grunge","WM UK",0.677,0.808,0,-7.062,1,0.0367,0.0142,0.031,0.174,0.961,130.401,4
spotify:track:6rPO02ozF3bM7NnOV4h6s2,"Despacito - Remix","Despacito Feat. Justin Bieber (Remix)","Luis Fonsi;Daddy Yankee;Justin Bieber",2017-04-17,228826,77,false,,2021-06-04T15:48:22Z,"latin,reggaeton","Republic/UMLE",0.653,0.816,2,-4.353,1,0.167,0.228,0,0.0967,0.816,178.085,4
spotify:track:1eajy6fnktZk1rLVYWXr2P,"Shedding Skin","Far Beyond Driven","Pantera",1994,336800,58,true,,2021-06-02T03:42:06Z,"groove metal,metal,thrash metal,heavy metal","Rhino/Elektra",0.34,0.967,4,-7.505,1,0.105,0.000377,0.351,0.156,0.407,108.325,4
spotify:track:1L2ZkXbRX00ZiaUDuMMgf7,"Floods","The Great Southern Trendkill","Pantera",1996-05-03,419893,74,true,,2021-06-02T03:41:27Z,"groove metal,metal,thrash metal,heavy metal","Rhino/Elektra",0.364,0.811,11,-7.237,1,0.0621,0.00268,0.0093,0.106,0.151,120.758,4
spotify:track:2RlgNHKcydI9sayD2Df2xp,"Mr. Blue Sky","Out of the Blue","Electric Light Orchestra",1977,303820,87,false,,2021-06-02T03:38:29Z,"art rock,soft rock","Epic/Legacy",0.388,0.338,10,-10.054,1,0.0329,0.652,0.00000373,0.248,0.478,177.765,4
spotify:track:5tBP7sZbnIKLPsKIMrHhpa,"Lonely Nights","Face The Heat","Scorpions",1993-09-21,487840,48,false,,2021-05-23T11:48:05Z,"hard rock,glam metal,rock","Island Mercury",0.442,0.556,9,-7.584,0,0.0636,0.0846,0.00000104,0.287,0.117,119.998,4
spotify:track:2ovD5JwItQasZDVBJgarfK,"Herr Mannelig","Guds Spelemän","Garmarna",1996-02-14,382426,0,false,,2021-05-22T11:45:48Z,"neofolk,medieval,celtic,folk metal,traditional folk,medieval metal","Massproduktion",0.452,0.309,7,-13.35,0,0.025,0.319,0.00066,0.119,0.0625,79.093,4
spotify:track:56fPqEznjcYV7v9aiRKmED,"Gilgamesh","The Epic of Gilgamesh","Tony Garone",2001-01-01,190106,4,false,,2021-05-22T11:42:23Z,"","Heliopolis Recordings",0.318,0.494,7,-8.39,1,0.0852,0.423,0.00000213,0.0881,0.284,71.767,4
spotify:track:5iRCFYfU71YToV9UssimKe,"Lyfjaberg","Lyfjaberg","Wardruna",2020-06-05,507455,0,false,,2021-05-22T11:33:56Z,"neofolk,celtic,ambient folk,medieval,folk metal,folk","By Norse Music",0.487,0.75,11,-6.863,0,0.0315,0.141,0.0989,0.427,0.303,80.983,4
spotify:track:4nP7apAeA6P6BmC4CiTUDW,"Bridget O'Malley","So Many Partings","Silly Wizard",1980-01-01,292066,17,false,,2021-05-22T11:32:25Z,"celtic,sea shanties,traditional folk,celtic rock,folk","Shanachie",0.299,0.057,2,-19.515,1,0.0343,0.899,0,0.316,0.141,82.537,3
spotify:track:5uKAG0VR8EzBWVIuoebAW5,"Community Property","Feel The Steel","Steel Panther",2009-01-01,218533,0,true,,2021-05-20T13:35:28Z,"glam metal,glam rock","Universal Records",0.438,0.689,3,-4.534,1,0.0302,0.0427,0,0.148,0.346,82.029,4
spotify:track:0vPkRB52RENZMpHybpFKYK,"Brand New Numb","Disguise","Motionless In White",2019-06-07,222461,64,true,,2021-05-17T16:37:08Z,"metalcore,metal","Roadrunner Records",0.566,0.886,0,-3.63,1,0.0902,0.000348,0,0.494,0.619,130.066,4
spotify:track:1mT7QoZBr3OWiqZPiYVSwd,"The Eagle has Landed","Feathers & Flesh","Avatar",2016-05-13,301677,0,false,,2021-05-17T16:36:47Z,"metal,melodic death metal,groove metal","eOne Music",0.456,0.942,2,-6.513,1,0.0672,0.000745,0.00162,0.304,0.319,170.217,4
spotify:track:6rbfsPyc6fpoDv1NEuHXyq,"Blood Hound","Get Rich Or Die Tryin'","50 Cent;Young Buck",2003-02-06,239986,50,true,,2021-05-09T13:40:08Z,"old school hip hop,east coast hip hop,southern hip hop,crunk","Shady Records",0.781,0.899,1,-2.247,1,0.244,0.0108,0,0.238,0.932,167.831,4
spotify:track:1bevrs76fdGW3y03R5q6GB,"Window Shopper","Window Shopper","50 Cent",2005-11-06,191813,73,true,,2021-05-09T11:03:56Z,"old school hip hop,east coast hip hop","G-Unit Records",0.539,0.672,5,-4.972,0,0.195,0.0626,0,0.388,0.384,174.148,4
spotify:track:37qcaCXw7TlBsDD5BgDoCf,"Start It Up","H.F.M. 2 (Hunger For More 2)","Lloyd Banks;Kanye West;Swizz Beatz;Fabolous;Ryan Leslie",2010-01-01,289520,50,true,,2021-05-09T10:39:49Z,"rap","Caroline Records",0.446,0.87,1,-4.683,1,0.318,0.0935,0,0.437,0.438,161.79,4
spotify:track:66TRwr5uJwPt15mfFkzhbi,"Crank That (Soulja Boy)","souljaboytellem.com","Soulja Boy",2007-01-01,221933,81,false,,2021-05-09T10:34:27Z,"","Collipark / Interscope",0.733,0.74,0,-2.18,1,0.0905,0.513,0,0.0468,0.799,140.2,4
spotify:track:2D1hlMwWWXpkc3CZJ5U351,"P.I.M.P.","Get Rich Or Die Tryin'","50 Cent",2003-02-06,249466,76,true,,2021-05-08T20:20:58Z,"old school hip hop,east coast hip hop","Shady Records",0.699,0.758,10,-3.012,0,0.342,0.0443,0.0000128,0.0401,0.889,78.705,4
spotify:track:0PtKcFAVywPk0BRKR0q1v6,"Do It","Loose","Nelly Furtado",2006-01-01,221506,0,false,,2021-05-08T13:03:41Z,"","Mosley / Geffen",0.857,0.758,1,-4.3,1,0.0571,0.0533,0.0734,0.0392,0.914,125.02,4
spotify:track:3EY3eSCDYtA7c0fizDXs0b,"Kata rokkar","Gling-Gló","Björk Guðmundsdóttir;Trio Gudmundar Ingólfssonar",1990-01-01,178282,0,false,,2021-05-07T17:53:23Z,"","Smekkleysa",0.544,0.374,9,-13.954,0,0.0737,0.176,0,0.133,0.378,126.885,5
spotify:track:5sra5UY6sD658OabHL3QtI,"Empire State of Mind (Part II) Broken Down","The Element Of Freedom","Alicia Keys",2009-12-15,216480,79,false,,2021-05-07T16:58:05Z,"r&b,neo soul","J Records",0.484,0.368,6,-7.784,1,0.0341,0.74,0.0000382,0.118,0.142,92.923,4
spotify:track:2igwFfvr1OAGX9SKDCPBwO,"Empire State Of Mind","The Blueprint 3","JAŸ-Z;Alicia Keys",2009-09-08,276920,92,true,,2021-05-07T16:57:54Z,"hip hop,east coast hip hop,rap,r&b,neo soul","Roc Nation / Jay-Z",0.491,0.956,11,-1.538,1,0.392,0.0295,0,0.46,0.811,173.585,4
spotify:track:5wxSUAosPadqXuNx2GpLxC,"Last Call in Jonestown","Last Call in Jonestown","Polkadot Cadaver",2013-05-14,242223,30,false,,2021-04-30T19:17:36Z,"avant-garde,polka","Razor To Wrist",0.595,0.991,2,-3.125,1,0.112,0.00122,0.00222,0.277,0.355,120.025,4
spotify:track:4xaVFjR0ooqDHFzHhuh8Lk,"Lookin' for Love - Re-Recorded","Lookin' for Love (Re-Recorded)","Johnny Lee",2015-11-04,228331,38,false,,2021-04-30T16:46:04Z,"classic country,country","San Juan Music",0.813,0.61,2,-7.304,1,0.0278,0.298,0,0.0891,0.692,124.039,4
spotify:track:5c5SVPVd9duygPOwO9n7e6,"Don't Upset The Rhythm (Go Baby Go) - US Album Version","Wild Young Hearts","Noisettes",2009-01-01,222600,17,false,,2021-04-26T18:52:38Z,"","EMI",0.689,0.875,6,-3.307,1,0.0355,0.00923,0.00348,0.163,0.655,120.252,4
spotify:track:6roSI9jonCiMhPeLZuEn4O,"Never Forget You - US Album Version","Wild Young Hearts","Noisettes",2009-01-01,191453,35,false,,2021-04-26T18:52:20Z,"","EMI",0.568,0.726,9,-4.024,1,0.0358,0.0433,0.00000257,0.133,0.813,141.719,4
spotify:track:6lyzUrhvbZIl8JU2iRKquL,"The House of the Rising Sun","9 To 5 And Odd Jobs","Dolly Parton",1980,243493,66,false,,2021-04-26T18:52:07Z,"country,classic country","RCA Records Label",0.793,0.559,6,-8.707,0,0.0434,0.181,0.00262,0.109,0.55,125.193,4
spotify:track:5cZpwmXGzDvBDX9Iv6wXzx,"PROM / KING","CARE FOR ME","Saba",2018-04-05,451615,0,true,,2021-04-19T05:52:20Z,"","Saba Pivot, LLC",0.516,0.859,7,-7.263,1,0.708,0.229,0,0.122,0.778,77.307,4
spotify:track:2gLJXznQp4kGsVz8BptfHS,"Starless","Red (Expanded & Remastered Original Album Mix)","King Crimson",1974-01-01,744568,0,false,,2021-04-19T04:06:59Z,"progressive rock,art rock,psychedelic rock","Discipline Global Mobile",0.27,0.481,7,-9.982,0,0.0371,0.107,0.459,0.142,0.125,114.915,4
spotify:track:2zWZV7b1xu1qZPaMjavvpS,"Mural","Tetsuo & Youth","Lupe Fiasco",2015-01-20,528880,57,true,,2021-04-19T04:01:20Z,"","1st & 15th/Atlantic",0.431,0.898,1,-4.233,0,0.166,0.011,0.00115,0.523,0.192,81.637,4
spotify:track:3M8FzayQWtkvOhqMn2V4T2,"Lean on Me","Still Bill","Bill Withers",1972-05-01,258834,79,false,,2021-04-18T13:47:16Z,"soul","Columbia/Legacy",0.619,0.22,0,-13.843,1,0.0672,0.782,0.0000119,0.124,0.426,75.143,4
spotify:track:6VuJLPtBlEOaR5oYI51ueN,"Quizas, Quizas, Quizas (Perhaps, Perhaps, Perhaps)","Cole Espanol","Nat King Cole",1958-08-01,165600,58,false,,2021-04-18T13:19:41Z,"christmas,adult standards,vocal jazz,big band,jazz","Capitol Records",0.487,0.308,2,-11.63,0,0.0513,0.46,0.00000225,0.109,0.645,110.43,4
spotify:track:3oQomOPRNQ5NVFUmLJHbAV,"Over the Rainbow","Alone In Iz World","Israel Kamakawiwo'ole",2001-09-25,211933,81,false,,2021-04-18T12:42:40Z,"","Big Boy Records",0.671,0.153,0,-13.569,1,0.0404,0.912,0.0000553,0.0771,0.658,85.6,4
spotify:track:4DS18QEKu8jVIfsf3sc0rP,"Contra - Boss Theme","Where Evil Dwells","Nestalgica",2014-09-09,83819,0,false,,2021-04-17T19:10:13Z,"","Nestalgica",0.337,0.803,6,-7.737,0,0.0883,0.0268,0.582,0.168,0.812,121.129,3
spotify:track:2IfYoSokkulvG4QTGhVQP4,"Contra - Boss Music","The Advantage","The Advantage",2016-07-06,138546,0,false,,2021-04-17T19:10:09Z,"","Kill Rock Stars",0.539,0.709,6,-11.621,0,0.0323,0.00000194,0.897,0.0974,0.863,105.394,3
spotify:track:7eFD2utwqsgGeMxsDOfUPk,"Hotel (Pearl Necklace) [From ""Earthbound""]","Earthbound, Vol. 1","The Versions",2020-02-27,54189,0,false,,2021-04-17T14:34:01Z,"","Super Prestige",0.689,0.613,0,-13.453,0,0.164,0.969,0.759,0.181,1,141.655,4
spotify:track:1qCmZnC1FUpNgOydIzqIPC,"Bad Child","Bad Child/Can't Be Happy All The Time","Tones And I",2020-03-11,221466,64,true,,2021-04-17T14:11:27Z,"","Elektra (NEK)",0.756,0.553,6,-4.24,0,0.0343,0.404,0,0.158,0.597,117.992,4
spotify:track:0wqeaDeaKq14IuQESPqBEJ,"Lava","Lava (From ""Lava"")","Kuana Torres Kahele;Napua Greig;James Ford Murphy",2015-01-01,346493,65,false,,2021-04-16T18:41:44Z,"","Walt Disney Records",0.478,0.212,0,-13.124,1,0.0516,0.938,0,0.587,0.431,74.643,4
spotify:track:2MZSXhq4XDJWu6coGoXX1V,"Avril 14th","Drukqs","Aphex Twin",2001-10-22,125520,0,false,,2021-04-16T15:00:39Z,"idm,ambient","Warp Records",0.558,0.0259,8,-30.016,1,0.0458,0.996,0.871,0.0969,0.37,157.811,4
spotify:track:384L32iMMpkeHzuCAD07Vr,"MONTERO (Call Me By Your Name) - SATAN'S EXTENDED VERSION","MONTERO (Call Me By Your Name)","Lil Nas X",2021-03-29,170054,0,true,,2021-04-11T08:50:17Z,"","Columbia",0.511,0.54,8,-6.402,0,0.174,0.191,0,0.377,0.711,119.248,5
spotify:track:3zpj9dvJABiyMrmLCPw6i8,"Crazy - Single Version","Showcase","Patsy Cline;The Jordanaires",1961-11-27,164573,72,false,,2021-04-10T22:31:43Z,"classic country,country christian","Geffen",0.471,0.021,10,-24.385,1,0.0366,0.931,0.00000119,0.103,0.356,107.796,3
spotify:track:6S3JlDAGk3uu3NtZbPnuhS,"Baby Blue - Remastered 2010","Straight Up (Remastered 2010 / Deluxe Edition)","Badfinger",1971-12-13,217346,66,false,,2021-04-10T22:30:21Z,"power pop,jangle pop","EMI Catalogue",0.623,0.876,11,-7.788,1,0.066,0.0189,0.0134,0.0728,0.515,124.431,4
spotify:track:6MrILERJLA3Jcq0E9poZsp,"Without You","Nilsson Schmilsson","Harry Nilsson",1971,201773,72,false,,2021-04-10T16:47:05Z,"baroque pop,singer-songwriter","RCA Records Label",0.381,0.186,4,-15.477,1,0.029,0.613,0.00000275,0.0694,0.142,65.058,4
spotify:track:2VGs7EmaIxq96Wcog6DQOc,"Why This Kolaveri Di? - The Soup of Love","Why This Kolaveri Di? (The Soup of Love)","Anirudh Ravichander;Dhanush",2011-11-16,259293,67,false,,2021-04-10T15:13:20Z,"tamil pop,kollywood,tamil dance,tamil hip hop,tollywood,telugu pop","Sony Music Entertainment India Pvt. Ltd.",0.82,0.785,5,-4.003,0,0.158,0.59,0.0000179,0.372,0.894,140.013,4
spotify:track:6mwA6YiKDjAUG8kWvRRUPh,"Back At One","Back At One","Brian McKnight",1999-09-21,263666,75,false,,2021-04-10T11:26:30Z,"quiet storm,r&b","Motown",0.66,0.347,11,-9.114,1,0.03,0.452,0,0.131,0.256,129.747,4
spotify:track:0RAHu9yYShubDA7VMHtVhN,"Scarecrow","A Magnificent Day For An Exorcism","th1rt3en;Pharoahe Monch;Smithsoneon",2021-01-22,201203,0,true,,2021-04-08T16:27:23Z,"east coast hip hop,old school hip hop","Fat Beats Records",0.453,0.94,5,-3.058,0,0.0862,0.00246,0,0.812,0.349,136.97,4
spotify:track:3SvzhT72BIK4j4OrPKrtFS,"Wait","Erotic Massage","Dog Fashion Disco",2017-05-19,319485,26,false,,2021-04-01T11:49:32Z,"avant-garde,alternative metal,polka","Razor To Wrist",0.663,0.744,5,-5.528,0,0.0328,0.0675,0.00000236,0.119,0.481,114.882,4
spotify:track:0CpunVD94eYsNlyVwS6Yqa,"Der Golem","The Director's Cut","Fantomas",2001,158533,0,false,,2021-04-01T09:05:13Z,"avant-garde,experimental","Ipecac Recordings",0.341,0.856,4,-6.901,0,0.0949,0.00156,0.758,0.195,0.4,137.63,4
spotify:track:5ywVrA1UXDAvqqhX4icSRA,"Experiment in Terror","The Director's Cut","Fantomas",2001,160426,0,false,,2021-04-01T09:05:10Z,"avant-garde,experimental","Ipecac Recordings",0.294,0.491,2,-7.866,0,0.0418,0.0101,0.000136,0.189,0.213,116.907,4
spotify:track:2BVJMKbdz7XtEcsIDT0oAz,"Rosemary's Baby","The Director's Cut","Fantomas",2001,200733,0,false,,2021-04-01T09:05:08Z,"avant-garde,experimental","Ipecac Recordings",0.366,0.604,8,-7.613,1,0.0392,0.0258,0.28,0.313,0.163,117.908,3
spotify:track:2KpVnwej5xnKPj23zhbCvl,"The Godfather","The Director's Cut","Fantomas",2001,166866,0,false,,2021-04-01T09:05:07Z,"avant-garde,experimental","Ipecac Recordings",0.292,0.643,5,-9.376,0,0.0911,0.0339,0.0342,0.104,0.0973,104.114,3
spotify:track:4pWDWC55AKZpQ08FSysq2C,"Twin Peaks: Fire Walk with Me","The Director's Cut","Fantomas",2001,208866,0,false,,2021-04-01T09:05:05Z,"avant-garde,experimental","Ipecac Recordings",0.462,0.668,0,-8.139,1,0.0439,0.000436,0.00192,0.0969,0.0633,129.36,4
spotify:track:55mJleti2WfWEFNFcBduhc,"Schism","Lateralus","TOOL",2001-05-15,407860,77,false,,2021-04-01T09:04:10Z,"progressive metal,alternative metal,progressive rock,metal","RCA Records Label",0.567,0.714,9,-8.512,0,0.0302,0.0012,0.417,0.186,0.191,107.441,3
spotify:track:61NDioEKz76T6lGdmSBgSj,"Every Day I Love","Ultravisitor","Squarepusher",2004,156973,0,false,,2021-03-30T19:28:17Z,"idm,breakcore,glitch,jungle","Warp Records",0.28,0.108,9,-22.64,1,0.0496,0.984,0.931,0.109,0.196,89.144,4
spotify:track:5RQjC6zC0Jj166iNydg654,"Tommib Help Buss","Ultravisitor","Squarepusher",2004,130440,0,false,,2021-03-30T19:28:16Z,"idm,breakcore,glitch,jungle","Warp Records",0.377,0.00897,9,-32.203,1,0.041,0.989,0.875,0.0786,0.263,74.262,4
spotify:track:4v4FuWFuFJXLdD2NqFa8oT,"Tetra-Sync","Ultravisitor","Squarepusher",2004,567226,0,false,,2021-03-30T19:28:15Z,"idm,breakcore,glitch,jungle","Warp Records",0.525,0.759,4,-10.718,0,0.0537,0.0343,0.619,0.404,0.27,99.984,4
spotify:track:4AxP1LqoxcI90ycDlEazPo,"District Line II","Ultravisitor","Squarepusher",2004,513226,0,false,,2021-03-30T19:28:13Z,"idm,breakcore,glitch,jungle","Warp Records",0.334,0.732,11,-9.562,0,0.19,0.00531,0.522,0.135,0.0745,99.847,4
spotify:track:54mIt5xUlU5k4yHmFOQ8zD,"Circlewave","Ultravisitor","Squarepusher",2004,388240,0,false,,2021-03-30T19:28:11Z,"idm,breakcore,glitch,jungle","Warp Records",0.282,0.432,7,-16.426,1,0.0424,0.00881,0.886,0.464,0.075,79.186,4
spotify:track:50R7p1uUn3lzWwh7nt097X,"Telluric Piece","Ultravisitor","Squarepusher",2004,113040,0,false,,2021-03-30T19:28:10Z,"idm,breakcore,glitch,jungle","Warp Records",0.228,0.249,2,-17.856,1,0.0587,0.868,0.89,0.242,0.0363,66.684,3
spotify:track:1NsWhyNFOh4fii4Ak5DtBn,"An Arched Pathway","Ultravisitor","Squarepusher",2004,246133,0,false,,2021-03-30T19:28:08Z,"idm,breakcore,glitch,jungle","Warp Records",0.396,0.562,2,-13.472,1,0.368,0.955,0.679,0.132,0.118,92.825,4
spotify:track:0iQCEbP69CWii57erwJO37,"Steinbolt","Ultravisitor","Squarepusher",2004,464760,0,false,,2021-03-30T19:28:07Z,"idm,breakcore,glitch,jungle","Warp Records",0.264,0.808,5,-12.937,0,0.154,0.0000128,0.792,0.359,0.213,103.332,3
spotify:track:5oW4SWha9F3OcBIkaLDi5r,"Menelec","Ultravisitor","Squarepusher",2004,343413,0,false,,2021-03-30T19:28:04Z,"idm,breakcore,glitch,jungle","Warp Records",0.371,0.693,1,-12.598,1,0.0813,0.00436,0.0602,0.172,0.0658,102.326,4
spotify:track:1qooFcznYtVvXS9mM9IXoY,"50 Cycles","Ultravisitor","Squarepusher",2004,513906,0,false,,2021-03-30T19:28:03Z,"idm,breakcore,glitch,jungle","Warp Records",0.32,0.729,1,-14.312,1,0.359,0.00204,0.431,0.104,0.156,89.113,4
spotify:track:2qbhRps1XbMkn89EiCHll8,"C-Town Smash","Ultravisitor","Squarepusher",2004,89613,0,false,,2021-03-30T19:28:02Z,"idm,breakcore,glitch,jungle","Warp Records",0.603,0.668,5,-11.937,1,0.133,0.0637,0.735,0.413,0.535,91.976,1
spotify:track:7v0X5s4VKoilJWp7iapIr9,"Iambic 9 Poetry","Ultravisitor","Squarepusher",2004,415906,0,false,,2021-03-30T19:28:00Z,"idm,breakcore,glitch,jungle","Warp Records",0.383,0.549,11,-12.889,0,0.0369,0.0391,0.88,0.0669,0.381,103.186,4
spotify:track:6s090Bc3k6PhL3x5cf0uby,"I Fulcrum","Ultravisitor","Squarepusher",2004,211040,0,false,,2021-03-30T19:27:57Z,"idm,breakcore,glitch,jungle","Warp Records",0.492,0.205,2,-19.73,1,0.101,0.872,0.908,0.118,0.0526,133.185,4
spotify:track:3ooPG9c7MgS7bBedpNV8t6,"Ultravisitor","Ultravisitor","Squarepusher",2004,513093,0,false,,2021-03-30T19:27:55Z,"idm,breakcore,glitch,jungle","Warp Records",0.26,0.61,8,-13.801,1,0.0874,0.000459,0.552,0.144,0.168,100.091,4
spotify:track:1DiWJwIlC8F3lKJ4t6eP41,"Vicarious Atonement","Amputechture","The Mars Volta",2006-01-01,439920,39,false,,2021-03-30T19:26:25Z,"progressive rock,progressive metal,art rock","Motown",0.171,0.43,0,-7.769,0,0.0347,0.0778,0.457,0.846,0.178,142.834,3
spotify:track:7o67roCVsFiCt7Cf0ZLOJq,"Out of Touch","The Very Best of Daryl Hall / John Oates","Daryl Hall & John Oates",2001-01-23,249573,77,false,,2021-03-30T15:57:39Z,"yacht rock,soft rock","RCA Records Label",0.806,0.649,9,-9.004,0,0.0347,0.0391,0.0000555,0.0557,0.897,114.834,4
spotify:track:5uikWCu7t5az8urph4UCuv,"Son et Lumiere","Deloused in the Comatorium","The Mars Volta",2003-01-01,95333,4,false,,2021-03-30T10:28:12Z,"progressive rock,progressive metal,art rock","Motown",0.425,0.523,11,-14.036,0,0.0368,0.329,0.000116,0.114,0.318,86.698,4
spotify:track:76hTx8SeM6aGvDBSwcKAxX,"Take The Veil Cerpin Taxt","Deloused in the Comatorium","The Mars Volta",2003-01-01,521666,3,false,,2021-03-30T10:08:32Z,"progressive rock,progressive metal,art rock","Motown",0.249,0.937,9,-3.355,0,0.117,0.000526,0.0187,0.123,0.333,94.026,4
spotify:track:6mb5zn63gu4AkzWGSLlpud,"Whamola","Purple Onion","Les Claypool",2002-09-24,297040,40,false,,2021-03-30T09:45:12Z,"funk rock,jam band","Prawn Song",0.529,0.983,6,-4.285,1,0.0992,0.0000446,0.804,0.607,0.55,135.52,4
spotify:track:2R0PwfPJvH9Ezr2kpNPh0W,"Lacquer Head","Antipop","Primus",1999,229960,56,false,,2021-03-30T09:36:47Z,"funk rock,alternative metal,alternative rock,nu metal","Interscope",0.695,0.944,1,-4.776,1,0.105,0.0122,0.0248,0.107,0.655,113.094,4
spotify:track:7gI7GE4kTG8tBh9GRaf4wt,"Senza Fine","Mondo Cane","Mike Patton",2010,277968,0,false,,2021-03-30T07:43:06Z,"avant-garde","Ipecac Recordings",0.259,0.482,7,-13.565,0,0.0556,0.0327,0.000233,0.354,0.471,126.513,3
spotify:track:18EXO4AYyoMsm7LIcO6JgU,"Ti Offro Da Bere","Mondo Cane","Mike Patton",2010,147617,0,false,,2021-03-30T07:43:02Z,"avant-garde","Ipecac Recordings",0.531,0.48,0,-12.958,0,0.0502,0.634,0.00000258,0.234,0.713,118.126,3
spotify:track:66CEQCQ5AlAZUNCqvHLg1O,"20 KM Al Giorno","Mondo Cane","Mike Patton",2010,175751,0,false,,2021-03-30T07:43:01Z,"avant-garde","Ipecac Recordings",0.581,0.58,5,-12.903,0,0.155,0.589,0.00000665,0.0857,0.571,128.586,4
spotify:track:1RajD2er1FmDS8oA2FQOnz,"L'Uomo Che Non Sapeva Amare","Mondo Cane","Mike Patton",2010,197459,0,false,,2021-03-30T07:42:59Z,"avant-garde","Ipecac Recordings",0.35,0.544,2,-12.5,1,0.0917,0.258,0.0000693,0.128,0.485,126.328,3
spotify:track:1dZAKEy2Mnogea1Ra7ePS4,"Scalinatella","Mondo Cane","Mike Patton",2010,195291,0,false,,2021-03-30T07:42:58Z,"avant-garde","Ipecac Recordings",0.382,0.0794,4,-22.702,0,0.0599,0.922,0.0000361,0.146,0.312,174.042,3
spotify:track:5pK77c7b3AbtA2a3wYaBqC,"Urlo Negro","Mondo Cane","Mike Patton",2010,169404,0,false,,2021-03-30T07:42:53Z,"avant-garde","Ipecac Recordings",0.295,0.751,1,-12.08,0,0.228,0.085,0.00911,0.386,0.35,146.933,4
spotify:track:3vqQrFM2ntOEqtP3Q3DkyB,"Deep Down","Mondo Cane","Mike Patton",2010,201769,0,false,,2021-03-30T07:42:52Z,"avant-garde","Ipecac Recordings",0.456,0.692,8,-11.485,1,0.0699,0.354,0,0.211,0.629,113.403,4
spotify:track:05lA3cUQSuGdwyMDzsgyg1,"Quello Che Conta","Mondo Cane","Mike Patton",2010,243670,0,false,,2021-03-30T07:42:52Z,"avant-garde","Ipecac Recordings",0.289,0.322,2,-14.447,0,0.0324,0.123,0.0112,0.407,0.0686,115.122,3
spotify:track:2Ib82MPeh9P71iS8u5af2H,"Ore D'Amore","Mondo Cane","Mike Patton",2010,172800,0,false,,2021-03-30T07:42:49Z,"avant-garde","Ipecac Recordings",0.32,0.662,11,-11.734,0,0.0444,0.0417,0.019,0.332,0.499,96.378,4
spotify:track:5xClrY7ax2RFyCAbtTm3Wu,"Che Notte!","Mondo Cane","Mike Patton",2010,198478,0,false,,2021-03-30T07:42:48Z,"avant-garde","Ipecac Recordings",0.348,0.846,8,-11.302,1,0.216,0.294,0.0000385,0.244,0.487,169.454,4
spotify:track:2V5cxuQK2Uil81hSifzG0X,"Il Cielo In Una Stanza","Mondo Cane","Mike Patton",2010,235572,0,false,,2021-03-30T07:42:47Z,"avant-garde","Ipecac Recordings",0.387,0.472,0,-13.947,1,0.0377,0.0368,0.0119,0.303,0.418,93.232,4
spotify:track:3TO7bbrUKrOSPGRTB5MeCz,"Time","The Dark Side of the Moon","Pink Floyd",1973-03-01,422853,82,false,,2021-03-30T00:37:18Z,"progressive rock,psychedelic rock,classic rock,art rock,rock","Pink Floyd Records",0.359,0.48,9,-11.79,1,0.0841,0.521,0.0043,0.178,0.355,120.285,4
spotify:track:3CT99LPgxJ52AQse2LPi2U,"Bacon Pancakes (feat. John DiMaggio)","Adventure Time, Vol. 2 (Original Soundtrack)","Adventure Time;John DiMaggio",2019-05-01,33893,46,false,,2021-03-28T20:54:05Z,"","Cartoon Network / WaterTower Music",0.75,0.432,8,-14.811,0,0.511,0.21,0,0.191,0.961,85.589,4
spotify:track:3RznzRnsl8mzP63l4AF2M7,"Dream Sweet in Sea Major","Hawaii: Part II","Miracle Musical",2012-12-12,420012,75,false,,2021-03-28T19:30:36Z,"","ミラクルミュージカル",0.341,0.428,0,-11.193,1,0.0414,0.919,0.0675,0.106,0.188,169.896,4
spotify:track:0HBrtXJohbIW4IhPZ50GmH,"The Bidding","Marvin's Marvelous Mechanical Museum","Tally Hall",2005-10-24,160613,70,false,,2021-03-28T19:26:24Z,"","Tally Hall",0.538,0.607,9,-5.261,0,0.216,0.248,0.00000554,0.0999,0.515,175.424,4
spotify:track:3mH3SIPufmqp8JQftXJKQo,"DK Rap (Where Are They Now?)","DK Rap (Where Are They Now?)","brentalfloss",2018-03-29,194628,37,true,,2021-03-28T19:16:25Z,"","Brentalfloss",0.966,0.757,11,-5.557,0,0.2,0.13,0,0.116,0.762,123.734,4
spotify:track:6tMdpUXfT70TD6Eh3XfB1p,"My Ordinary Life","My Ordinary Life","The Living Tombstone",2017-11-23,230893,77,false,,2021-03-28T19:10:50Z,"","Ghost Pixel",0.675,0.66,9,-8.906,0,0.0648,0.0197,0.352,0.241,0.577,175.954,4
spotify:track:4yZEX3NsnXfobmZ0m8ZO4Y,"I See a Dreamer","I See a Dreamer","CG5",2021-01-13,190848,0,false,,2021-03-28T18:57:47Z,"","CG5",0.723,0.751,9,-5.233,0,0.045,0.412,0,0.068,0.642,126.999,4
spotify:track:0AfGMQWdzzYiIIq2nxNNU0,"Yakko's World","Steven Spielberg Presents Animaniacs (Soundtrack from the Original Series)","Animaniacs",1993-11-16,108333,60,false,,2021-03-28T18:25:14Z,"","WaterTower Music",0.659,0.31,6,-20.215,1,0.0764,0.627,0,0.0768,0.957,101.142,3
spotify:track:2ovQ5MCx91XVjgVWEPfvks,"Homecoming","Graduation","Kanye West;Chris Martin",2007-09-11,203493,4,true,,2021-03-27T14:00:43Z,"rap","Roc-A-Fella",0.667,0.747,1,-7.059,1,0.189,0.337,0,0.115,0.918,86.917,4
spotify:track:6zfJrbdWeYqBB2gIilYglM,"The Toys Go Winding Down","Frizzle Fry (Remastered)","Primus",1990-02-07,275066,50,false,,2021-03-27T12:27:52Z,"funk rock,alternative metal,alternative rock,nu metal","Prawn Song",0.569,0.829,6,-5.884,1,0.0839,0.0166,0.721,0.127,0.522,147.15,4
spotify:track:1ONC00cKNdFgKiATMtcxEc,"Charlie's Inferno","The Heart Goes to Heaven, the Head Goes to Hell","That Handsome Devil",2011-08-09,224853,0,false,,2021-03-27T11:50:38Z,"","Modern Savage",0.725,0.898,9,-5.204,0,0.0908,0.341,0.00000982,0.281,0.97,145.985,4
spotify:track:6IsnrcSZvmmd5db8QpQb91,"Milquetoast","Betty","Helmet",1994-01-01,233000,60,false,,2021-03-27T11:36:17Z,"alternative metal,noise rock,post-hardcore,grunge,groove metal","Interscope",0.48,0.793,2,-10.209,1,0.0892,0.000036,0.197,0.0732,0.425,96.062,4
spotify:track:08esaIXvKmCuiJwydfVXkp,"Bread And Circus","Existential Reckoning","Puscifer",2020-10-30,388373,0,false,,2021-03-27T11:15:44Z,"industrial rock","BMG Rights Management (US) LLC",0.569,0.56,7,-8.082,1,0.0327,0.335,0.443,0.139,0.0764,100.006,3
spotify:track:2dEdZDUcauRkh5yXCeqwpu,"Kenya","Hands Over Pastry","Mr Weebl",2009-04-06,164363,17,false,,2021-03-27T11:12:28Z,"","Weebl's Stuff Records",0.652,0.929,8,-3.348,1,0.182,0.000684,0.000706,0.0829,0.412,165.012,4
spotify:track:0p8Sx3nhVkU4OgOi6TO3LS,"Magical Trevor","Hands Over Pastry","Mr Weebl",2009-04-06,168616,22,false,,2021-03-27T11:12:24Z,"","Weebl's Stuff Records",0.572,0.746,6,-6.147,1,0.0656,0.00381,0.000092,0.297,0.628,154.986,4
spotify:track:1IpVmV9rvjTDXR8KPtit0F,"Owls","Yesterday's Lemon","Mr Weebl",2009-10-13,140689,17,false,,2021-03-27T11:11:47Z,"","Weebl's Stuff Records",0.781,0.577,2,-13.01,1,0.075,0.0107,0.00209,0.145,0.669,144.978,4
spotify:track:2IzWHbZV1XNASaewFq5oOg,"Badger Badger Badger","Hands Over Pastry","Mr Weebl",2009-04-06,147000,37,false,,2021-03-27T11:10:25Z,"","Weebl's Stuff Records",0.708,0.744,1,-6.353,1,0.0675,0.000117,0.254,0.159,0.389,159.998,4
spotify:track:7nT99YzbayQq6WyBZFP6PW,"Amazing Horse","Yesterday's Lemon","Mr Weebl",2009-10-13,129600,37,false,,2021-03-27T11:10:21Z,"","Weebl's Stuff Records",0.724,0.844,6,-10.401,0,0.0353,0.00134,0.436,0.306,0.699,149.929,4
spotify:track:5f7Ugr3GGBdBcIc1McjGvr,"Narwhals","Yesterday's Lemon","Mr Weebl",2009-10-13,119205,39,false,,2021-03-27T11:10:14Z,"","Weebl's Stuff Records",0.783,0.779,8,-8.116,1,0.27,0.00127,0.0000116,0.101,0.505,150.983,4
spotify:track:19C0LKY3DCcQtuviPJNy5d,"Jerry Was A Race Car Driver","Sailing The Seas Of Cheese","Primus",1991-01-01,190840,63,false,,2021-03-27T11:09:46Z,"funk rock,alternative metal,alternative rock,nu metal","Interscope",0.508,0.887,1,-12.377,0,0.0661,0.0099,0.392,0.345,0.724,122.655,4
spotify:track:2shyU2LmwrpYzSFF5OjIuX,"The Storm","The Desaturating Seven","Primus",2017-09-29,467720,26,false,,2021-03-25T08:33:54Z,"funk rock,alternative metal,alternative rock,nu metal","ATO Records",0.519,0.705,1,-9.141,0,0.0769,0.55,0.923,0.276,0.463,119.119,4
spotify:track:1ZwLVl1VWy7vhJZ8y5DYvr,"The Ends?","The Desaturating Seven","Primus",2017-09-29,104386,22,false,,2021-03-25T08:33:54Z,"funk rock,alternative metal,alternative rock,nu metal","ATO Records",0.571,0.434,10,-10.818,0,0.213,0.377,0.876,0.586,0.326,151.664,3
spotify:track:6eEmUp5nMTXkT2Z8Ow3Y4M,"The Dream","The Desaturating Seven","Primus",2017-09-29,396840,24,false,,2021-03-25T08:33:52Z,"funk rock,alternative metal,alternative rock,nu metal","ATO Records",0.507,0.579,9,-12.018,1,0.113,0.83,0.931,0.111,0.38,130.154,4
spotify:track:0W1Bk2Gk3TLM3fsMsCcbum,"The Scheme","The Desaturating Seven","Primus",2017-09-29,170520,31,false,,2021-03-25T08:33:51Z,"funk rock,alternative metal,alternative rock,nu metal","ATO Records",0.561,0.778,1,-8.014,1,0.0743,0.00402,0.885,0.157,0.773,166.046,4
spotify:track:5hCQhYS0J3JHo50fekuM8J,"The Trek","The Desaturating Seven","Primus",2017-09-29,470093,29,false,,2021-03-25T08:33:50Z,"funk rock,alternative metal,alternative rock,nu metal","ATO Records",0.513,0.522,7,-9.447,1,0.0446,0.352,0.913,0.114,0.299,135.473,4
spotify:track:3cKSeNWdAJyG11LEgyeBeJ,"The Seven","The Desaturating Seven","Primus",2017-09-29,188093,37,false,,2021-03-25T08:33:49Z,"funk rock,alternative metal,alternative rock,nu metal","ATO Records",0.565,0.747,7,-7.007,1,0.144,0.238,0.742,0.185,0.788,152.5,4
spotify:track:6jwqibh73lyd8QqLSaUrC9,"The Valley","The Desaturating Seven","Primus",2017-09-29,283013,26,false,,2021-03-25T08:33:48Z,"funk rock,alternative metal,alternative rock,nu metal","ATO Records",0.513,0.343,1,-13.052,1,0.494,0.802,0.285,0.366,0.367,82.552,4
spotify:track:0gsl92EMIScPGV1AU35nuD,"All By Myself","Falling into You","Céline Dion",1996-03-11,312306,76,false,,2021-03-20T02:16:22Z,"variété française","Columbia",0.344,0.325,11,-10.005,0,0.0287,0.35,0.0223,0.0686,0.0775,118.515,4
spotify:track:2XU0oxnq2qxCpomAAuJY8K,"Dance Monkey","Dance Monkey (Stripped Back) / Dance Monkey","Tones And I",2019-10-17,209438,78,false,,2021-03-14T03:01:17Z,"","Elektra (NEK)",0.824,0.588,6,-6.4,0,0.0924,0.692,0.000104,0.149,0.513,98.027,4
spotify:track:6tIS7Qh8vCKezoeGrtQ7Cx,"Creep","The Sunny Side of the Moon: The Best of Richard Cheese (Explicit Version)","Richard Cheese",2006-02-07,153120,0,true,,2021-03-13T21:22:18Z,"comedy,swing music","Surfdog Records",0.566,0.641,7,-4.256,1,0.368,0.552,0,0.265,0.12,200.03,4
spotify:track:4y4spB9m0Q6026KfkAvy9Q,"Lonely (with benny blanco)","Lonely (with benny blanco)","Justin Bieber;benny blanco",2020-10-16,149297,72,true,,2021-03-10T08:23:13Z,"","Friends Keep Secrets/Def Jam Recordings/Interscope Records",0.631,0.239,11,-7.071,0,0.0398,0.864,0,0.116,0.0927,79.859,4
spotify:track:0TK2YIli7K1leLovkQiNik,"Señorita","Señorita","Shawn Mendes;Camila Cabello",2019-06-21,190960,82,false,,2021-03-06T19:55:12Z,"","Island Records",0.759,0.54,9,-6.039,0,0.0287,0.037,0,0.0945,0.75,116.947,4
spotify:track:2gMXnyrvIjhVBUZwvLZDMP,"Before You Go","Divinely Uninspired To A Hellish Extent (Extended Edition)","Lewis Capaldi",2019-11-22,215106,86,false,,2021-03-06T19:22:13Z,"soft pop","Vertigo Berlin",0.459,0.574,3,-4.857,1,0.0577,0.608,0,0.0885,0.183,111.881,4
spotify:track:0lsRatBUs9HNIZAmoGABzk,"Trampoline","MELT","SHAED",2018-09-21,184060,3,false,,2021-03-04T03:11:57Z,"","Photo Finish Records",0.689,0.412,7,-7.523,0,0.0301,0.488,0.00016,0.0659,0.537,126.754,4
spotify:track:1bfuN6xnKqbF4etWTpHq7p,"Bales Of Cocaine","The Full Custom Gospel Sounds Of . . .","The Reverend Horton Heat",1993-04-20,131600,46,false,,2021-02-27T18:27:50Z,"psychobilly,rockabilly,horror punk","Sub Pop Records",0.572,0.945,7,-6.563,1,0.0662,0.00712,0,0.153,0.543,147.732,4
spotify:track:3MW7yZK3kKtjsmJpsvBwyf,"Myxomatosis","Hail To the Thief","Radiohead",2003-06-09,232533,58,true,,2021-02-27T08:40:20Z,"art rock,alternative rock","XL Recordings",0.498,0.816,7,-7.079,1,0.0361,0.00018,0.719,0.299,0.571,99.124,4
spotify:track:1CmUZGtH29Kx36C1Hleqlz,"Thrift Shop (feat. Wanz)","Thrift Shop (feat. Wanz)","Macklemore & Ryan Lewis;Macklemore;Ryan Lewis;Wanz",2013-01-14,235613,71,true,,2021-02-26T15:51:54Z,"g-funk,west coast hip hop","Macklemore",0.781,0.526,6,-6.985,0,0.293,0.0619,0,0.0457,0.662,94.992,4
spotify:track:32YzjV133gteg9LMBGO2OA,"Burn Rubber On Me (Why You Wanna Hurt Me)","Greatest Hits","The Gap Band",1997-01-01,252306,62,false,,2021-02-24T00:42:30Z,"funk,quiet storm","PSM",0.764,0.733,11,-10.763,0,0.0538,0.0986,0.00104,0.171,0.887,116.185,4
spotify:track:6CUd1vAgBaRiimFDJblyFb,"Roots (feat. JID, Charlie Wilson)","Limbo","Aminé;JID;Charlie Wilson",2020-08-07,267982,44,true,,2021-02-24T00:41:08Z,"sexy drill","Republic Records",0.55,0.76,0,-3.707,1,0.219,0.358,0,0.59,0.509,138.137,4
spotify:track:0o3n8D4uCu2c7kQd7A3lKh,"Bring It On - Remix","Buckwild Presents: Diggin' in the Crates - Rare Studio Masters (1993-1997)","Organized Konfusion",2007-05-01,258720,24,true,,2021-02-14T16:22:57Z,"east coast hip hop,jazz rap,boom bap","Ground Floor Recordings",0.781,0.75,6,-6.619,1,0.173,0.487,0.00000337,0.122,0.356,83.536,4
spotify:track:6tabWlXteCT7eakNREA4aX,"Business Casual","Business Casual","Tomahawk",2021-01-21,209426,0,true,,2021-02-09T09:48:23Z,"avant-garde,alternative metal,noise rock","Ipecac Recordings",0.587,0.842,6,-7.407,0,0.0515,0.0174,0.0000106,0.111,0.595,172.028,4
spotify:track:7N1Vjtzr1lmmCW9iasQ8YO,"Survival of the Fittest","The Infamous","Mobb Deep",1995-04-25,224533,77,true,,2021-02-07T22:14:39Z,"old school hip hop,east coast hip hop,hardcore hip hop,hip hop,gangster rap","RCA Records Label",0.813,0.703,11,-5.077,0,0.268,0.125,0.00000126,0.237,0.241,94.828,4
spotify:track:3rOSwuTsUlJp0Pu0MkN8r8,"Mask Off","FUTURE","Future",2017-08-04,204600,55,true,,2021-02-07T22:14:31Z,"rap,trap","Epic/Freebandz/A1",0.833,0.434,2,-8.795,1,0.431,0.0102,0.0219,0.165,0.281,150.062,4
spotify:track:5MYFw4T2gy52pOGBN4EYHS,"Stay Fly","Most Known Unknown (Explicit)","Three 6 Mafia",2005-09-27,236600,76,true,,2021-02-07T22:14:28Z,"southern hip hop,horrorcore,crunk,gangster rap","Hypnotize Minds/Sony Urban Music/Columbia",0.789,0.881,11,-5.758,1,0.0331,0.109,0,0.355,0.647,133.299,4
spotify:track:6ZSO7kPn8IMJFymyticbJO,"Gold","low kii savage","Kiiara",2016-03-22,225882,68,false,,2021-02-07T22:13:43Z,"","Atlantic Records",0.6,0.412,8,-9.343,1,0.344,0.615,0.0025,0.134,0.408,113.049,5
spotify:track:106R0orU4XC4tFbugFfRzT,"Seventeen","Light & Magic","Ladytron",2002,277866,0,false,,2021-02-05T14:56:29Z,"electroclash,alternative dance,synthpop","Nettwerk Records",0.642,0.794,8,-7.908,1,0.0309,0.0000698,0.348,0.146,0.785,119.549,4
spotify:track:3G5qMSP9AywIErX4HSbP5a,"Spinning","Simple Things Special Edition","Zero 7;Sophie Barker",2018-11-30,365792,0,false,,2021-02-05T14:48:45Z,"trip hop,downtempo","New State Music",0.601,0.524,4,-8.234,1,0.0261,0.109,0.00702,0.12,0.309,137.999,4
spotify:track:3q1AKTVzHK6SweFbrtaSFA,"Follow (1st Movement of the Odyssey)","Halo 2, Vol. 1 (Original Soundtrack)","Incubus",2004-11-09,255000,0,false,,2021-02-05T09:04:44Z,"nu metal,funk rock,alternative metal,alternative rock","Skill Tree Records",0.275,0.991,9,-4.175,0,0.121,0.000238,0.078,0.125,0.104,120.785,4
spotify:track:27ViQppP3LZPCJl2A0w9kp,"Destiny","Simple Things","Zero 7;Sia;Sophie Barker",2001,338279,2,false,,2021-02-05T08:43:11Z,"trip hop,downtempo","New State Music",0.63,0.576,7,-9.046,0,0.0304,0.217,0.686,0.129,0.471,138.009,4
spotify:track:5OnyZ56HLhrWOXdzeETqLk,"Human Behaviour","Debut","Björk",1993-07-05,252360,58,false,,2021-02-05T08:24:36Z,"art pop,trip hop","143/Atlantic Entertainment",0.681,0.65,2,-14.637,1,0.0358,0.0396,0.0358,0.101,0.508,109.454,4
spotify:track:613lByoIWTGjEYQUhC1LJI,"Aeroplane","Debut","Björk",1993-07-05,234466,40,false,,2021-02-05T08:24:15Z,"art pop,trip hop","143/Atlantic Entertainment",0.573,0.292,7,-14.097,1,0.0323,0.0807,0.00238,0.126,0.123,104.454,4
spotify:track:242g4wxl3FZvDYA4xYLqre,"All Is Full of Love","Homogenic","Björk",1997-09-23,272026,42,false,,2021-02-05T08:24:01Z,"art pop,trip hop","Rhino/Elektra",0.132,0.304,11,-9.39,1,0.0364,0.0712,0.0000334,0.118,0.0353,100.069,4
spotify:track:2ir9cmvZIpFYxaeMTa76DS,"Come to Me","Debut","Björk",1993-07-05,295360,58,false,,2021-02-05T08:23:41Z,"art pop,trip hop","143/Atlantic Entertainment",0.485,0.594,5,-13.563,1,0.0335,0.00186,0.0000341,0.115,0.344,173.456,4
spotify:track:66KcXPDs1hr8T06KvlJCeA,"Lebanese Blonde","The Mirror Conspiracy","Thievery Corporation",2000-08-09,288826,0,false,,2021-02-05T08:20:42Z,"trip hop,downtempo,acid jazz,lounge","Primary Wave/ESL",0.808,0.837,9,-6.583,0,0.046,0.238,0.86,0.0624,0.653,92.002,4
spotify:track:4z1fNs2B7KndCsvyPgrhq5,"Hyperballad","Post","Björk",1995-06-13,321360,53,false,,2021-02-05T08:13:16Z,"art pop,trip hop","143/Lava/Atlantic",0.519,0.437,7,-12.97,0,0.0325,0.0216,0.000974,0.375,0.0356,134.933,4
spotify:track:21Xc8hEIzv81jwiftI4hJB,"The First Taste","Tidal","Fiona Apple",1996-07-23,286960,64,false,,2021-02-05T06:03:47Z,"art pop","Clean Slate/Work",0.682,0.729,6,-10.293,1,0.0528,0.259,0.0105,0.123,0.536,89.886,4
spotify:track:2cpJAVteVpeXFCiOgjcx7m,"Iron Man","First Band On The Moon (Remastered)","The Cardigans",1996-01-01,259872,49,false,,2021-02-04T16:59:56Z,"swedish pop","Universal Music AB",0.578,0.382,5,-9.024,1,0.0295,0.000986,0.00647,0.12,0.629,137.491,4
spotify:track:3J9ArDo4psIp85thvZId8w,"Song For Holly","GO Music From The Motion Picture","Esthero;Danny Saber",1999,246800,37,false,,2021-02-03T16:05:27Z,"trip hop,downtempo,big beat","Work/Sony Music Soundtrax",0.58,0.628,8,-8.869,1,0.0416,0.0139,0.0515,0.0975,0.288,98.108,4
spotify:track:5gNllxFhwGL6oIfJS0UXmu,"Country Livin' (The World I Know)","Breath From Another","Esthero",1998-04-14,261200,48,false,,2021-02-03T03:40:15Z,"trip hop,downtempo","Work",0.664,0.504,11,-9.809,0,0.0345,0.000722,0.031,0.0725,0.529,150.754,4
spotify:track:3YMaXtFpBiLRuZIiokJ9DR,"That Girl","Breath From Another","Esthero",1998-04-14,280866,54,false,,2021-02-03T03:40:13Z,"trip hop,downtempo","Work",0.619,0.616,5,-9.232,0,0.0346,0.00448,0.0694,0.0777,0.324,92.842,4
spotify:track:4RQc9qX2xu0mnR30aGcyjO,"Heaven Sent","Breath From Another","Esthero",1998-04-14,270306,57,false,,2021-02-03T03:40:06Z,"trip hop,downtempo","Work",0.629,0.666,6,-9.661,0,0.0476,0.0171,0.367,0.253,0.599,74.479,4
spotify:track:5u1P0ebpMxIVdALqIbyf0p,"Breath From Another","Breath From Another","Esthero",1998-04-14,287493,48,false,,2021-02-03T03:40:02Z,"trip hop,downtempo","Work",0.686,0.673,0,-7.503,1,0.103,0.00701,0.0316,0.104,0.494,159.951,4
spotify:track:73CKjW3vsUXRpy3NnX4H7F,"Fake Plastic Trees","The Bends","Radiohead",1995-03-13,290706,84,false,,2021-01-30T20:15:11Z,"art rock,alternative rock","XL Recordings",0.463,0.229,2,-12.592,1,0.0297,0.167,0.0997,0.202,0.135,73.543,4
spotify:track:22L7bfCiAkJo5xGSQgmiIO,"All Of The Lights","My Beautiful Dark Twisted Fantasy","Kanye West",2010-11-22,299613,85,true,,2021-01-30T14:06:11Z,"rap","Roc-A-Fella",0.531,0.803,1,-3.284,1,0.0717,0.0796,0.0000171,0.176,0.221,142.113,4
spotify:track:27kLnhPUnyJSLALfA6dtTM,"Ma Baloumak","Lebaniyat 2","Ziad Bourji",2006-06-20,207587,0,false,,2021-01-30T08:24:22Z,"khaleeji","Rotana",0.464,0.641,9,-6.029,0,0.0926,0.386,0.000676,0.112,0.433,179.943,4
spotify:track:6habFhsOp2NvshLv26DqMb,"Despacito","VIDA","Luis Fonsi;Daddy Yankee",2019-02-01,229360,87,false,,2021-01-30T06:10:22Z,"latin,reggaeton","UMLE - Latino",0.655,0.797,2,-4.787,1,0.153,0.198,0,0.067,0.839,177.928,4
spotify:track:6TYFcqqQVQPb3YsgfRhvqs,"Tamally Maak","Tamally Maak","Amr Diab",2000-01-01,269232,74,false,,2021-01-30T06:08:04Z,"egyptian pop,khaleeji","Global",0.623,0.781,8,-9.651,1,0.0373,0.121,0.0000277,0.101,0.346,167.874,4
spotify:track:3RtR0XXNGtBHJkFgY6OvTQ,"Pyar Bolda","Pyar Bolda","Jassa Dhillon;Gur Sidhu",2019-10-02,162375,57,false,,2021-01-30T05:26:06Z,"punjabi pop,bhangra,punjabi hip hop","Brown Town Music",0.746,0.598,10,-6.538,0,0.0558,0.011,0,0.289,0.243,159.83,4
spotify:track:6zdSYRowLdWiIF05phzp7X,"Remember What You Told Me","Filthy Dirty South","Rising Appalachia",2012-11-24,301240,0,false,,2021-01-30T05:05:24Z,"southern gothic","Rising Appalachia",0.419,0.761,2,-9.79,0,0.035,0.67,0.922,0.25,0.62,105.077,4
spotify:track:6v3KW9xbzN5yKLt9YKDYA2,"Señorita","Shawn Mendes (Deluxe)","Shawn Mendes;Camila Cabello",2019-06-19,190799,86,false,,2021-01-30T04:52:29Z,"","Island Records",0.759,0.548,9,-6.049,0,0.0289,0.0379,0,0.0828,0.75,116.963,4
spotify:track:4mmkhcEm1Ljy1U9nwtsxUo,"Through The Wire","The College Dropout","Kanye West",2004-02-10,221226,80,true,,2021-01-30T04:50:03Z,"rap","Roc-A-Fella",0.571,0.739,7,-6.11,1,0.247,0.00865,0.00000521,0.158,0.66,83.089,4
spotify:track:0CsM8VGDi38kusMv3pxyj1,"True - Single Edit","True - The Digital E.P.","Spandau Ballet",2008-04-25,329146,76,false,,2021-01-30T04:28:43Z,"new wave,synthpop","Parlophone UK",0.742,0.533,0,-9.098,1,0.0288,0.459,0.148,0.064,0.391,97.395,4
spotify:track:6qnK9DPkxzNFkvZzHh2A6e,"Heart Beat","Heart Beat","Animato;Gaudium",2018-10-08,246857,49,false,,2021-01-30T04:21:33Z,"psytrance,progressive trance,trance","Alteza Records",0.634,0.933,11,-5.931,0,0.0419,0.0293,0.91,0.334,0.357,139.989,4
spotify:track:2n7h09QrGitVul66b2D8Re,"Part II","How High - The Soundtrack","Method Man;Redman",1993-12-07,244600,64,true,,2021-01-30T04:15:05Z,"east coast hip hop,old school hip hop,hip hop,hardcore hip hop","RAL (Rush Associated Label)",0.775,0.837,10,-4.965,0,0.39,0.0383,0,0.315,0.806,95.86,4
spotify:track:0FRlCMVt8CkYFGmDvfVwld,"Symphony 2000","Best Of","EPMD;Redman;Method Man;Lady Luck",2014-05-27,243640,28,true,,2021-01-30T03:34:58Z,"old school hip hop,east coast hip hop,hip hop,hardcore hip hop","FRONTLINE CATALOG (P81)",0.716,0.792,1,-5.962,1,0.438,0.36,0,0.193,0.864,95.059,4
spotify:track:3PUnmXpIRfLa8yI9wfgJPC,"Children","Children","Tinlicker;Robert Miles",2020-09-25,245927,60,false,,2021-01-30T03:24:56Z,"melodic house,progressive house,melodic techno,trance,eurodance","Armada Music",0.638,0.907,5,-9.357,0,0.0424,0.0208,0.855,0.107,0.0362,124.007,4
spotify:track:6sOrImz4sRva0mZOrzD6G3,"Goddess","Goddess","Jaira Burns",2019-06-28,187741,0,true,,2021-01-30T00:10:25Z,"","Upscale Music Group",0.749,0.657,10,-9.077,0,0.0384,0.223,0.0000306,0.0714,0.744,123.975,4
spotify:track:0kS6GezxkbM5YXffQFnID6,"Sexxx Dreams","ARTPOP","Lady Gaga",2013-11-11,214640,58,true,,2021-01-29T23:47:17Z,"art pop,pop","Interscope",0.674,0.715,8,-4.337,1,0.0493,0.0281,0,0.0895,0.382,113.944,4
spotify:track:7k2DKIdP5jC3XyPsy5ej2c,"Weed & Memories","Weed & Memories","Jean Michael",2017-03-10,211848,37,false,,2021-01-29T23:47:04Z,"","11th Street Recordings",0.52,0.407,11,-12.785,0,0.0979,0.181,0.000258,0.316,0.263,84.33,4
spotify:track:4GSqiK9YdVNhilXMFtCiQB,"Devil I Know","Cape God","Allie X",2020-02-21,172880,0,false,,2021-01-29T23:46:27Z,"","Twin Music Inc",0.51,0.536,1,-5.988,1,0.0399,0.0217,0.00000729,0.0869,0.384,90.763,4
spotify:track:1KzuxpKlKjkdKJBj4cTiO3,"Nostalgia","I Can't Sleep","diveliner",2020-03-10,150500,36,false,,2021-01-21T22:40:26Z,"emo rap","diveliner inc",0.291,0.75,9,-5.591,1,0.29,0.00883,0,0.128,0.177,89.432,4
spotify:track:58k32my5lKofeZRtIvBDg9,"HONEST","DIE FOR MY BITCH","Baby Keem",2019-07-19,172672,78,true,,2021-01-17T01:04:54Z,"","Baby Keem LLC",0.676,0.536,2,-8.79,1,0.0432,0.403,0.0000337,0.105,0.373,79.037,4
spotify:track:1eQBEelI2NCy7AUTerX0KS,"Ultralight Beam","The Life Of Pablo","Kanye West",2016-06-10,320680,71,true,,2021-01-17T00:06:25Z,"rap","Rock The World/IDJ/Kanye LP7",0.592,0.403,0,-8.768,0,0.414,0.62,0,0.54,0.391,105.169,4
spotify:track:1FfxSgLHUkNCCLdZ7wrCTY,"The Devil Is A Lie","Mastermind (Deluxe)","Rick Ross;JAŸ-Z",2014-01-01,310666,3,true,,2021-01-16T05:00:49Z,"southern hip hop,hip hop,east coast hip hop,rap","Def Jam Recordings",0.68,0.83,5,-3.922,0,0.0926,0.00167,0,0.382,0.636,102.919,4
spotify:track:7FYH5AW3bVfZHJIQpq3UOA,"I Don't Fuck With You","Dark Sky Paradise","Big Sean;E-40",2015-02-23,284386,79,true,,2021-01-16T03:21:32Z,"hyphy,west coast hip hop,g-funk","Getting Out Our Dreams Inc. (G.O.O.D.) Music / IDJ",0.824,0.733,1,-5.474,1,0.0614,0.0362,0,0.325,0.395,97.971,4
spotify:track:0nD62ke95NJvAI8chsRjRg,"City of Tears","Hollow Knight (Original Soundtrack)","Christopher Larkin;Amelia Jones",2017-02-10,178764,62,false,,2021-01-10T10:39:07Z,"soundtrack","Christopher Larkin",0.0834,0.274,3,-14.98,1,0.0364,0.975,0.975,0.123,0.094,179.736,3
spotify:track:6ozWOB7XBEwhik5VqKKHBt,"noodle cove","bird world","leon chang",2017-05-03,150082,0,false,,2021-01-09T23:25:43Z,"","643601 Records DK",0.695,0.969,7,-5.929,1,0.0451,0.002,0.475,0.066,0.972,119.991,4
spotify:track:500UbifF9XkKd2HgqmsnKu,"The Golden Hour","Here","Louie Zong",2018-06-10,118937,42,false,,2021-01-09T23:18:53Z,"","Fuji Apple Records",0.422,0.206,6,-19.165,1,0.0381,0.979,0.912,0.12,0.174,110.289,4
spotify:track:7laa0EhbC6cdx8cGt5gSa5,"In the Moonlight - From ""Modern Family""","In the Moonlight (From ""Modern Family"")","Modern Family Cast;Dylan",2009-10-20,182020,46,false,,2021-01-01T17:23:48Z,"","Hollywood Records",0.506,0.777,2,-7.26,1,0.0602,0.0157,0,0.156,0.193,138.863,4
spotify:track:6jSOQzZ92aPKN0p2m09y2n,"Maybe","The Anthology","The Ink Spots",1998-06-16,182733,58,false,,2021-01-01T08:18:22Z,"adult standards","Geffen",0.407,0.0944,5,-17.809,1,0.0288,0.992,0.611,0.105,0.199,92.145,4
spotify:track:1UsXMQwIzCKSk6oIdRE5Jc,"Veins","Veins","Palace",2014-07-15,269974,50,false,,2020-12-19T03:42:06Z,"","Beatnik Creative",0.429,0.273,0,-9.719,1,0.0287,0.349,0.0384,0.111,0.112,110.161,3
spotify:track:60j07dqgy5EC1NNqWnwhTR,"Red Bottoms & Balenciaga","Red Bottoms & Balenciaga","Soulja Boy",2014-08-06,140184,7,false,,2020-12-15T05:48:05Z,"","SODMG",0.897,0.2,1,-17.24,1,0.455,0.00434,0,0.186,0.0774,128.028,4
spotify:track:4i3JEpLw2pC4xfiTF30hUG,"Brown Paper Bag","New Forms","Roni Size",1997-01-01,542933,0,false,,2020-12-13T01:24:04Z,"jungle,drum and bass,breakbeat","Island Mercury",0.53,0.944,11,-3.863,1,0.0824,0.0000571,0.855,0.394,0.493,169.777,4
spotify:track:5uFUxaLu0sQSWWAm9RSjAP,"Centre Of The Storm","In The Mode","Roni Size;Reprazent;Zack De La Rocha",2000-01-01,458133,0,false,,2020-12-13T01:23:59Z,"jungle,drum and bass,breakbeat,trip hop,big beat","Talkin' Loud",0.33,0.97,8,-2.044,1,0.529,0.0148,0,0.854,0.423,174.602,4
spotify:track:1KEtzKk9eIOnGVB3cQ7kkO,"Dirty Beats","In The Mode","Roni Size;Reprazent",2000-01-01,241693,0,false,,2020-12-13T01:23:50Z,"jungle,drum and bass,breakbeat,trip hop,big beat","Talkin' Loud",0.613,0.939,7,-4.518,1,0.299,0.0215,0,0.328,0.735,130.937,3
spotify:track:5peIcugQUBEeX3xUylxfWn,"Who Told You","In The Mode","Roni Size;Reprazent",2000-01-01,184373,0,false,,2020-12-13T01:23:45Z,"jungle,drum and bass,breakbeat,trip hop,big beat","Talkin' Loud",0.735,0.872,10,-3.017,0,0.152,0.0708,0.0000541,0.0938,0.601,100.005,4
spotify:track:4iFRtR56Q9gehRClodb6LE,"Ghetto Celebrity","In The Mode","Roni Size;Reprazent;Method Man",2000-01-01,405826,0,false,,2020-12-13T01:23:36Z,"jungle,drum and bass,breakbeat,trip hop,big beat,east coast hip hop,old school hip hop,hip hop,hardcore hip hop","Talkin' Loud",0.632,0.983,4,-3.296,0,0.111,0.00513,0.0000334,0.214,0.503,90.012,4
spotify:track:5kDi4uwQnHM920ElxNdzUO,"A Punch Up at a Wedding","Hail To the Thief","Radiohead",2003-06-09,297333,54,true,,2020-12-09T05:46:02Z,"art rock,alternative rock","XL Recordings",0.604,0.507,11,-9.967,0,0.0268,0.0776,0.054,0.0919,0.562,79.039,4
spotify:track:2hnMS47jN0etwvFPzYk11f,"Santeria","Sublime","Sublime",1996-07-30,182746,87,false,,2020-12-08T05:00:12Z,"reggae rock,ska punk,ska","Gasoline Alley",0.682,0.765,1,-5.021,0,0.0395,0.0268,0.0000342,0.188,0.567,90.807,4
spotify:track:3F8C4lBQBb1prDTockGa0p,"Smoke Two Joints","Tuxicity","Richard Cheese",2002,90266,0,false,,2020-12-08T04:59:58Z,"comedy,swing music","Surfdog Records",0.584,0.727,11,-6.541,0,0.0878,0.209,0,0.286,0.766,124.09,4
spotify:track:6WbTTAGKrQtCQvmc5BuYfh,"Girls in the Hood","Girls in the Hood","Megan Thee Stallion",2020-06-26,154389,63,true,,2020-12-07T21:22:06Z,"","300 Entertainment",0.821,0.863,6,-3.159,1,0.353,0.00824,0,0.0377,0.874,180.013,4
spotify:track:5N1o6d8zGcSZSeMFkOUQOk,"Hot Girl Summer (feat. Nicki Minaj & Ty Dolla $ign)","Hot Girl Summer (feat. Nicki Minaj & Ty Dolla $ign)","Megan Thee Stallion;Ty Dolla $ign;Nicki Minaj",2019-08-09,199427,65,true,,2020-12-07T21:21:38Z,"trap soul","300 Entertainment",0.872,0.814,0,-4.568,1,0.155,0.00485,0.00000196,0.214,0.57,98.985,4
spotify:track:1Se858cFyzqNuGhGcOF9qy,"Too Experienced","The Barrington Levy Collection","Barrington Levy",1990-06-01,202240,54,false,,2020-12-01T07:39:46Z,"reggae,roots reggae,lovers rock,ragga,dub,dancehall,rocksteady","Greensleeves Records",0.738,0.392,10,-13.351,0,0.136,0.103,0,0.208,0.715,175.814,4
spotify:track:0d4HfseKyOSZvX5EQoLnTz,"Through the Roof 'n' Underground","Multi Kontra Culti vs Irony","Gogol Bordello",2002-09-17,329053,8,false,,2020-12-01T05:02:08Z,"folk punk","Cooking Vinyl",0.467,0.386,9,-11.985,0,0.0335,0.569,0.0000694,0.183,0.73,98.59,4
spotify:track:7j74lucZ59vqN67Ipe2ZcY,"Maneater","H2O","Daryl Hall & John Oates",1982-10-04,273173,88,false,,2020-11-26T20:14:57Z,"yacht rock,soft rock","RCA/Legacy",0.724,0.498,11,-13.083,0,0.0423,0.0405,0.0000856,0.0761,0.823,88.825,4
spotify:track:0qRR9d89hIS0MHRkQ0ejxX,"Rich Girl","Bigger Than Both Of Us","Daryl Hall & John Oates",1976-08-01,142786,84,false,,2020-11-26T20:14:54Z,"yacht rock,soft rock","RCA Records Label",0.573,0.683,5,-6.644,1,0.176,0.461,0,0.0935,0.817,169.519,4
spotify:track:5JkbsAHzvqtABQAeHoVbDO,"Tell Me Something Good","Bigtyme Recordz Greatest Hits","UGK",2016-05-24,339069,0,true,,2020-11-26T19:45:10Z,"southern hip hop,old school hip hop","Bigtyme Recordz",0.865,0.528,7,-6.781,1,0.324,0.0463,0,0.122,0.805,137.597,4
spotify:track:67QoiIkRlv6Y7N4e3eLitd,"To Defy The Laws Of Tradition","They Can't All Be Zingers","Primus",2006-01-01,400800,39,false,,2020-11-25T18:52:59Z,"funk rock,alternative metal,alternative rock,nu metal","Interscope",0.584,0.946,9,-3.609,1,0.0933,0.011,0.046,0.0487,0.387,114.048,4
spotify:track:5w9c2J52mkdntKOmRLeM2m,"Con Calma","Con Calma","Daddy Yankee;Snow",2019-01-24,193226,85,false,,2020-11-25T17:25:56Z,"reggaeton,latin","Craft Latino",0.737,0.86,8,-2.652,0,0.0593,0.11,0.00000194,0.0574,0.656,93.989,4
spotify:track:6jEZLz3YpnEBRpVkv35AmP,"Gasolina","Barrio Fino (Bonus Track Version)","Daddy Yankee",2004-07-13,192600,9,false,,2020-11-25T17:25:48Z,"reggaeton,latin","El Cartel Records Inc.",0.857,0.801,0,-6.499,1,0.0618,0.332,0.0000012,0.0789,0.753,96.009,4
spotify:track:6pq7EtEDWgD5Sh02RJaXK7,"La Chona","Me Robaste El Corazon","Los Tucanes De Tijuana",1995-06-20,198920,77,false,,2020-11-25T17:25:32Z,"corrido,norteño,cumbia norteña,música mexicana,banda,ranchera","Master Q Music",0.84,0.713,7,-5.411,1,0.0399,0.0167,0,0.359,0.965,145.068,4
spotify:track:5Rw3X65fMm5LRpkvezXGIj,"Loss for Words","The Raging Wrath of the Easter Bunny Demo","Mr. Bungle",2020-10-30,256078,0,true,,2020-11-25T05:55:45Z,"avant-garde,funk rock","Ipecac Recordings",0.182,0.977,8,-5.478,1,0.156,0.000147,0.128,0.263,0.152,167.741,4
spotify:track:0HEmnAUT8PHznIAAmVXqFJ,"Faith - Remastered","Faith","George Michael",1987-10-30,193200,79,false,,2020-11-24T06:26:58Z,"","Epic",0.887,0.48,11,-11.994,1,0.117,0.0094,0.0000358,0.0662,0.607,95.846,4
spotify:track:0sAQRgA2m6FQ27JsUyGZ6T,"Devil Box","Folk Devils","Ryan Scroggins and the Trenchtown Texans",2011-06-19,314800,0,false,,2020-11-24T06:08:35Z,"ska punk,ska,ragga","Ryan Scroggins and Trenchtown Texans",0.71,0.685,7,-8.175,1,0.426,0.037,0.00147,0.297,0.657,119.609,4
spotify:track:0fAehaneUJdlSlWXYe1KZp,"Sunday (feat. Frank Ocean)","Doris","Earl Sweatshirt;Frank Ocean",2013-08-16,205800,62,true,,2020-11-20T07:39:25Z,"experimental hip hop,alternative hip hop","Tan Cressida/Columbia",0.716,0.568,2,-8.904,1,0.212,0.278,0.00000198,0.385,0.905,136.894,4
spotify:track:4S7YHmlWwfwArgd8LfSPud,"L$D","AT.LONG.LAST.A$AP","A$AP Rocky",2015-05-26,238314,77,true,,2020-11-20T07:36:47Z,"rap","A$AP Worldwide/Polo Grounds Music/RCA Records",0.598,0.252,2,-15.086,1,0.0644,0.194,0.133,0.0992,0.0352,120.064,4
spotify:track:6GnhWMhgJb7uyiiPEiEkDA,"Weekend (feat. Miguel)","GO:OD AM","Mac Miller;Miguel",2015-09-18,208080,80,true,,2020-11-19T21:39:48Z,"r&b","Warner Records",0.843,0.435,8,-8.442,1,0.178,0.47,0,0.147,0.19,120.058,4
spotify:track:15EPc80XuFrb2LmOzGjuRg,"Crew (feat. Brent Faiyaz & Shy Glizzy)","At What Cost","GoldLink;Brent Faiyaz;Shy Glizzy",2017-03-24,176390,79,true,,2020-11-19T21:39:44Z,"r&b","Squaaash Club/RCA Records",0.728,0.607,1,-8.417,0,0.132,0.133,0,0.0864,0.445,129.938,4
spotify:track:0fq2N4qK5B4mDuVx9FTpkc,"Life Round Here","Life Round Here","James Blake;Chance the Rapper",2013-01-01,188713,41,false,,2020-11-19T21:03:52Z,"","Polydor Records",0.429,0.747,10,-6.237,0,0.239,0.669,0.076,0.122,0.272,144.609,4
spotify:track:5zADxJhJEzuOstzcUtXlXv,"Supper's Ready - 2007 Stereo Mix","Foxtrot (2007 Stereo Mix)","Genesis",1972-10-06,1385906,48,false,,2020-11-19T21:03:45Z,"progressive rock,art rock","Rhino Atlantic",0.344,0.608,4,-9.39,0,0.0626,0.145,0.000712,0.183,0.141,147.197,4
spotify:track:3e90JC8EKLsSDUHmPpxkfp,"9","3","WILLOW;SZA",2014-11-11,253800,63,false,,2020-11-19T21:00:51Z,"r&b","Roc Nation/Roc Nation Artists/Willow",0.597,0.495,8,-8.674,1,0.201,0.215,0.000163,0.104,0.171,76.991,4
spotify:track:20bJBbPapGQ4bqs0YcA9xY,"Just What I Am","Indicud","Kid Cudi;King Chip",2013-04-12,228026,71,true,,2020-11-19T20:44:25Z,"","Kid Cudi/Universal Records",0.654,0.949,1,-3.163,1,0.136,0.00222,0,0.406,0.352,140.008,4
spotify:track:4G9eIyEcVwLoG7kYNFpSII,"Ocean Front Property","Ocean Front Property","George Strait",1987-01-01,188533,71,false,,2020-11-19T18:11:45Z,"country,classic country,traditional country,honky tonk","Geffen*",0.656,0.326,2,-15.756,1,0.0283,0.111,0,0.25,0.787,78.298,4
spotify:track:7DfFc7a6Rwfi3YQMRbDMau,"Thinkin Bout You","channel ORANGE","Frank Ocean",2012-07-10,200746,89,false,,2020-11-19T18:11:27Z,"","Red Zone Entertainment / IDJ",0.721,0.339,0,-11.195,1,0.0532,0.409,0.00153,0.0973,0.2,129.83,4
spotify:track:1Ik7cXbHjHf1iNtsYY5KuF,"Passion (Chrizzlix Remix)","Re - Calibrate","E-Motion;Chrizzlix",2018-08-06,480000,0,false,,2020-11-07T07:13:47Z,"psytrance,progressive trance","BMSS Records",0.542,0.985,7,-5.215,1,0.0659,0.00739,0.901,0.401,0.187,142.006,4
spotify:track:7nVQ8mo77KaUvhUQzh4vMy,"Mammas Don't Let Your Babies Grow up to Be Cowboys","Waylon & Willie","Waylon Jennings;Willie Nelson",1978-01-01,157913,74,false,,2020-11-07T01:57:40Z,"outlaw country,classic country,country,honky tonk,traditional country","Buddha Records",0.363,0.361,9,-14.398,1,0.0499,0.623,0.00119,0.154,0.612,187.711,3
spotify:track:4s6Q9zPmiYcpo5MR7uoVnt,"Goin' Through The Big D","Greatest Hits: Mark Chesnutt","Mark Chesnutt",1996-01-01,155493,62,false,,2020-11-07T01:52:39Z,"classic country,country,traditional country,honky tonk","MCA Nashville",0.566,0.861,10,-7.543,1,0.0365,0.143,0.000213,0.0817,0.862,173.793,5
spotify:track:4OMj5QWwvYSUs9O0hsymts,"Friends in Low Places","Strummin' On Garth","Brooks Jefferson",2015-03-13,258507,69,false,,2020-11-07T01:50:55Z,"country,classic country","Brooks Jefferson",0.553,0.655,9,-5.837,1,0.0355,0.617,0,0.0825,0.624,107.739,4
spotify:track:7k1Xm1wy00hCKJDYJL5p1n,"All My Ex's Live In Texas","George Strait's Greatest Hits, Volume Two","George Strait",1987-01-01,200826,63,false,,2020-11-07T01:49:36Z,"country,classic country,traditional country,honky tonk","Geffen*",0.764,0.333,9,-15.921,1,0.0308,0.217,0.0000102,0.11,0.738,130.541,4
spotify:track:60ZfWcLKGGNVepG0BzpEcB,"Boys From Oklahoma","Live & Loud At The Wormy Dog Saloon","Cross Canadian Ragweed",2001,354400,59,false,,2020-11-07T01:42:27Z,"red dirt,texas country,outlaw country,alt country","Smith Entertainment",0.431,0.796,7,-7.676,1,0.0356,0.00799,0.0000237,0.916,0.726,112.573,4
spotify:track:3XrqAimTtbtzJnaxk0hXR5,"Real or Fake","Wopavelli 4","Lil Wop",2018-10-31,183797,0,true,,2020-11-07T01:34:49Z,"chicago drill","1017 Eskimo / Alamo Records",0.698,0.727,0,-8.167,1,0.44,0.00518,0,0.107,0.527,125.904,5
spotify:track:4jQqM4NI79HEcWHUJb8Hvf,"I Wonder","Graduation","Kanye West",2007-09-11,243440,3,true,,2020-11-04T17:39:22Z,"rap","Roc-A-Fella",0.542,0.466,0,-8.665,1,0.0831,0.141,0.000445,0.125,0.124,191.385,4
spotify:track:3DK6m7It6Pw857FcQftMds,"Runaway","My Beautiful Dark Twisted Fantasy","Kanye West;Pusha T",2010-11-22,547733,88,true,,2020-11-04T17:29:56Z,"rap","Roc-A-Fella",0.374,0.568,1,-3.825,0,0.109,0.219,0.00219,0.513,0.111,84.733,4
spotify:track:4j1OTpSF5ejqYPKwqHvlzM,"Drunk II","Patience","Mannequin Pussy",2019-06-21,268695,53,true,,2020-10-31T07:35:25Z,"riot grrrl,queercore,indie punk","Epitaph",0.473,0.958,7,-3.67,1,0.0372,0.0000411,0.425,0.0793,0.47,136.022,4
spotify:track:6VRu6EN2lRBQiXxEy5rU8Z,"Sudden Death","Sudden Death","Mr. Bungle",2020-10-22,450114,0,true,,2020-10-29T02:03:11Z,"avant-garde,funk rock","Ipecac Recordings",0.278,0.946,1,-5.894,1,0.14,0.000176,0.299,0.1,0.298,109.364,4
spotify:track:1UhiLNkK96pGX0OqWBIX2s,"Eracist","Eracist","Mr. Bungle",2020-09-24,232156,0,true,,2020-10-29T02:03:00Z,"avant-garde,funk rock","Ipecac Recordings",0.414,0.987,8,-4.967,1,0.119,0.000142,0.0305,0.0495,0.328,124.306,4
spotify:track:0rm5BlNI4rpz48SNqQ12so,"210 On My Phone","Bridges and Bayous","Nick Gaitan & The Umbrella Man",2012-05-15,229906,0,false,,2020-10-23T14:37:44Z,"latin hip hop,cajun","Nick Gaitan & the Umbrella Man",0.585,0.583,2,-7.872,1,0.0276,0.0152,0.0000327,0.131,0.598,126.003,4
spotify:track:7gxSs6K9bwpvfRcsx2orzN,"Hurricane Song","Nick Gaitan & The Umbrella Man","Nick Gaitan & The Umbrella Man",2009-11-24,190346,0,false,,2020-10-23T14:29:18Z,"latin hip hop,cajun","Nick Gaitan Music",0.529,0.721,7,-6.495,0,0.0328,0.0263,0.0405,0.121,0.418,119.924,4
spotify:track:5WYZEN7t0hZDCeIjTPlH8U,"Juana","Bridges and Bayous","Nick Gaitan & The Umbrella Man",2012-05-15,146960,1,false,,2020-10-23T14:26:01Z,"latin hip hop,cajun","Nick Gaitan & the Umbrella Man",0.764,0.722,5,-5.804,1,0.0355,0.0173,0.0000254,0.0818,0.963,97.949,4
spotify:track:6iFgPNNc7QGYS8ZyUjIBNV,"Open Your Mind","All Colors","Bassnectar;YOOKiE",2020-06-26,185600,26,false,,2020-10-15T04:58:29Z,"dubstep,bass music,dub,riddim,deathstep","Amorphous Music",0.517,0.881,9,-5.345,1,0.22,0.0000724,0.488,0.185,0.137,149.989,4
spotify:track:4sX9jVZrUiYAJmzKsezBpu,"The Second Moon","Cumulus Motion","Lama House",2019-06-28,209177,40,false,,2020-10-09T11:16:19Z,"","Epidemic Sound",0.184,0.234,2,-17.895,1,0.0352,0.789,0.931,0.0752,0.0552,62.247,4
spotify:track:3qvydcklZvW1NAckstunKa,"Morning Prayer","Sol III","Snowfx",2020-03-12,128243,25,false,,2020-10-09T09:17:16Z,"ambient","1836244 Records DK",0.158,0.17,6,-20.166,1,0.0322,0.958,0.697,0.0843,0.0379,137.14,3
spotify:track:6yDPHPSicHPiQrFtBMk5bj,"Ocarina","Ocarina","TV Blonde",2017-10-13,181826,39,false,,2020-10-09T05:39:14Z,"lo-fi","TV Blonde",0.404,0.734,0,-5.81,1,0.0381,0.312,0.00000348,0.45,0.0468,138.455,4
spotify:track:2V3aBTKWMnEkjzABx6Sj80,"BadHabits","8 Cavities","Poptartpete",2013-12-09,107873,17,false,,2020-10-09T05:36:10Z,"lo-fi hip hop,lo-fi beats,lo-fi","Paxico Records",0.845,0.302,6,-9.835,1,0.267,0.72,0.216,0.123,0.317,82.295,4
spotify:track:0t3AvLeqkD0s72U59LeewQ,"Of Course I Still Love You","Peace & Love","Dylan Brady",2018-10-19,202391,39,false,,2020-10-09T04:32:16Z,"hyperpop","Mad Decent",0.711,0.356,7,-8.413,0,0.0307,0.161,0.000709,0.135,0.587,134.126,4
spotify:track:3pEjVn2WLIfC7Ggwm6akd4,"Trying Not To Die","Time","Louis Cole;Dennis Hamm",2018-08-10,242162,26,false,,2020-10-09T04:24:18Z,"indie jazz","Brainfeeder",0.701,0.697,10,-9.006,1,0.0432,0.746,0.2,0.0849,0.511,111.038,4
spotify:track:1vDrzGMOVfZWXHmt0XFZTz,"Vegans Suck","Palmas","Poptartpete",2016-11-09,84403,0,false,,2020-10-09T04:08:40Z,"lo-fi hip hop,lo-fi beats,lo-fi","Urban Waves Records",0.729,0.388,7,-15.254,1,0.176,0.0428,0.914,0.0886,0.943,81.12,4
spotify:track:3rgDLgtdQ7p3ZMgXZuhHdX,"So Special (Gonna Last)","Palmas","Poptartpete",2016-11-09,124000,0,false,,2020-10-09T04:08:12Z,"lo-fi hip hop,lo-fi beats,lo-fi","Urban Waves Records",0.679,0.607,11,-11.381,0,0.141,0.34,0.0914,0.126,0.783,78.093,4
spotify:track:6PQ85zj5vEg6sct710Bfcl,"Odd Octubree","Volume: One! For The Money","brandUn DeShay;Tyler, The Creator;Casey Veggies",2008-10-14,534413,49,true,,2020-10-09T03:34:47Z,"experimental hip hop","Seven7Ceven Music",0.403,0.739,4,-6.717,0,0.293,0.266,0.0004,0.508,0.575,86.16,4
spotify:track:4UxSerjpUMK1CY3UmLeGAO,"Eterna Forest","Eterna Forest","insaneintherainmusic",2016-04-16,308163,36,false,,2020-10-09T02:42:19Z,"jazz","602726 Records DK2",0.583,0.391,7,-8.396,1,0.029,0.804,0.308,0.211,0.126,145.979,4
spotify:track:3KKBT4UfWIP3fBMXn5Oprj,"L'oiseau qui danse","Like What","Tennyson",2015-12-04,116657,0,false,,2020-10-09T02:34:48Z,"","Last Gang",0.751,0.497,11,-8.788,0,0.0565,0.116,0.841,0.104,0.727,130.051,4
spotify:track:1F65NjLm6OQIpuiwGMAdBf,"Hang Up","Hang Up","WRLD;Savoi",2018-04-06,199500,52,false,,2020-10-08T16:16:02Z,"future bass","Monstercat",0.665,0.834,5,-3.845,0,0.0278,0.00506,0.00195,0.153,0.293,120.049,4
spotify:track:4EndPA8b6FDWYp1RgsnLEB,"Blame Game","My Beautiful Dark Twisted Fantasy","Kanye West;John Legend",2010-11-22,469866,67,true,,2020-10-05T08:01:18Z,"rap,soft pop,neo soul","Roc-A-Fella",0.419,0.581,10,-5.964,0,0.0688,0.306,0.000063,0.11,0.636,80.305,1
spotify:track:0iZTYCYfk5UEfm8AEWyEb4,"Paradise","Floating","Paradise Sunset",2020-05-31,196000,17,false,,2020-10-03T13:06:08Z,"","Chill Palm",0.393,0.148,0,-19.395,1,0.0529,0.961,0.978,0.1,0.0387,125.84,4
spotify:track:1EgWZkH5xIMi6YOjRUHO08,"Hollow Shells","Hollow Shells","Ocean Island",2020-08-08,255000,17,false,,2020-10-01T19:47:08Z,"","Chill Palm",0.206,0.361,0,-14.128,1,0.0382,0.0123,0.764,0.112,0.0422,60.056,4
spotify:track:199eFrnapH9EbC0H3YKLGq,"Iris","Escape","Pim Miles",2020-05-06,222666,21,false,,2020-09-30T06:57:14Z,"","Firefly Entertainment",0.0969,0.0634,0,-25.11,1,0.0407,0.987,0.953,0.071,0.0364,67.134,3
spotify:track:48q11vTdgDhiESkhgZ7hoG,"Caligula","One Hundred Mornings","Windows 96",2018-07-06,316479,0,false,,2020-09-28T16:05:00Z,"vaporwave,chillwave,synthwave,plunderphonics","Gabriel Eduardo",0.644,0.564,6,-10.324,0,0.0569,0.766,0.914,0.11,0.219,90.01,4
spotify:track:4sbdV8g1Hge6AxNe6meeFL,"Vaping in the Hood","Vaping in the Hood","Dj Jules",2016-12-23,199053,0,true,,2020-09-28T15:41:13Z,"vaporwave","818486 Records DK",0.469,0.662,9,-10.684,1,0.217,0.485,0,0.326,0.951,175.62,4
spotify:track:4RIvdBLfwrZ5Vsang0WxKc,"Time Moves Slower Here","Time Moves Slower Here","Chester Watson",2019-02-01,98461,20,true,,2020-09-28T15:37:28Z,"","Otherworldly Records",0.55,0.327,4,-14.225,0,0.404,0.479,0.104,0.109,0.268,80.732,4
spotify:track:43dBDwPskkedkUJYcVvvjs,"main menu","bird world","leon chang",2017-05-03,127000,0,false,,2020-09-28T15:35:29Z,"","643601 Records DK",0.746,0.423,0,-12.345,1,0.0737,0.589,0.164,0.316,0.572,119.987,4
spotify:track:0nuqBeX5f1v8zDl0q7Bu3i,"Who's Theme","Who's Theme","Sapphire",2018-10-12,301936,29,false,,2020-09-28T15:24:18Z,"anime","Sapphire",0.656,0.543,9,-4.013,1,0.0299,0.215,0.152,0.192,0.468,169.987,4
spotify:track:4Kh8w1MgC7LYHSbSX2lDzP,"Make It Forever","Slide","George Clanton",2018-08-17,211547,54,false,,2020-09-28T15:05:36Z,"vaporwave,chillwave,plunderphonics","100% Electronica LLC",0.407,0.924,5,-5.543,1,0.0788,0.0208,0.0605,0.208,0.218,168.038,4
spotify:track:31tf1qEai5o5f4r66Kd0pU,"Me and Your Mama","""Awaken, My Love!""","Childish Gambino",2016-12-02,379226,3,false,,2020-09-21T21:31:34Z,"","Glassnote Entertainment Group LLC",0.554,0.433,5,-12.628,1,0.0341,0.0116,0.0449,0.0667,0.237,117.996,3
spotify:track:6IZvVAP7VPPnsGX6bvgkqg,"PRIDE.","DAMN.","Kendrick Lamar",2017-04-14,275253,83,true,,2020-09-21T21:27:31Z,"hip hop,west coast hip hop","Aftermath",0.665,0.535,4,-7.056,0,0.0572,0.0786,0.0000168,0.154,0.37,138.842,4
spotify:track:2q0VexHJirnUPnEOhr2DxK,"Biking","Biking","Frank Ocean;JAŸ-Z;Tyler, The Creator",2017-04-10,277520,69,true,,2020-09-21T20:30:34Z,"hip hop,east coast hip hop,rap","Blonded",0.673,0.463,2,-7.247,1,0.191,0.681,0.0000049,0.0907,0.268,147.981,4
spotify:track:59rtiYOPgMEDf3yPEfU2la,"Still Tippin' (feat. Slim Thug and Paul Wall)","Who Is Mike Jones?","Mike Jones;Paul Wall;Slim Thug",2005-04-19,271053,72,true,,2020-09-18T17:41:54Z,"southern hip hop,crunk","Warner Records",0.86,0.861,6,-7.131,0,0.307,0.0361,0.0000407,0.113,0.79,143.184,4
spotify:track:2rtIxn1zJEFMN2naD8VofS,"No Hook","American Gangster","JAŸ-Z",2007-11-06,193946,38,true,,2020-09-18T17:07:04Z,"hip hop,east coast hip hop,rap","Roc Nation / Jay-Z",0.695,0.802,7,-4.41,1,0.343,0.157,0,0.147,0.285,77.733,4
spotify:track:4Oun2ylbjFKMPTiaSbbCih,"WAP (feat. Megan Thee Stallion)","WAP (feat. Megan Thee Stallion)","Cardi B;Megan Thee Stallion",2020-08-07,187546,78,true,,2020-09-09T19:46:41Z,"","Atlantic/KSR",0.935,0.454,1,-7.509,1,0.375,0.0194,0,0.0824,0.357,133.073,4
spotify:track:7iVsgWjc037KNS1L1zKES7,"Push It - Re-Recorded","Greatest Hits","Salt-N-Pepa",2012-09-20,273398,36,false,,2020-09-09T19:40:17Z,"old school hip hop","X-Ray Records",0.832,0.605,11,-12.075,0,0.0627,0.0000748,0.0774,0.053,0.97,127.992,4
spotify:track:7sZDbHZiuHEzS00vzCuhqS,"Rapper's Delight","The Showdown: The Sugarhill Gang vs. Grandmaster Flash & The Furious Five","The Sugarhill Gang",1999-01-24,427360,61,false,,2020-09-09T19:40:09Z,"old school hip hop,funk","Rhino",0.9,0.845,11,-7.306,0,0.257,0.465,0,0.0724,0.914,111.187,4
spotify:track:1MQCTOWVfy4PcuBXkBsHVB,"Just a Friend","Just a Friend - EP","Biz Markie",2009-06-11,238266,66,false,,2020-09-09T19:36:55Z,"old school hip hop,east coast hip hop","Rhino",0.862,0.663,0,-9.004,1,0.21,0.12,0,0.318,0.837,85.308,4
spotify:track:0Pu71wxadDlB8fJXfjIjeJ,"Shoop","Very Necessary","Salt-N-Pepa",1993-10-12,248573,74,false,,2020-09-09T13:52:30Z,"old school hip hop","Mercury Records",0.939,0.674,0,-7.232,1,0.212,0.091,0,0.0565,0.792,96.918,4
spotify:track:5v4GgrXPMghOnBBLmveLac,"Savage Remix (feat. Beyoncé)","Savage Remix (feat. Beyoncé)","Megan Thee Stallion;Beyoncé",2020-04-29,242000,65,true,,2020-09-09T13:51:26Z,"","300 Entertainment",0.822,0.743,10,-4.772,0,0.28,0.016,0,0.127,0.636,84.459,4
spotify:track:51pshtuYkgUQnt5huMPbKL,"The Spins","K.I.D.S.","Mac Miller",2010-08-13,195873,10,true,,2020-09-08T15:18:01Z,"","Rostrum Records",0.794,0.766,9,-3.894,0,0.0377,0.0135,0,0.0785,0.55,127.007,4
spotify:track:0smgkpVia3VCXgY4qhVJvp,"Guilty Conscience","Modus Vivendi","070 Shake",2020-01-17,213333,63,false,,2020-09-08T15:07:38Z,"","Getting Out Our Dreams Inc. (G.O.O.D.) Music / IDJ",0.542,0.637,7,-6.049,1,0.135,0.00675,0,0.123,0.221,179.813,4
spotify:track:0UnTaVkntyh3vqvLEvbpQx,"In Your Eyes (with Doja Cat) - Remix","In Your Eyes (Remix)","The Weeknd;Doja Cat",2020-05-21,237911,65,false,,2020-09-08T14:57:45Z,"","Republic Records",0.679,0.731,7,-5.522,0,0.0319,0.00518,0.000127,0.0614,0.727,99.984,4
spotify:track:1Ysc1uDZtf430TGavoS1j4,"Professional Rapper (feat. Snoop Dogg)","Professional Rapper","Lil Dicky;Snoop Dogg",2015-07-31,353959,0,true,,2020-09-07T21:50:30Z,"g-funk,west coast hip hop,gangster rap,old school hip hop,hip hop,rap","CMSN",0.685,0.621,11,-8.442,0,0.361,0.433,0,0.607,0.538,128.906,3
spotify:track:1D5IUaypUrzUaqFIFgQ1KH,"Be Aggressive","Angel Dust","Faith No More",1992-06-08,222440,45,false,,2020-09-07T19:55:26Z,"funk rock,alternative metal,rap metal,grunge","London Records",0.387,0.971,2,-5.192,1,0.19,0.0113,0.0287,0.0663,0.358,121.572,4
spotify:track:62HyVeSK4fpxjKj6dsI5MP,"Midlife Crisis","Angel Dust","Faith No More",1992-06-08,259866,54,false,,2020-09-07T19:55:22Z,"funk rock,alternative metal,rap metal,grunge","London Records",0.669,0.656,9,-10.549,1,0.0413,0.00113,0.000252,0.0989,0.464,108.098,4
spotify:track:2vCnEuoc65PXAdx33Y7syW,"War Pigs","The Real Thing","Faith No More",1989,465933,50,false,,2020-09-07T19:54:59Z,"funk rock,alternative metal,rap metal,grunge","London Records",0.323,0.891,6,-7.018,0,0.119,0.00126,0.019,0.243,0.236,97.391,4
spotify:track:4ARWqDQkQwWGiFXqa7zFA6,"Caffeine","Angel Dust","Faith No More",1992-06-08,268133,46,true,,2020-09-07T19:54:50Z,"funk rock,alternative metal,rap metal,grunge","London Records",0.409,0.904,9,-6.977,1,0.109,0.00053,0.438,0.303,0.33,171.5,3
spotify:track:2ykReEB3c9QPl40SUr8qwg,"Kindergarten","Angel Dust","Faith No More",1992-06-08,271040,45,false,,2020-09-07T19:54:46Z,"funk rock,alternative metal,rap metal,grunge","London Records",0.486,0.933,9,-7.187,1,0.044,0.015,0.00609,0.213,0.504,94.866,4
spotify:track:2tBDqXLR0vb78suPz8qwHl,"Jizzlobber","Angel Dust","Faith No More",1992-06-08,398666,38,false,,2020-09-07T19:54:40Z,"funk rock,alternative metal,rap metal,grunge","London Records",0.16,0.843,0,-7.537,1,0.0743,0.00221,0.634,0.366,0.194,179.312,4
spotify:track:3Ph7fws05DvPwpn5CQHTBy,"Midlife Crisis","Angel Dust (Deluxe Edition)","Faith No More",1992,259866,66,false,,2020-09-07T19:54:24Z,"funk rock,alternative metal,rap metal,grunge","WM UK",0.669,0.656,9,-10.549,1,0.0413,0.00113,0.000252,0.0989,0.464,108.098,4
spotify:track:1Iw3wchVrb4rahrtYqcdW6,"Surprise! You're Dead!","The Real Thing","Faith No More",1989,146173,48,false,,2020-09-07T19:54:09Z,"funk rock,alternative metal,rap metal,grunge","London Records",0.493,0.938,4,-7.221,0,0.0819,0.0000228,0.0159,0.121,0.707,94.655,4
spotify:track:1dwg5WIMZLUT9tkc1FsNYX,"Zombie Eaters","The Real Thing","Faith No More",1989,360106,50,false,,2020-09-07T19:54:05Z,"funk rock,alternative metal,rap metal,grunge","London Records",0.239,0.767,4,-12.508,0,0.109,0.00228,0.0449,0.141,0.164,141.886,4
spotify:track:4ReyTz0y3TGkX48wO3Llot,"Epic","The Real Thing","Faith No More",1989,293653,73,false,,2020-09-07T19:53:57Z,"funk rock,alternative metal,rap metal,grunge","London Records",0.358,0.893,4,-7.486,0,0.12,0.0222,0.0524,0.126,0.262,174.238,4
spotify:track:4Y3WqmBWmG23thvU9xEhMv,"Easy","Angel Dust (Deluxe Edition)","Faith No More",1992,186960,70,false,,2020-09-07T19:52:46Z,"funk rock,alternative metal,rap metal,grunge","WM UK",0.506,0.554,10,-6.743,0,0.0339,0.339,0.000355,0.112,0.375,124.724,4
spotify:track:5Zdd3z9JsKy0DfONuj2hdG,"Squeeze Me Macaroni","Mr. Bungle","Mr. Bungle",1991-08-09,338400,45,true,,2020-09-07T19:34:35Z,"avant-garde,funk rock","Warner Records",0.438,0.86,8,-10.151,1,0.21,0.133,0.000848,0.387,0.564,140.453,4
spotify:track:03AuvQVLAKUJGb5CTxhT3G,"Carousel","Mr. Bungle","Mr. Bungle",1991-08-09,313573,46,false,,2020-09-07T19:34:23Z,"avant-garde,funk rock","Warner Records",0.54,0.803,0,-9.407,1,0.0471,0.228,0.000334,0.0682,0.78,137.171,4
spotify:track:6IwRVTYj4kZh7lok84WrwH,"God Hates a Coward","Tomahawk","Tomahawk",2001,159451,2,false,,2020-09-07T19:31:54Z,"avant-garde,alternative metal,noise rock","Ipecac Recordings",0.585,0.725,1,-6.788,1,0.1,0.00942,0.0378,0.399,0.714,146.11,4
spotify:track:5qQxqHhrMzDdEFOtcAYNk2,"Digging the Grave","King for a Day, Fool for a Lifetime","Faith No More",1995-04-25,183800,49,false,,2020-09-07T19:31:34Z,"funk rock,alternative metal,rap metal,grunge","WM UK",0.248,0.977,4,-5.309,0,0.0606,0.0000849,0.00189,0.375,0.769,163.076,4
spotify:track:1nQYp5oIS2WW1WYCQF41KP,"Ugly in the Morning","King for a Day, Fool for a Lifetime","Faith No More",1995-04-25,186960,39,false,,2020-09-07T19:31:30Z,"funk rock,alternative metal,rap metal,grunge","WM UK",0.388,0.978,4,-8.633,1,0.075,0.00209,0.392,0.235,0.321,109.325,4
spotify:track:7dpFJmdFiahlgzzEmgUwoN,"Virginia","Lord Willin'","Clipse",2002-04-01,237440,52,true,,2020-09-07T19:07:08Z,"","Arista",0.643,0.878,11,-2.729,0,0.341,0.0589,0,0.626,0.613,159.709,4
spotify:track:3ruGcz1vh9wdcLJ7IF4ek2,"Dormiveglia","Presomnal","Benjamin Gustafsson",2017-11-17,161020,0,false,,2020-08-25T23:37:10Z,"neoclassical","Benjamin Gustafsson",0.289,0.029,1,-31.863,1,0.0285,0.992,0.906,0.133,0.4,66.942,4
spotify:track:6hRrzZJ90DNQdEF1Wu2Mrf,"As I Am","I Used To Know Her","H.E.R.",2019-08-30,240125,57,false,,2020-08-19T01:13:26Z,"r&b","MBK Entertainment/RCA Records",0.445,0.567,2,-8.19,0,0.245,0.0822,0.00000129,0.225,0.176,83.661,4
spotify:track:4QTbvU8LSI5p43PEcpP3fe,"Play the Guitar (feat. André 3000)","Play the Guitar (feat. André 3000)","B.o.B;André 3000",2011-12-27,204064,31,true,,2020-08-12T18:30:09Z,"ambient jazz","Rebel Rock/Grand Hustle/Atlantic",0.574,0.906,7,-4.259,1,0.298,0.00836,0,0.134,0.377,134.172,5
spotify:track:6Nr5qMocbZpdowiTcsoNdo,"Waluigi Smash Pt2","Waluigi Smash Pt2","The Kevin Bennett",2019-12-19,243797,42,true,,2020-08-12T03:24:09Z,"anime rap","Mashed",0.456,0.745,11,-9.532,0,0.26,0.0413,0,0.141,0.566,164.092,4
spotify:track:4M1ibMy9qYIIyaZHfrxkBe,"King (Luffy Rap)","King (Luffy Rap)","Rustage",2018-12-29,141278,33,true,,2020-08-12T03:24:07Z,"anime rap,anime","864037 Records DK",0.83,0.91,4,-5.294,0,0.352,0.54,0,0.109,0.585,110.078,4
spotify:track:2bQdgtO42TfS37YWupeMrr,"Int'l Players Anthem (I Choose You) (feat. Outkast)","The Essential UGK","UGK;Outkast",2014-03-14,258986,52,true,,2020-07-31T14:54:02Z,"southern hip hop,old school hip hop,hip hop","Jive/Legacy",0.697,0.681,4,-5.084,0,0.219,0.0598,0,0.301,0.82,77.847,4
spotify:track:4pYXMzpwKKqNOkGohCmoST,"Headhunter","The Sound Of Belgium","Front 242",2013,300400,35,false,,2020-07-31T06:52:31Z,"ebm,industrial,industrial rock,darkwave,industrial metal,new wave,cold wave,synthpop","La Musique Fait La Force",0.851,0.905,6,-6.483,1,0.0624,0.000889,0.64,0.0771,0.841,123.031,4
spotify:track:6UjoFSEjjfY0O9x0KOQX1m,"Over Dere Fighting","Over Dere Fighting","Rum",2019-09-28,171493,0,true,,2020-07-29T16:03:47Z,"","Switchman Entertainment",0.97,0.491,8,-12.205,0,0.331,0.000207,0.000119,0.375,0.32,125.999,4
spotify:track:2A4aYsLt5rquRhbbPISx8E,"Lunacy Fringe","In Love and Death","The Used",2004-09-27,220986,44,false,,2020-07-29T05:25:44Z,"emo,screamo,post-hardcore,pop punk","Reprise",0.541,0.607,8,-7.601,0,0.0398,0.00143,0,0.133,0.613,147.042,4
spotify:track:7CUkeiG7QtB7tPU9f8SANS,"hand crushed by a mallet","1000 gecs","100 gecs;Laura Les;Dylan Brady",2019-05-31,126616,60,true,,2020-07-29T04:34:49Z,"hyperpop,glitch","Dog Show Records",0.659,0.473,1,-7.306,0,0.125,0.274,0,0.28,0.788,84.505,4
spotify:track:7ixiCZEHWHc8FxaQXQh2P4,"Bam Bam","One Two","Sister Nancy",1982,196506,3,false,,2020-07-28T19:47:13Z,"reggae,ragga,rocksteady","Techniques",0.722,0.605,5,-6.07,1,0.153,0.825,0.0178,0.248,0.709,165.998,4
spotify:track:6Ozh9Ok6h4Oi1wUSLtBseN,"BOP","KIRK","DaBaby",2019-09-27,159714,79,true,,2020-07-23T17:41:44Z,"","South Coast Music Group/Interscope Records",0.769,0.787,11,-3.909,1,0.367,0.189,0,0.129,0.836,126.77,4
spotify:track:1H7KnK26kc1YyellpbINEn,"The Woo (feat. 50 Cent & Roddy Ricch)","Shoot For The Stars Aim For The Moon","Pop Smoke;50 Cent;Roddy Ricch",2020-07-03,201600,10,true,,2020-07-23T17:39:49Z,"brooklyn drill,new york drill,drill,old school hip hop,east coast hip hop,melodic rap","Victor Victor Worldwide",0.49,0.618,1,-5.655,1,0.104,0.0221,0.00000377,0.259,0.286,99.7,4
spotify:track:0PvFJmanyNQMseIFrU708S,"For The Night (feat. Lil Baby & DaBaby)","Shoot For The Stars Aim For The Moon","Pop Smoke;Lil Baby;DaBaby",2020-07-03,190476,14,true,,2020-07-23T17:39:24Z,"brooklyn drill,new york drill,drill","Victor Victor Worldwide",0.823,0.586,6,-6.606,0,0.2,0.114,0,0.193,0.347,125.971,4
spotify:track:6mYdf1QFsQDNFRj6siQowA,"Caramelldancing - Radio Mix","Caramelldancing","Caramella Girls",2008-01-01,176280,51,false,,2020-07-22T15:17:39Z,"nightcore,europop,eurodance","Remixed Records",0.648,0.998,6,-3.085,1,0.104,0.0438,0.245,0.047,0.81,164.75,4
spotify:track:7MwwPyZJ7UKFROj2oVnH6R,"Caramelldansen","Supergott (Speedy Mixes)","Caramella Girls",2008-01-05,175333,72,false,,2020-07-22T15:17:29Z,"nightcore,europop,eurodance","Remixed Records",0.602,0.999,6,-5.236,1,0.0956,0.0136,0.617,0.341,0.789,164.822,4
spotify:track:4e5IPJxSGVWPsaxQzdRseN,"Who Will Survive In America","My Beautiful Dark Twisted Fantasy","Kanye West",2010-11-22,98200,59,true,,2020-07-22T04:35:52Z,"rap","Roc-A-Fella",0.677,0.842,1,-6.111,1,0.36,0.228,0.000684,0.856,0.595,116.166,4
spotify:track:22Y1Gg0uugLCNP48yezX0q,"Fett's Vette","Fett's Vette","MC Chris",2001-01-01,204875,0,true,,2020-07-21T23:38:09Z,"","Mc Chris",0.882,0.638,4,-7.668,0,0.291,0.172,0,0.128,0.448,114.973,4
spotify:track:34xLo7nzhpPEcWw7AjEGHf,"Hijack","Knowing Is Half the Hassle","MC Chris",2002-12-01,196000,10,true,,2020-07-21T23:38:05Z,"","Mc Chris",0.662,0.542,1,-8.082,1,0.313,0.0385,0,0.165,0.628,164.923,4
spotify:track:799f6Ih1Pu4AUApMyXhxUc,"Bonfire","Camp","Childish Gambino",2011-11-15,192946,3,true,,2020-07-20T01:54:15Z,"","Glassnote Entertainment Group LLC",0.506,0.745,8,-6.044,1,0.331,0.0594,0,0.341,0.311,161.808,4
spotify:track:6FBzhcfgGacfXF3AmtfEaX,"C U Girl","C U Girl","Steve Lacy",2015-02-15,129697,81,false,,2020-07-20T01:53:22Z,"","L-M Records",0.414,0.473,11,-8.911,0,0.116,0.663,0.0523,0.128,0.409,100,4
spotify:track:0CmQgwV3Bmzh9nZb9TNVEI,"Do To Me","Do To Me","H.E.R.",2020-07-08,225103,56,false,,2020-07-20T01:47:27Z,"r&b","MBK Entertainment/RCA Records",0.477,0.854,0,-5.884,1,0.138,0.0603,0,0.168,0.494,144.841,4
spotify:track:4RVbK6cV0VqWdpCDcx3hiT,"Reborn","KIDS SEE GHOSTS","KIDS SEE GHOSTS",2018-06-08,324674,71,true,,2020-07-20T01:40:53Z,"","Getting Out Our Dreams, Inc./Def Jam Recordings",0.585,0.597,0,-7.499,1,0.037,0.339,0.0404,0.195,0.227,100.051,4
spotify:track:1jzIJcHCXneHw7ojC6LXiF,"Potato Salad","Potato Salad","Tyler, The Creator;A$AP Rocky",2018-09-28,182493,69,true,,2020-07-20T01:35:20Z,"rap","Columbia/RCA",0.538,0.612,2,-6.02,1,0.424,0.308,0,0.213,0.684,168.197,4
spotify:track:6e7hIhOLH9zvb3zP5O5gt0,"BOY BYE","GINGER","BROCKHAMPTON",2019-08-23,142181,59,true,,2020-07-20T01:34:23Z,"","Question Everything/RCA Records",0.869,0.747,9,-7.143,1,0.151,0.512,0,0.124,0.784,124.932,4
spotify:track:6R6ihJhRbgu7JxJKIbW57w,"Provider","Provider","Frank Ocean",2017-08-27,243238,68,false,,2020-07-20T01:28:27Z,"","Blonded",0.654,0.325,2,-11.925,1,0.282,0.74,0.0000214,0.152,0.39,139.886,4
spotify:track:5NhlpQ6BOIz3S5welptk1W,"Sober","Kauai","Childish Gambino",2014-10-03,252026,1,false,,2020-07-20T01:26:53Z,"","Glassnote Entertainment Group LLC",0.707,0.562,0,-7.621,1,0.0305,0.124,0.0000158,0.561,0.418,98.094,4
spotify:track:72794Eag03xdy7TO0KNuid,"Cayendo (Side A - Acoustic)","Cayendo (Side A - Acoustic)","Frank Ocean",2020-04-03,202200,68,false,,2020-07-20T01:20:29Z,"","Blonded",0.35,0.12,3,-11.104,0,0.0393,0.982,0.000289,0.103,0.121,68.995,4
spotify:track:3f3cliOygeuUpGRwdohy12,"Comfortable","Comfortable","H.E.R.",2020-02-05,255065,65,false,,2020-07-20T01:17:30Z,"r&b","MBK Entertainment/RCA Records",0.429,0.4,5,-11.679,0,0.0882,0.629,0.0000325,0.087,0.357,72.487,4
spotify:track:7mEUjhl6aTztdHCrxoTgBG,"Wash Us In The Blood","Wash Us In The Blood","Kanye West;Travis Scott",2020-06-30,189827,55,false,,2020-07-20T01:07:49Z,"rap","Getting Out Our Dreams II / Def Jam Recordings",0.67,0.847,10,-4.85,1,0.409,0.184,0,0.304,0.381,137.22,4
spotify:track:6XNANAB7sFvkfho6bMCp7o,"Summertime In Paris","ERYS (Deluxe)","Jaden;WILLOW",2019-07-05,270960,64,true,,2020-07-20T00:52:11Z,"","MSFTSMusic / Roc Nation Records",0.569,0.86,9,-4.116,1,0.043,0.135,0,0.153,0.289,90.937,4
spotify:track:5bknBRjKJZ643DAN2w8Yoy,"FACE","SATURATION","BROCKHAMPTON",2017-06-09,259000,60,true,,2020-07-20T00:48:16Z,"","QUESTION EVERYTHING, INC. / EMPIRE",0.945,0.702,11,-5.016,0,0.12,0.591,0.000538,0.0788,0.678,119.887,4
spotify:track:3D8sT8D3f5egWSQnF0fbqu,"Chicken Tenders","Chicken Tenders","Dominic Fike",2020-06-26,170405,44,false,,2020-07-19T23:56:17Z,"","Columbia",0.746,0.741,11,-5.459,1,0.0567,0.268,0,0.644,0.72,119.983,4
spotify:track:011ZwIM48eD8ee2UBpG8nK,"12.38 (feat. 21 Savage, Ink & Kadhja Bonet)","3.15.20","Childish Gambino;21 Savage;Ink;Kadhja Bonet",2020-03-22,392186,0,true,,2020-07-19T23:52:23Z,"","Wolf+Rothstein/RCA Records",0.691,0.524,5,-9.718,1,0.16,0.197,0.0000429,0.488,0.41,164.047,4
spotify:track:1fOkmYW3ZFkkjIdOZSf596,"Pink Matter","channel ORANGE","Frank Ocean;André 3000",2012-07-10,268813,83,true,,2020-07-19T23:39:51Z,"ambient jazz","Red Zone Entertainment / IDJ",0.392,0.233,11,-11.012,0,0.0587,0.951,0.000322,0.106,0.494,176.569,3
spotify:track:7KA4W4McWYRpgf0fWsJZWB,"See You Again (feat. Kali Uchis)","Flower Boy","Tyler, The Creator;Kali Uchis",2017-07-21,180386,93,true,,2020-07-19T23:31:48Z,"","Columbia",0.558,0.559,6,-9.222,1,0.0959,0.371,0.00000749,0.109,0.62,78.558,4
spotify:track:6gSw5vz7dcafda23VqMrnl,"Empty","American Boyfriend: A Suburban Love Story","Kevin Abstract",2016-11-18,194336,52,true,,2020-07-19T23:28:39Z,"","QUESTION EVERYTHING, INC. / EMPIRE",0.59,0.498,9,-6.845,1,0.0827,0.162,0,0.0947,0.504,80.022,4
spotify:track:2ZltjIqztEpZtafc8w0I9t,"3005","Because the Internet","Childish Gambino",2013-12-10,234215,4,true,,2020-07-19T23:26:18Z,"","Glassnote Entertainment Group LLC",0.472,0.448,6,-7.272,0,0.326,0.113,0,0.0914,0.636,166.077,4
spotify:track:0VjIjW4GlUZAMYd2vXMi3b,"Blinding Lights","After Hours","The Weeknd",2020-03-20,200040,93,false,,2020-07-19T23:20:10Z,"","Republic Records",0.513,0.73,1,-5.94,1,0.0598,0.00143,0.0000954,0.0897,0.334,171.001,4
spotify:track:7yNf9YjeO5JXUE3JEBgnYc,"Babydoll","Don't Forget About Me, Demos","Dominic Fike",2018-10-16,97960,98,false,,2020-07-19T23:17:32Z,"","Columbia",0.762,0.604,7,-5.296,0,0.11,0.114,0,0.0271,0.847,168.007,4
spotify:track:2RPbEp0DyBVlkRvvYKopO7,"Wat's Wrong (feat. Zacari & Kendrick Lamar)","The Sun's Tirade","Isaiah Rashad;Zacari;Kendrick Lamar",2016-09-02,330783,72,true,,2020-07-19T22:51:02Z,"hip hop,west coast hip hop","Top Dawg Entertainment",0.706,0.688,1,-6.357,1,0.269,0.151,0,0.466,0.313,125.966,4
spotify:track:4qMlF2uBW2PtGSEMHPcNnZ,"Riri","Riri","Aminé",2020-05-29,182138,1,true,,2020-07-19T22:39:15Z,"","Republic Records",0.812,0.628,10,-6.128,0,0.0327,0.0467,0.00000165,0.226,0.506,121.99,4
spotify:track:14blxrgE0VWAgv5aF2wWmx,"Good Life","Graduation","Kanye West;T-Pain",2007-09-11,207000,5,true,,2020-07-19T22:31:37Z,"rap","Roc-A-Fella",0.439,0.808,1,-6.881,1,0.346,0.00305,0,0.439,0.487,82.962,4
spotify:track:0dWOFwdXrbBUYqD9DLsoyK,"BLEACH","SATURATION III","BROCKHAMPTON",2017-12-15,273151,67,true,,2020-07-19T22:27:42Z,"","QUESTION EVERYTHING, INC. / EMPIRE",0.595,0.657,1,-6.498,0,0.183,0.462,0.000597,0.437,0.718,156.093,4
spotify:track:37y7iDayfwm3WXn5BiAoRk,"Dark Red","Dark Red","Steve Lacy",2017-02-20,173104,6,false,,2020-07-19T22:26:33Z,"","Three Quarter",0.603,0.783,6,-4.023,1,0.062,0.449,0.00000796,0.119,0.775,172.041,4
spotify:track:2INhKpUdzh7v0j041gZNsz,"DHL","DHL","Frank Ocean",2019-10-19,268893,64,true,,2020-07-19T22:22:07Z,"","Blonded",0.819,0.458,4,-10.223,0,0.167,0.582,0.173,0.128,0.232,122.981,4
spotify:track:5QvBXUm5MglLJ3iBfTX2Wo,"RUNNING OUT OF TIME","IGOR","Tyler, The Creator",2019-05-17,177219,75,true,,2020-07-19T22:15:20Z,"","Columbia",0.36,0.391,6,-10.6,1,0.0528,0.296,0.000406,0.129,0.162,84.281,4
spotify:track:1boXOL0ua7N2iCOUVI1p9F,"Japanese Denim","Get You - Single","Daniel Caesar",2016-10-21,270846,7,true,,2020-07-19T22:10:30Z,"","Daniel Caesar",0.707,0.238,3,-8.818,1,0.0379,0.0905,0.00000242,0.0842,0.345,124.156,3
spotify:track:1UGD3lW3tDmgZfAVDh6w7r,"Devil In A New Dress","My Beautiful Dark Twisted Fantasy","Kanye West;Rick Ross",2010-11-22,351946,83,true,,2020-07-19T21:41:50Z,"rap,southern hip hop","Roc-A-Fella",0.435,0.76,8,-4.935,0,0.0721,0.0175,0,0.158,0.206,80.082,4
spotify:track:1BViPjTT585XAhkUUrkts0,"Seigfried","Blonde","Frank Ocean",2016-08-20,334570,78,false,,2020-07-19T21:39:37Z,"","Boys Don't Cry",0.377,0.253,4,-11.155,0,0.0387,0.975,0.000259,0.101,0.367,125.403,3
spotify:track:19YKaevk2bce4odJkP5L22,"Nikes","Blonde","Frank Ocean",2016-08-20,314075,74,true,,2020-07-19T20:17:17Z,"","Boys Don't Cry",0.633,0.395,8,-9.638,1,0.0857,0.692,0.000222,0.108,0.123,138.023,4
spotify:track:5tgyZbTwRPHzuuz44j72K7,"Cowgirl","1992 - 2012","Underworld",2014-01-01,512026,0,false,,2020-07-18T16:33:33Z,"big beat,electronica","Universal Music Group",0.635,0.919,7,-8.002,1,0.037,0.0139,0.938,0.0671,0.169,126.952,4
spotify:track:2trHjktny14AoWY2XxdDQv,"The Midnight Wood","Hyper Light Drifter","Disasterpeace",2016-04-13,398500,0,false,,2020-07-18T15:47:54Z,"","Disasterpeace",0.479,0.155,1,-26.722,0,0.0371,0.948,0.902,0.0646,0.0418,138.03,3
spotify:track:6cnoVbP2jOoG6QX73QbrwU,"IMPERIAL SMOKE TOWN","うたびこ","Ichiko Aoba",2012-01-25,437733,0,false,,2020-07-18T15:27:07Z,"japanese indie,shibuya-kei","TONE&CO.,LTD.",0.511,0.15,10,-18.533,0,0.0699,0.987,0.297,0.0902,0.0531,115.368,3
spotify:track:4yHLjW5URQGdNa7DQIjS5o,"Empyrean","Technokinesis","meganeko",2016-08-09,391366,0,false,,2020-07-18T15:06:39Z,"","Hyperwave Records",0.487,0.931,8,-6.661,0,0.067,0.00319,0.677,0.0825,0.473,175.026,4
spotify:track:6hKfItXl9r7qw62EWMSiOH,"Crystal","George & Jonathan III","George & Jonathan",2014-04-22,231724,17,false,,2020-07-18T14:13:45Z,"","George & Jonathan",0.504,0.703,5,-7.059,0,0.0331,0.00456,0.429,0.106,0.133,145.024,4
spotify:track:1bxEpNR75Hq3T2oF9AZjt8,"u","To Pimp A Butterfly","Kendrick Lamar",2015-03-16,268493,62,true,,2020-07-17T18:42:23Z,"hip hop,west coast hip hop","Aftermath",0.406,0.798,11,-5.585,0,0.432,0.26,0,0.461,0.58,71.547,4
spotify:track:1jFhnVoJkcB4lf9tT0rSZS,"Unchained Melody","The Very Best Of The Righteous Brothers - Unchained Melody","The Righteous Brothers",1990,216266,66,false,,2020-06-02T02:19:54Z,"","Verve",0.361,0.219,0,-16.553,1,0.0285,0.563,0,0.558,0.26,98.532,3
spotify:track:6B2zoH1GeE2194kpGN18fY,"My Anxieties Have Anxieties.","Summertime and the Living's Easier.","fantompower",2017-07-27,174542,0,false,,2020-05-26T02:15:48Z,"lo-fi beats,lo-fi,lo-fi hip hop","fantompower",0.232,0.316,10,-16.462,1,0.0507,0.82,0.94,0.121,0.0458,89.487,5
spotify:track:73AxZuHupzShJmzBeH0RnW,"泡沫の空、永遠の街","Literary Math","paranoid void",2017-11-01,196733,37,false,,2020-05-25T19:54:31Z,"math rock,j-rock,post-rock,japanese indie","apple of my eye",0.243,0.9,8,-3.292,1,0.0367,0.00684,0.88,0.0951,0.246,97.449,4
spotify:track:4PnqMtmOmvOdkPL6XKV6kD,"Aquatic Ambience","Donkey Kong Country: Piano + Player 2","David Wise;Video Games Live",2019-01-17,271726,30,false,,2020-05-25T19:48:13Z,"sea shanties","Video Games Live",0.28,0.227,0,-16.397,0,0.0434,0.969,0.816,0.127,0.0809,79.223,4
spotify:track:3RC8cjKbBBnVYYFwp6bZpN,"February","February","Luvbird",2017-10-23,128372,27,false,,2020-05-25T19:33:14Z,"lo-fi","715943 Records DK",0.724,0.782,6,-10.308,1,0.454,0.468,0.0714,0.385,0.187,85.988,4
spotify:track:1kAC2EV2Lmeudt7u3EAWQW,"1 AM (Animal Crossing: City Folk)","1 AM (Animal Crossing: City Folk)","Tune in with Chewie",2018-11-12,218133,36,false,,2020-05-25T19:28:20Z,"lo-fi","712343 Records DK",0.543,0.426,3,-12.879,1,0.058,0.164,0.745,0.0988,0.246,74.878,4
spotify:track:3zaTwp8DrM5a3Ap9PZXNHD,"Fire Away","1856","Ian Santillano",2019-07-12,283390,7,false,,2020-05-25T19:07:09Z,"","Ian Joseph Tamayo Santillano",0.463,0.38,4,-7.719,1,0.0322,0.848,0.00000496,0.111,0.208,78.968,3
spotify:track:1yLbnUcF6VkwYx4vNcM8se,"Put a Smile on Your Face","You and Me b/w Put a Smile on Your Face","Durand Jones & The Indications",2018-05-11,215320,0,false,,2020-05-25T19:00:54Z,"retro soul","Dead Oceans",0.627,0.498,0,-8.174,1,0.0298,0.548,0.000734,0.1,0.641,107.251,4
spotify:track:1ugKYT4OfPyp4KFovrk4UL,"Resurrections","Celeste (Original Soundtrack)","Lena Raine",2018-01-25,578648,3,false,,2020-05-24T02:54:38Z,"","Radical Dreamland",0.373,0.712,9,-7.32,0,0.0447,0.108,0.597,0.119,0.0384,144.013,4
spotify:track:0fnIV0ImkcxLyNPF9OtbO4,"BGC418 (Feat. C418)","Impostor Nostalgia","Big Giant Circles",2011-09-12,242443,18,false,,2020-05-24T02:26:16Z,"","Big Giant Circles",0.651,0.542,0,-9.441,1,0.0381,0.519,0.866,0.118,0.0398,90.008,4
spotify:track:4KnQbVbzW4iP3xmso7KAdt,"Air On Line","[USA]","Anamanaguchi",2019-10-25,298855,0,false,,2020-05-22T22:04:44Z,"vocaloid","Polyvinyl Records",0.507,0.781,1,-5.437,1,0.0345,0.0184,0.0184,0.381,0.315,95.019,4
spotify:track:22rm9oXmlyJP1eYrIlUFzp,"ESCAPE","KRUNCH","Dirk Rugged",2012-12-21,156482,0,false,,2020-05-21T22:49:10Z,"","Joypad Records",0.538,0.691,1,-7.59,1,0.0322,0.000439,0.91,0.132,0.173,120.031,4
spotify:track:4fPvmBrFtrzh7iJc8DTl1O,"No Tengo","Hair of the Dog","ARTHUR",2020-05-15,186734,0,false,,2020-05-21T19:38:00Z,"","Honeymoon",0.716,0.731,4,-5.805,0,0.0405,0.048,0.00186,0.384,0.935,106.29,1
spotify:track:3VCJwYkVTOBsjHOwPSWJam,"Still Space","Japanese Ambient, Environmental & New Age Music 1980-1990","Satoshi Ashikawa",2019-02-15,239173,0,false,,2020-05-21T19:33:12Z,"ambient,minimalism","LIGHT IN THE ATTIC",0.632,0.000281,8,-27.794,1,0.339,0.994,0.932,0.107,0.943,74.18,4
spotify:track:2OUzGR0wBHq2IcC9TZLjyH,"I Don't Want To Talk To You","Hair of the Dog","ARTHUR",2020-05-15,119250,0,false,,2020-05-21T06:16:24Z,"","Honeymoon",0.435,0.788,10,-6.669,0,0.0412,0.157,0.00000323,0.129,0.865,200.255,4
spotify:track:3dWNxcNW2N0mXTHoFQq2yI,"Sweet Memory","Woof Woof","ARTHUR",2018-11-16,133383,0,false,,2020-05-19T17:15:26Z,"","PLZ Make It Ruins",0.735,0.566,1,-8.809,0,0.0643,0.64,0,0.197,0.764,135.016,4
spotify:track:4SzEZeW3U4lnhHvnNpVnLn,"BEAU PAYSAGE","Beau Paysage","orbe",2019-10-25,348805,16,false,,2020-05-19T16:30:52Z,"","orbe",0.331,0.279,4,-14.783,1,0.0404,0.986,0.917,0.105,0.173,107.424,4
spotify:track:0RdIDjXutw5ihE4bbfIkpx,"Dire, Dire Docks & Jolly Roger Bay (From ""Super Mario 64"")","On the Wings of Chocobos","Extra Lives",2017-03-21,235040,0,false,,2020-05-19T16:22:51Z,"","Extra Lives",0.183,0.228,0,-11.741,1,0.039,0.977,0.836,0.0995,0.0875,168.379,3
spotify:track:4n1XmhxWMBqbCewvfG2Fs2,"II - Beautiful Losers","No World As Good As Mine","Kai Whiston;Joe Petersen",2019-11-06,323556,0,false,,2020-05-19T16:09:58Z,"idm","Lux",0.493,0.38,5,-9.66,0,0.0366,0.104,0.616,0.121,0.441,137.033,4
spotify:track:5YB0bqHv7rDYhkzIW8VQmq,"Stone In Focus","Radial","Benoît Pioulard",2016-06-29,663021,49,false,,2020-05-19T15:51:01Z,"drone,ambient,ambient folk","Disques d'Honore",0.0832,0.245,1,-14.042,1,0.0484,0.933,0.741,0.0944,0.0372,85.475,3
spotify:track:14hmzXU8Nh9ihb3eCupd4u,"Tonight","WILKES","Sam Wilkes;Sam Gendel;Louis Cole;Brian Green",2018-10-05,279184,0,false,,2020-05-19T15:39:58Z,"ambient jazz,nu jazz,indie jazz,experimental jazz","Leaving Records",0.295,0.812,1,-6.601,1,0.0526,0.28,0.963,0.127,0.239,76.129,4
spotify:track:1ik5oEoSTbQVXBDQW7gx9u,"Void","VOID","Savant",2020-04-04,581106,0,false,,2020-05-19T15:13:36Z,"dubstep,drumstep","Vybz",0.576,0.444,9,-13.936,0,0.0321,0.0821,0.896,0.123,0.173,160.355,4
spotify:track:405F2bIF8jlGAGOC3vS0xG,"Chrono Trigger - Secret of the Forest","Retro Remix Revue, Vol. 2","Retro Remix Revue",2009-09-08,347545,35,false,,2020-05-19T14:43:36Z,"","Retro Remix Revue",0.411,0.28,10,-16.786,0,0.0288,0.951,0.882,0.118,0.188,150.369,4
spotify:track:3rkJH9BaiCWpRY718WTkBP,"Falaise","Crush","Floating Points",2019-10-18,234320,55,false,,2020-05-19T14:39:14Z,"idm,ambient jazz,gnawa","Ninja Tune",0.356,0.401,11,-14.475,0,0.0467,0.434,0.789,0.176,0.0397,142.945,5
spotify:track:5bUpCPlgvF9gW0FKQT6Oy3,"kokyu","Sonorite","Teruyuki Nobuchika",2011-06-15,473106,40,false,,2020-05-19T14:30:29Z,"japanese classical,japanese indie","Plop",0.526,0.134,7,-21.396,1,0.0302,0.992,0.926,0.3,0.358,137.258,4
spotify:track:0hMivodfbNoVPtBaKNqCXA,"Spirited Away Away Away Away Away Away","Spirited Away Away Away Away Away Away","Pkch",2018-08-16,231115,30,false,,2020-05-18T20:07:37Z,"","950135 Records DK",0.768,0.521,9,-9.749,0,0.0556,0.0972,0.774,0.106,0.148,129.993,4
spotify:track:7eIcatqUrJtG2zYExUEYUr,"Secret Garden (feat. Merival)","A Trip To Soda Island","Soda Island;Izzard;Merival",2016-07-29,184368,35,false,,2020-05-16T15:59:08Z,"future bass","Soda Island",0.768,0.53,7,-10.339,1,0.0385,0.87,0.0827,0.102,0.594,140.021,4
spotify:track:0VJchDZ1bZf8DvNDLh1dRD,"The Camp","Knight","Altitude.",2019-01-10,338773,0,false,,2020-05-16T15:58:51Z,"lo-fi,lo-fi hip hop,vaporwave","Inner Ocean Records",0.509,0.275,3,-16.883,0,0.0389,0.888,0.919,0.691,0.0877,140.203,4
spotify:track:5zUCUKp6zPDHDYpp9PQHjE,"To Kelly Lee","First Contact","The Speed of Sound in Seawater",2013-08-09,267160,0,false,,2020-05-16T15:01:50Z,"","Parent Trap Records",0.46,0.575,4,-8.066,1,0.041,0.2,0.00000105,0.142,0.629,120.056,4
spotify:track:2hNvIVkTOLl86RJ2i3C72n,"Nature","Forest Wisdom","John Ocean",2019-05-28,198183,37,false,,2020-04-30T06:35:29Z,"","Forest Wisdom",0.164,0.187,0,-18.687,1,0.0414,0.894,0.964,0.0918,0.0377,73.98,3
spotify:track:2s5eB1seiy3yZqYCdQucXj,"The Gentle Art of Making Enemies","King for a Day, Fool for a Lifetime","Faith No More",1995-04-25,209893,54,true,,2020-04-10T16:57:15Z,"funk rock,alternative metal,rap metal,grunge","WM UK",0.405,0.885,11,-8.635,1,0.12,0.0277,0.0767,0.156,0.314,170.192,4
spotify:track:5tz9kMGYJfjhfp1I1h59YZ,"The Last to Know","King for a Day, Fool for a Lifetime","Faith No More",1995-04-25,268693,39,false,,2020-04-10T16:57:01Z,"funk rock,alternative metal,rap metal,grunge","WM UK",0.307,0.88,9,-8.395,1,0.0398,0.0000211,0.016,0.129,0.296,127.326,4
spotify:track:4oO2QTvQTRYdxpnBwJwrin,"Elevator Love Letter","Heart","Stars",2003-03-24,243146,0,false,,2020-04-10T16:55:09Z,"","Last Gang",0.563,0.88,0,-5.275,1,0.0249,0.00988,0.0000268,0.446,0.86,101.976,4
spotify:track:7tWwbgZxm3i0NHF1g32CK8,"Why Did I Refuse","Get up in It!","The Dropsteppers",2011-10-25,233333,7,false,,2020-04-10T16:20:43Z,"rocksteady,ska,ska punk,reggae rock","JrThomasReggae",0.838,0.503,1,-6.101,1,0.0469,0.21,0.000187,0.121,0.968,92.954,4
spotify:track:1DcavrhKazzR5TKDoy9sgU,"Married Girl","Redlight","The Slackers",1997-09-23,191413,40,false,,2020-04-10T16:10:07Z,"rocksteady,ska,ska punk,reggae","Hellcat/Epitaph",0.467,0.703,0,-7.634,1,0.0655,0.00389,0.0000247,0.251,0.647,138.926,4
spotify:track:0SYu7wDS7dJSnuyn5GEDpp,"All I Wanna Do","All I Wanna Do","Jakob",2019-04-26,127922,40,false,,2020-04-08T01:14:30Z,"bedroom pop","Playground Music",0.84,0.438,8,-12.437,1,0.117,0.531,0.207,0.111,0.699,98.056,4
spotify:track:6gJ2H930mAD1zRqmoFiE4W,"Hold It Together","Hold It Together","The Marías",2020-03-06,222021,63,false,,2020-04-08T01:14:17Z,"bedroom pop","Superclean Records",0.802,0.494,11,-10.099,0,0.059,0.428,0.103,0.107,0.518,82.014,4
spotify:track:62xIrqNecImITUzBEDYH3S,"April","April","Jakob",2019-09-27,168186,39,false,,2020-04-07T15:48:54Z,"bedroom pop","Playground Music",0.747,0.211,1,-10.199,1,0.03,0.536,0.0718,0.117,0.296,72.734,4
spotify:track:2HLtRAcBAWd4y7TfVVoIpm,"Let It Pass","Bedroom Tapes","Jakob",2017-06-16,126697,45,false,,2020-04-06T19:45:07Z,"bedroom pop","Playground Music",0.586,0.614,4,-7.275,1,0.0307,0.0803,0.0000194,0.152,0.301,88.222,4
spotify:track:7G7zCzvyqz39BFE7TqPM3O,"All Your Love","All Your Love","Jakob",2017-01-27,175241,55,false,,2020-04-06T19:35:26Z,"bedroom pop","Playground Music",0.568,0.587,11,-8.814,0,0.127,0.293,0.329,0.137,0.491,174.682,4
spotify:track:41cpvQ2GyGb2BRdIRSsTqK,"Moon River","Moon River","Frank Ocean",2018-02-14,188323,79,false,,2020-04-06T19:10:41Z,"","Blonded",0.24,0.116,0,-13.216,1,0.0329,0.877,0.00092,0.1,0.0937,77.349,3
spotify:track:00bWqt93aqLXqKtzZoq7Jw,"MOOO!","MOOO!","Doja Cat",2018-08-31,286516,0,true,,2020-04-04T16:01:57Z,"","Kemosabe Records/RCA Records",0.878,0.407,7,-10.941,1,0.233,0.459,0,0.111,0.546,89.007,4
spotify:track:5LgzPd0YEnoF8c48fG7NBN,"In The Wake Of Poseidon","In The Wake Of Poseidon","King Crimson",1970-05-15,476866,0,false,,2020-03-30T21:55:53Z,"progressive rock,art rock,psychedelic rock","Discipline Global Mobile",0.275,0.494,4,-13.821,0,0.0444,0.0199,0.000677,0.426,0.301,148.191,4
spotify:track:34xTFwjPQ1dC6uJmleno7x,"Godspeed","Blonde","Frank Ocean",2016-08-20,177922,81,false,,2020-03-29T20:08:57Z,"","Boys Don't Cry",0.399,0.0969,6,-12.578,1,0.0509,0.929,0.000168,0.121,0.0758,109.54,4
spotify:track:5k8LB57xOq8UUNVaKWSqrf,"Futura Free","Blonde","Frank Ocean",2016-08-20,564165,69,true,,2020-03-29T20:06:01Z,"","Boys Don't Cry",0.266,0.678,1,-12.364,1,0.508,0.769,0.0000937,0.503,0.201,83.434,4
spotify:track:6TdnvxC5E146AXv1doDshO,"Organ Donor","Endtroducing.....","DJ Shadow",1996-09-16,117240,0,false,,2020-03-21T17:33:57Z,"trip hop,plunderphonics,downtempo","UMC (Universal Music Catalogue)",0.61,0.571,1,-7.136,0,0.0315,0.837,0.743,0.15,0.909,106.185,4
spotify:track:3FBk3DcCOC5gkhX50rbHbC,"Magnetic","Magnetic","Strange Imagining",2018-02-13,172456,36,false,,2020-03-13T07:39:17Z,"","Strange Imagining",0.512,0.121,9,-19.46,1,0.0338,0.991,0.74,0.0726,0.298,69.981,4
spotify:track:1qjktDcnb02OCdkbHMxXEp,"Above The Clouds","Above The Clouds","Evan Michael Brown",2019-04-12,190000,24,false,,2020-03-13T06:43:56Z,"","Evan Michael Brown",0.185,0.161,0,-15.935,1,0.0357,0.94,0.901,0.0913,0.0666,110.063,4
spotify:track:739tORL5uUtTH2cRpMDTpZ,"Kraksöngur","Hugsanir","Elvar Arngrimsson",2019-10-07,136000,29,false,,2020-03-10T06:07:39Z,"","Firefly Entertainment",0.426,0.0719,2,-25.121,1,0.0359,0.832,0.828,0.105,0.0713,89.948,4
spotify:track:6KuXb26rHuRy3ZDse1VRmx,"Where This Flower Blooms (feat. Frank Ocean)","Flower Boy","Tyler, The Creator;Frank Ocean",2017-07-21,194933,76,true,,2020-03-05T02:31:18Z,"","Columbia",0.686,0.429,8,-10.402,0,0.15,0.71,0.00000341,0.166,0.27,130.09,4
spotify:track:19a3JfW8BQwqHWUMbcqSx8,"Famous","The Life Of Pablo","Kanye West",2016-06-10,196040,78,true,,2020-03-01T16:15:20Z,"rap","Rock The World/IDJ/Kanye LP7",0.465,0.735,6,-3.715,1,0.117,0.0711,0,0.0975,0.409,173.935,4
spotify:track:7eJMfftS33KTjuF7lTsMCx,"death bed (coffee for your head)","death bed (coffee for your head)","Powfu;beabadoobee",2020-02-08,173333,85,false,,2020-03-01T16:14:39Z,"bedroom pop","Columbia",0.726,0.431,8,-8.765,0,0.135,0.731,0,0.696,0.348,144.026,4
spotify:track:2DTi3hxKgiIJE1M9zwWvQB,"No Struggle - No Progress","Truth Seeker","Jonathan Coffey",2018-12-13,164675,19,false,,2020-02-23T11:35:39Z,"","Firefly Entertainment",0.733,0.00703,2,-25.595,0,0.0872,0.993,0.978,0.106,0.29,78.006,3
spotify:track:0LRcLz3D9bHLPPVegJoFZL,"Linger","Linger","Alexander Molina",2019-05-13,163012,33,false,,2020-02-20T06:30:50Z,"","Piano Chill",0.291,0.027,0,-27.265,0,0.0426,0.982,0.892,0.137,0.177,72.176,3
spotify:track:0eQZinXiAeZ75SRcJwuweI,"Montauk","Montauk","Martin Lindgaarden",2018-08-10,178974,31,false,,2020-02-20T04:49:55Z,"","Martin Lindgaarden",0.378,0.0369,3,-25.859,0,0.0369,0.99,0.896,0.101,0.12,71.997,4
spotify:track:6JgkNnr3q7oT21OPN8HxlF,"Stardust","Space Echoes","Dilaz",2019-05-01,186750,24,false,,2020-02-20T02:33:56Z,"","Fireflhy Entertainment",0.254,0.0147,6,-27.332,1,0.0358,0.979,0.896,0.14,0.161,91.54,4
spotify:track:2eLRvEkcxRUD5gwlNcNWk8,"Lotus","Venus","Killer Bee",2016-12-29,149248,0,false,,2020-02-19T13:58:17Z,"","640509 Records DK",0.797,0.627,2,-5.116,1,0.0454,0.829,0.534,0.0984,0.164,88.008,4
spotify:track:0Tc4qp3JPavOwKHOkcblEL,"Wave Emoji","Venus","Killer Bee;Bernard Willis",2016-12-29,194365,0,true,,2020-02-19T13:54:15Z,"boom bap","640509 Records DK",0.781,0.726,4,-4.035,0,0.304,0.851,0.0000215,0.0873,0.259,159.955,4
spotify:track:504NLPDUBRylbZUUQR97XX,"","","",0000,0,0,false,,2020-02-19T08:06:48Z,"","",0.248,0.0274,7,-28.768,0,0.0333,0.991,0.922,0.153,0.159,75.124,1
spotify:track:4xYu3ms4RRPwYjoZV7qEPl,"Dulces Sueños","Dulces Sueños","Josep Alba",2019-08-11,245514,38,false,,2020-02-19T08:04:17Z,"","Firefly Entertainment",0.158,0.153,4,-19.448,1,0.0346,0.679,0.901,0.108,0.0655,89.467,5
spotify:track:1Y44C8oECaeuyzyJgBTyOd,"seagull.","seagull.","walk.",2017-07-31,206745,31,false,,2020-02-18T23:22:07Z,"glitch","walk.",0.494,0.469,6,-10.638,1,0.0355,0.0266,0.331,0.194,0.189,77.497,5
spotify:track:3p9x4bK5bwmgXE6POMvOp0,"Constant Conversations","Gossamer","Passion Pit",2012-07-23,235600,48,false,,2020-02-18T23:01:38Z,"indie","Columbia",0.56,0.799,5,-4.466,0,0.0675,0.174,0.0679,0.304,0.304,69.972,4
spotify:track:2jdw2tc29bqJwToyGvKgJm,"Ninety","SYRE","Jaden",2017-11-17,468168,57,true,,2020-02-18T22:49:24Z,"","MSFTS/Roc Nation",0.398,0.69,1,-6.809,0,0.0631,0.384,0.000437,0.129,0.174,129.904,4
spotify:track:3I8yVFjvJoOBM9tX4ZpxEL,"Ryd","Steve Lacy's Demo","Steve Lacy",2017-02-24,140182,0,false,,2020-02-18T20:53:27Z,"","Three Quarter",0.784,0.94,9,-7.327,0,0.054,0.0716,0.000171,0.133,0.979,137.003,4
spotify:track:51R5mPcJjOnfv9lKY1u5sW,"Never Meant","American Football","American Football",1999,268333,0,false,,2020-02-18T20:11:54Z,"midwest emo,math rock,emo","Polyvinyl Records",0.436,0.819,0,-6.71,1,0.036,0.0171,0.00882,0.117,0.405,144.26,4
spotify:track:2KEGJRQSMrponrpxkAyqmD,"Kora Sings","Process","Sampha",2017-02-03,257725,0,false,,2020-02-18T20:09:07Z,"indie soul","Young Turks Recordings",0.687,0.704,1,-9.371,0,0.0736,0.313,0.00875,0.27,0.782,136.315,4
spotify:track:2zdhEgorp2crX0RX9ITLDp,"Same Time","Bad Vibes","Shlohmo",2011-08-09,345185,0,false,,2020-02-18T14:52:17Z,"witch house,downtempo,glitch","Friends Of Friends",0.421,0.694,3,-6.164,1,0.0659,0.764,0.897,0.147,0.13,161.958,4
spotify:track:00aSUO0t0C0mOEcNiCpkZp,"Fantasy","Venus","Killer Bee",2016-12-29,201636,0,false,,2020-02-18T14:38:35Z,"","640509 Records DK",0.761,0.344,11,-11.662,1,0.0666,0.753,0.804,0.104,0.406,164.094,4
spotify:track:3kgu8TFddPdy6gSJaQSeij,"Solitude","Ichiru","Daigo Hanada",2017-02-24,166830,0,false,,2020-02-15T07:21:17Z,"neoclassical","Moderna Records",0.307,0.0242,1,-28.599,0,0.038,0.979,0.962,0.204,0.474,106.994,4
spotify:track:57sxeemF1LxEGqZ9w4HQvi,"Surrendering","Insomnia Curator","Dreamscaper",2019-06-21,260992,31,false,,2020-02-15T06:58:49Z,"","Firefly Entertainment",0.418,0.0165,3,-29.328,1,0.0311,0.986,0.917,0.125,0.0513,80.013,4
spotify:track:5GUYJTQap5F3RDQiCOJhrS,"Self Control","Blonde","Frank Ocean",2016-08-20,249667,82,false,,2020-02-09T21:26:58Z,"","Boys Don't Cry",0.581,0.21,8,-10.426,1,0.0321,0.768,0,0.369,0.452,80.099,4
spotify:track:2RPhXg9D4JOkryUznL0aaB,"Forgive Them Father","The Miseducation of Lauryn Hill","Ms. Lauryn Hill",1998-08-25,315293,59,false,,2020-02-06T15:59:22Z,"neo soul","Ruffhouse/Columbia",0.808,0.6,4,-7.41,0,0.142,0.049,0.0000236,0.139,0.691,97.939,4
spotify:track:0uEp9E98JB5awlA084uaIg,"Doo Wop (That Thing)","The Miseducation of Lauryn Hill","Ms. Lauryn Hill",1998-08-25,320266,81,false,,2020-02-06T15:58:49Z,"neo soul","Ruffhouse/Columbia",0.535,0.505,2,-8.926,0,0.245,0.0393,0,0.0923,0.495,99.935,4
spotify:track:7x6hO9VMAee9x1iWaeNkL6,"To Zion (feat. Carlos Santana)","The Miseducation of Lauryn Hill","Ms. Lauryn Hill;Carlos Santana",1998-08-25,369293,68,false,,2020-02-06T15:58:47Z,"neo soul","Ruffhouse/Columbia",0.41,0.601,7,-10.714,1,0.504,0.127,0,0.112,0.516,173.273,4
spotify:track:71XhXay6rKPZCVAaDtFlSR,"Lost Ones","The Miseducation of Lauryn Hill","Ms. Lauryn Hill",1998-08-25,333906,65,false,,2020-02-06T15:58:45Z,"neo soul","Ruffhouse/Columbia",0.832,0.749,2,-6.129,1,0.37,0.0998,0.00000374,0.0837,0.65,94.899,4
spotify:track:1GG2rqEQi9OyH1pA8A7qGl,"Fading Out","Integrating","Steven Goldmund",2019-03-21,247249,46,false,,2020-02-06T07:58:23Z,"","Firefly Entertainment",0.133,0.0477,8,-26.711,1,0.0502,0.98,0.957,0.104,0.145,68.304,4
spotify:track:0Z2J91b2iTGLVTZC4fKgxf,"Hit 'Em Up - Single Version","Greatest Hits","2Pac;Outlawz",1998-01-01,312626,86,true,,2020-01-01T09:30:18Z,"old school hip hop,gangster rap,west coast hip hop,g-funk,hip hop","2Pac Greatest Hits",0.916,0.844,7,-3.967,1,0.236,0.0394,0,0.0778,0.586,95.19,4
spotify:track:7kzkzynpgVfFkjUuJTSYmX,"Bad Boy's Been Around the World (feat. The Notorious B.I.G. & Busta Rhymes) - Remix","Victory","Diddy;Busta Rhymes;The Notorious B.I.G.;Jay Garfield",1998,328800,26,false,,2020-01-01T07:35:39Z,"hip hop,east coast hip hop,old school hip hop,gangster rap","Rhino Atlantic",0.782,0.656,2,-7.261,1,0.252,0.391,0,0.156,0.766,96.874,4
spotify:track:1OGkB06pBNqk4UKUIadR4X,"Tops Drop","Ghetto Dreams","Fat Pat",1998-03-03,252693,0,true,,2020-01-01T06:10:41Z,"southern hip hop","Wreckshop - SoSouth",0.912,0.456,7,-7.611,1,0.131,0.0142,0.0000024,0.111,0.614,93.222,4
spotify:track:6WmIyn2fx1PKQ0XDpYj4VR,"Love It If We Made It","A Brief Inquiry Into Online Relationships","The 1975",2018-11-30,252925,71,true,,2019-12-31T22:05:40Z,"","Polydor Records",0.472,0.745,4,-5.297,1,0.0357,0.000607,0.0000274,0.0957,0.063,180.06,4
spotify:track:7CTQMbsHIYCSsh4rKQ5F2c,"We Wish You a Merry Christmas","Monstercat - Christmas Album 2012","Televisor",2012-12-16,197374,7,false,,2019-12-31T20:45:53Z,"nu disco,indie dance,french house","Monstercat",0.727,0.807,5,-4.253,0,0.064,0.00132,0.00101,0.181,0.843,120.044,4
spotify:track:523s6gjHm9GBQ9TwdvRuw4,"Don't Give Up","Behind The Sun","Chicane;Bryan Adams",2000-03-27,503866,26,false,,2019-12-24T10:00:05Z,"trance","Armada Music Albums",0.759,0.771,8,-8.525,1,0.0476,0.0601,0.384,0.099,0.312,131.005,4
spotify:track:4QhWbupniDd44EDtnh2bFJ,"Pyramids","channel ORANGE","Frank Ocean",2012-07-10,592920,85,true,,2019-12-15T12:19:46Z,"","Red Zone Entertainment / IDJ",0.4,0.65,5,-6.104,0,0.0466,0.0118,0.0000762,0.791,0.15,107.989,4
spotify:track:1HwbgJAU9PZ7YbzKgVgoIF,"Sierra Leone","channel ORANGE","Frank Ocean",2012-07-10,148760,72,true,,2019-12-15T04:23:33Z,"","Red Zone Entertainment / IDJ",0.529,0.608,7,-7.809,1,0.0811,0.166,0.0185,0.109,0.616,125.017,4
spotify:track:79K0v2WYsoWCsEeSDvifcb,"Losing My Mind (feat. dEnAuN)","PTSD - Post Traumatic Stress Disorder","Pharoahe Monch;Denaun",2014-04-15,197746,0,true,,2019-12-15T00:51:21Z,"east coast hip hop,old school hip hop","W.A.R. Media LLC",0.492,0.686,6,-6.282,1,0.415,0.0732,0.000212,0.338,0.454,77.298,4
spotify:track:6Lxpe3GAbb1s9LxtX1RBaV,"Time2","PTSD - Post Traumatic Stress Disorder","Pharoahe Monch",2014-04-15,194306,0,true,,2019-12-15T00:51:17Z,"east coast hip hop,old school hip hop","W.A.R. Media LLC",0.662,0.935,9,-3.8,0,0.11,0.0145,0.337,0.0594,0.746,81.729,4
spotify:track:7d0qykD3MkgOV4cyFM6QCD,"Bad M.F.","PTSD - Post Traumatic Stress Disorder","Pharoahe Monch",2014-04-15,187279,0,true,,2019-12-15T00:50:59Z,"east coast hip hop,old school hip hop","W.A.R. Media LLC",0.579,0.878,0,-4.615,0,0.101,0.00444,0,0.176,0.327,150.556,4
spotify:track:210cLyPTBn5lxJigXgJ8PD,"Damage","PTSD - Post Traumatic Stress Disorder","Pharoahe Monch",2014-04-15,218159,0,true,,2019-12-15T00:50:53Z,"east coast hip hop,old school hip hop","W.A.R. Media LLC",0.525,0.929,1,-3.631,1,0.123,0.17,0,0.0775,0.47,135.241,4
spotify:track:7Ks4VCY1wFebnOdJrM13t6,"Wesley's Theory","To Pimp A Butterfly","Kendrick Lamar;George Clinton;Thundercat",2015-03-16,287360,71,true,,2019-12-14T23:57:13Z,"hip hop,west coast hip hop,funk","Aftermath",0.509,0.787,7,-6.754,1,0.265,0.359,0.0000276,0.26,0.507,114.449,4
spotify:track:0N3W5peJUQtI4eyR6GJT5O,"King Kunta","To Pimp A Butterfly","Kendrick Lamar",2015-03-16,234693,76,true,,2019-12-14T01:41:25Z,"hip hop,west coast hip hop","Aftermath",0.884,0.657,6,-4.569,0,0.0977,0.00589,0,0.154,0.489,107.059,4
spotify:track:75izAeHlGuOgA865CFDyIv,"For Free? - Interlude","To Pimp A Butterfly","Kendrick Lamar",2015-03-16,130893,60,true,,2019-12-14T01:41:21Z,"hip hop,west coast hip hop","Aftermath",0.526,0.896,8,-4.708,1,0.197,0.588,0,0.37,0.745,129.313,1
spotify:track:4PH1lRtlUrSlmJtFLlGBJM,"Motherboard","Vitamin String Quartet Performs Daft Punk's Random Access Memories","Vitamin String Quartet",2016-04-22,187906,8,false,,2019-12-10T16:13:40Z,"orchestral","Vitamin Records",0.425,0.359,4,-12.785,0,0.0327,0.975,0.64,0.254,0.203,102.94,4
spotify:track:7InhAWzNN4ig5T9cuI673O,"Neon Rainbow (feat. Anna Yvette)","Monstercat 027 - Cataclysm","Rameses B;Anna Yvette",2016-06-03,252413,0,false,,2019-12-08T07:40:38Z,"chillstep,liquid funk,drum and bass,drumstep,dubstep","Monstercat",0.514,0.929,0,-2.08,1,0.0863,0.0664,0.00224,0.0822,0.657,174.013,4
spotify:track:7GoQWKoZbTH0bs5gSBihYF,"Decoy World (feat. Park Avenue)","Decoy World (feat. Park Avenue)","INTERCOM;Park Avenue",2017-09-04,231125,0,false,,2019-12-08T07:34:37Z,"","Monstercat",0.472,0.721,0,-3.782,0,0.0403,0.0628,0.0000415,0.104,0.181,159.797,4
spotify:track:4MnnEqIoP3KHWVYlqXMPiq,"Adventures","Adventures","Julian Calor",2019-03-11,238441,18,false,,2019-12-07T02:14:22Z,"future bass,big room","Monstercat",0.626,0.686,10,-6.022,0,0.0797,0.0802,0.0584,0.11,0.266,154.01,4
spotify:track:7xXnjZhSwNcf6YpUHvcEWe,"Universe (feat. Meron Ryan)","Monstercat 021 - Perspective","Eminence;Meron Ryan",2015-03-18,399687,0,false,,2019-12-06T14:32:47Z,"","Monstercat",0.707,0.75,1,-3.68,0,0.174,0.00761,0.000274,0.501,0.119,127.96,4
spotify:track:0CnpVWnvWxiWAxxCUqgsz1,"Chameleon","Eternal Champ II","Sweet Valley",2018-04-20,228275,0,false,,2019-12-06T14:21:32Z,"plunderphonics,vaporwave","Ghost Ramp",0.579,0.9,5,-3.485,1,0.031,0.000155,0.203,0.626,0.194,134.995,4
spotify:track:17aio5mSLBL4hRmVNjXrqf,"Planetarium","Hello Everything","Squarepusher",2006-10-16,369880,0,false,,2019-12-06T00:43:24Z,"idm,breakcore,glitch,jungle","Warp Records",0.352,0.686,4,-10.642,0,0.0347,0.0879,0.876,0.115,0.214,159.952,4
spotify:track:3PolwBbmkkePL9LtOzI83G,"Heartbeat (Xristo Remix) [feat. Collin McLoughlin]","Heartbeat (The Remixes)","Vicetone;Collin McLoughlin",2013-05-24,322500,0,false,,2019-12-04T00:21:36Z,"edm,chillstep","Monstercat",0.695,0.513,11,-7.03,0,0.087,0.0267,0,0.083,0.42,127.962,4
spotify:track:02GFvrgOHvoUQ6jeh4B0VU,"Seduction","Monstercat 007 - Solace","Varien",2012-06-06,209253,0,false,,2019-12-03T14:54:25Z,"drumstep,dubstep","Monstercat",0.428,0.888,9,-8.82,1,0.0653,0.00876,0.727,0.115,0.165,110.012,4
spotify:track:0RbyTZgWxgkCsbK2KfxyiN,"Don't Give Up","Best of Chicane","Chicane",2013-07-23,210453,17,false,,2019-11-29T06:52:04Z,"trance","Ultra Records, LLC",0.674,0.764,10,-7.659,0,0.0413,0.00496,0.668,0.108,0.462,132.007,4
spotify:track:68meUWYu5SmwCoeRhhV0If,"Lonely Rolling Star (Grimecraft's Kawaii Klub Remix)","Lonely Rolling Star (Grimecraft's Kawaii Klub Remix)","GameChops",2014-08-18,282000,0,false,,2019-11-27T17:16:09Z,"lo-fi","GameChops",0.645,0.654,8,-6.215,1,0.0578,0.0072,0.00141,0.108,0.532,139.992,4
spotify:track:68cHqjotLObX2LpIBEgrf9,"Unicorns Forever","Beautiful Lifestyle","George & Jonathan",2011-10-23,169714,4,false,,2019-11-27T00:01:07Z,"","George & Jonathan",0.355,0.543,4,-3.977,0,0.0374,0.000471,0.000279,0.288,0.119,140.146,4
spotify:track:6bKUaj3M2DPBnpAzvS9Pc3,"Run Away From Me","Monstercat - Best of 2011","DotEXE",2011-12-27,277069,0,false,,2019-11-26T23:57:49Z,"dubstep,drumstep","Monstercat",0.572,0.812,1,-6.236,1,0.163,0.00014,0.633,0.325,0.464,170.169,4
spotify:track:2G0onbuFFn56837UaDITGi,"8-Bit Smiles","The Beautiful Lies","Philter",2011-05-06,180040,0,false,,2019-11-26T23:48:10Z,"chillstep","Nordic Records",0.548,0.763,7,-8.708,0,0.0274,0.000209,0.532,0.108,0.162,107.506,4
spotify:track:5y8L8LumxQVmuycwyZO9Ql,"Animal City","Wee Monsters","Unicorn Kid",2009-07-13,222730,20,false,,2019-11-26T23:47:44Z,"","Euphonios",0.527,0.972,0,-3.445,1,0.235,0.00374,0.285,0.139,0.314,160.069,4
spotify:track:4UpDrU6nP2n0lC8Suv6Yp7,"Out of Love","Dimensions","Shirobon",2016-02-09,282068,0,false,,2019-11-26T23:45:47Z,"","Hyperwave Records",0.466,0.911,7,-2.934,0,0.0422,0.0259,0.887,0.153,0.478,174.008,4
spotify:track:7EbXK4xpAQuiT5GahyNmn9,"Badlands","Kingdom","Arcade High",2016-04-14,243902,0,false,,2019-11-26T23:45:17Z,"synthwave,vaporwave","Telefuture",0.542,0.847,6,-4.427,0,0.0652,0.00595,0.000121,0.327,0.285,110.077,4
spotify:track:3s21Apaxcqm3sAcZGmZYvC,"8 Bytes","Lion Hat","Unicorn Kid",2009-01-12,209043,26,false,,2019-11-26T23:44:41Z,"","Euphonios",0.484,0.87,6,-3.059,0,0.0344,0.0664,0.242,0.108,0.512,132.04,4
spotify:track:6tWWnXJD9zH5tz4OsNYNp6,"Wee Monsters","Wee Monsters","Unicorn Kid",2009-07-13,196804,22,false,,2019-11-26T23:10:17Z,"","Euphonios",0.506,0.945,7,-3.608,1,0.0936,0.00214,0.572,0.161,0.119,150.002,4
spotify:track:02LGczmVeL55tYvRijg5b2,"Goodbye","Lion Hat","Unicorn Kid",2009-01-12,199772,16,false,,2019-11-26T20:35:08Z,"","Euphonios",0.336,0.835,8,-5.345,1,0.0497,0.015,0.0324,0.0876,0.0553,173.009,4
spotify:track:6TyZOm7e3FwqR3cx27G20B,"F0rskolan","f0rskolan","Goto80",2011-08-14,106292,0,false,,2019-11-26T20:30:22Z,"","SouthPole Radio",0.454,0.794,0,-13.928,1,0.0346,0.0000609,0.00261,0.104,0.968,124.983,4
spotify:track:07xnGyqmVupI9CtynUtIon,"Checkout is at Eleven (From ""EarthBound"")","Psychokinetic I","Bad Dudes;Ailsean",2016-11-25,153759,0,false,,2019-11-11T15:07:32Z,"","Mustin Enterprises, LLC.",0.574,0.513,0,-9.798,0,0.0278,0.537,0.937,0.112,0.56,147.802,4
spotify:track:5pdKPY4O9CHuzDDp557j4N,"Luckenbach, Texas (Back to the Basics of Love) (feat. Willie Nelson)","Nashville Rebel","Waylon Jennings;Willie Nelson",2006-09-26,200640,51,false,,2019-11-08T06:11:41Z,"outlaw country,classic country,country,honky tonk,traditional country","RLG/Legacy",0.687,0.469,7,-9.992,1,0.0322,0.712,0.00203,0.252,0.674,102.88,4
spotify:track:2t8bnZqxfcEybJ47qOPPTn,"You Never Even Called Me By My Name","For The Record- The First 10 Years","David Allan Coe",1974,314066,0,false,,2019-11-05T10:10:41Z,"outlaw country,classic country,country,honky tonk","Columbia Nashville",0.589,0.453,0,-13.309,1,0.0353,0.409,0,0.351,0.515,105.703,4
spotify:track:5IsVUuv1IPoFB46AkTDtDC,"Origami","Monstercat 012 - Aftermath","TwoThirds",2013-03-11,374044,0,false,,2019-10-28T13:39:08Z,"chillstep,drumstep,liquid funk,drum and bass,dubstep","Monstercat",0.446,0.75,9,-4.4,0,0.051,0.00724,0.151,0.172,0.181,86.988,4
spotify:track:2ZnAlqhqOz4pzv9xhRbTkQ,"Escape","Dreams EP","Rogue",2012-11-26,327378,0,false,,2019-10-28T04:57:13Z,"drumstep,dubstep,future bass","Monstercat",0.464,0.689,0,-4.534,1,0.0373,0.0627,0,0.087,0.125,144.87,4
spotify:track:4RepvCWqsP6zBuzvwYibAS,"I Feel It Coming","Starboy","The Weeknd;Daft Punk",2016-11-25,269186,6,false,,2019-10-13T15:53:46Z,"french house,electronic,electro","Universal Music Group",0.769,0.813,0,-5.9,0,0.143,0.429,0,0.0952,0.567,92.985,4
spotify:track:1ljQYkhdu4mydWVEWQdVc1,"Miku - LLLL Remix","S/S17","Anamanaguchi;Hatsune Miku;LLLL",2017-03-24,246796,0,false,,2019-10-10T02:46:12Z,"vocaloid","NHX",0.571,0.814,3,-10.062,0,0.0403,0.031,0.613,0.105,0.0578,127.941,4
spotify:track:4jDXAkJLq1U085mcWWZSnc,"When to Love You (feat. Chelsea Cutler)","When to Love You (feat. Chelsea Cutler)","Andrew Luce;Chelsea Cutler",2016-03-10,270315,31,false,,2019-09-27T05:27:15Z,"","Andrew Luce Music",0.719,0.459,0,-12.874,1,0.0992,0.0131,0.0161,0.0877,0.0859,95.021,4
spotify:track:72Z17vmmeQKAg8bptWvpVG,"Space Oddity - 2015 Remaster","David Bowie (aka Space Oddity) [2015 Remaster]","David Bowie",1969-11-04,318026,79,false,,2019-09-24T13:57:05Z,"glam rock,art rock","Parlophone UK",0.31,0.403,0,-13.664,1,0.0326,0.0726,0.0000927,0.139,0.466,134.48,4
spotify:track:6b2oQwSGFkzsMtQruIWm2p,"Creep","Pablo Honey","Radiohead",1993-02-22,238640,9,true,,2019-09-21T17:21:10Z,"art rock,alternative rock","XL Recordings",0.515,0.43,7,-9.935,1,0.0369,0.0102,0.000141,0.129,0.104,91.841,4
spotify:track:6yLIqXX9edg1x0HZS7cZEv,"The Air That I Breathe - 2008 Remaster","Hollies","The Hollies",1974-03-01,257106,3,false,,2019-09-21T16:52:42Z,"","BMG Rights Management (US) LLC",0.279,0.473,4,-8.375,0,0.0309,0.242,0.00164,0.158,0.246,167.792,4
spotify:track:4DfqmW0wDmCevftAWOuNrx,"Seven Tentacles and Eight Flames","R. Borlax","Horse The Band",2003,190920,21,false,,2019-09-14T05:16:53Z,"mathcore,post-hardcore,metalcore","Pluto Records",0.295,0.95,7,-3.433,1,0.202,0.00186,0.00213,0.103,0.278,74.884,4
spotify:track:19slC7k8bsPOAKDjHYLU2W,"Father And Son","Tea for the Tillerman","Yusuf / Cat Stevens",1970-11-23,221000,3,false,,2019-09-14T02:25:53Z,"folk rock,folk,singer-songwriter","Universal Music Group International",0.499,0.33,7,-11.467,1,0.0348,0.589,0.0000421,0.102,0.395,135.993,4
spotify:track:1txNotaGMAx0ihqiOHDVan,"Gypsy Woman","Brian Hyland","Brian Hyland",1970,154440,43,false,,2019-09-14T02:22:51Z,"","Hip-O Select",0.61,0.685,11,-8.345,1,0.0312,0.0952,0.0000783,0.16,0.893,107.189,4
spotify:track:3dwSjp4LuPQfQeO0UZLsfB,"Part of the Plan","Souvenirs","Dan Fogelberg",1974-10,198133,45,false,,2019-09-14T02:21:12Z,"yacht rock,soft rock","Epic",0.65,0.732,2,-14.004,1,0.0356,0.506,0.00000468,0.0601,0.838,144.473,4
spotify:track:3yrSvpt2l1xhsV9Em88Pul,"Brown Eyed Girl","Blowin' Your Mind!","Van Morrison",1967-09,183306,19,false,,2019-09-14T01:57:20Z,"","Columbia/Legacy",0.491,0.583,7,-10.964,1,0.0376,0.185,0,0.406,0.908,150.566,4
spotify:track:1mqydO6xMtyTPa8yo1SdVr,"Amie","Greatest Hits","Pure Prairie League",1999-09-14,260933,58,false,,2019-09-14T01:55:00Z,"southern rock,country rock,yacht rock,soft rock","RCA Records Label",0.553,0.449,9,-11.722,1,0.0292,0.567,0,0.0892,0.423,88.788,4
spotify:track:4IU1RL4BKvFyXtbTwaHAvW,"Ventura Highway","Homecoming","America;George Martin",1972,211680,83,false,,2019-09-13T17:14:10Z,"yacht rock,soft rock,folk rock","Warner Records",0.611,0.761,2,-5.929,1,0.0283,0.104,0.0002,0.122,0.838,130.705,4
spotify:track:27oZwWrAt3WJwZGqSIrvq1,"Mt Saint Michel + Saint Michaels Mount","Drukqs","Aphex Twin",2001-10-22,490413,0,false,,2019-08-09T19:19:53Z,"idm,ambient","Warp Records",0.684,0.943,10,-9.185,0,0.0985,0.003,0.877,0.0819,0.183,100.087,4
spotify:track:5wsgMJ8QybiZc5zuTCWCTx,"l o v e","sixteen","pluko",2018-08-17,166071,0,false,,2019-07-02T23:51:31Z,"stutter house,future bass","Foreign Family Collective",0.763,0.328,5,-12.61,1,0.105,0.859,0.885,0.0919,0.48,133.003,4
spotify:track:4u0JqoKMDqye05lZzCQx1I,"Pandemonium - Original Mix","Evolution","Arkasia",2011-10-17,330682,35,false,,2019-07-02T07:40:34Z,"chillstep,dubstep,drumstep","Heavy Artillery Recordings",0.362,0.437,0,-8.155,1,0.0344,0.0137,0.0494,0.107,0.0524,130.115,4
spotify:track:6aZWB0qM2PtHabzXSRvFtv,"Paranoid","Mega Hit Mixed Top Pop Songs 2019","Steve Void;Anna Yvette;Midsplit",2019-06-13,171795,0,false,,2019-06-29T03:44:18Z,"slap house,deep house,drumstep,chillstep,dubstep","Strange Fruits",0.664,0.799,1,-4.284,0,0.0662,0.0765,0.000033,0.149,0.39,95.031,4
spotify:track:0m45vBUV6YmGluSTYP6q5f,"Twisted Reality","Twisted Reality","Unknown Brain;Anna Yvette",2017-10-17,186363,0,false,,2019-06-29T03:42:59Z,"drumstep,chillstep,dubstep","NCS",0.486,0.817,4,-3.326,1,0.0711,0.239,0,0.0845,0.301,170.079,4
spotify:track:5MAM4PXb95MPl2JWSlMI6L,"Against The Sun","Against The Sun","Rootkit;Anna Yvette",2014-10-01,212288,50,false,,2019-06-29T03:41:56Z,"drumstep,stutter house,chillstep,dubstep","Monstercat",0.325,0.663,11,-5.869,0,0.074,0.0313,0.0101,0.0737,0.147,174.04,4
spotify:track:23BEJWSkNjoTNA94sT9sxD,"Linked","Linked","Jim Yosef;Anna Yvette",2017-12-16,223218,0,false,,2019-06-29T03:41:33Z,"drumstep,chillstep,dubstep","NCS",0.612,0.904,6,-3.943,1,0.0452,0.0602,0.00629,0.427,0.251,99.97,3
spotify:track:1nRm0zSnBz6drMTlk3C20E,"Chosen","Chosen","TheFatRat;Laura Brehm;Anna Yvette",2019-03-08,229946,3,false,,2019-06-29T03:40:49Z,"chillstep,drumstep,dubstep","Universal Music AB",0.532,0.564,4,-4.152,1,0.0284,0.0233,0.00109,0.25,0.0568,94.987,4
spotify:track:0xtqNYckH9GHUbEgqQCEDR,"Pastel Flags","Endless Fantasy","Anamanaguchi",2013-05-14,200715,0,false,,2019-06-12T03:40:43Z,"vocaloid","dream.hax",0.366,0.942,9,-2.569,1,0.0632,0.0145,0.58,0.0697,0.519,92.868,4
spotify:track:1ptz9ZyVIfxonmgtpYiXAj,"Regain Control","Distant Reality","Shirobon",2014-02-04,194666,0,false,,2019-06-12T03:38:28Z,"","Shirobon Recordings",0.66,0.68,7,-6.872,0,0.0372,0.357,0.205,0.197,0.433,90.008,4
spotify:track:3Wm5Xw7e54CPZow7PLxvl8,"Episode III (A New Day)","Forever Famicom","Mega Ran;K-Murdock",2010-06-01,171781,4,false,,2019-06-07T00:17:54Z,"jazz rap","RandomBeats Music, LLC",0.385,0.822,1,-5.667,1,0.0664,0.00961,0,0.302,0.314,85.987,4
spotify:track:1gVZp9U340txDCQzZQwa5n,"Forever","Forever Famicom","Mega Ran;K-Murdock",2010-06-01,250714,4,false,,2019-06-07T00:17:54Z,"jazz rap","RandomBeats Music, LLC",0.589,0.739,11,-5.012,1,0.12,0.435,0.000689,0.116,0.598,89.99,4
spotify:track:45tvZ57fj8ZJqqohC7mvn2,"Dream Master","Forever Famicom","Mega Ran;K-Murdock",2010-06-01,246785,7,false,,2019-06-07T00:17:54Z,"jazz rap","RandomBeats Music, LLC",0.49,0.784,1,-6.182,1,0.213,0.42,0.00000235,0.172,0.491,119.27,5
spotify:track:2ckQkqFfUQYwQwOBGhQlgB,"The Goodness","Forever Famicom","Mega Ran;K-Murdock",2010-06-01,238888,3,false,,2019-06-07T00:17:54Z,"jazz rap","RandomBeats Music, LLC",0.651,0.736,1,-8.073,1,0.312,0.436,0,0.714,0.664,91.524,4
spotify:track:1lUVlLUuPvI0RtO7u3MnHv,"Player Two","Forever Famicom","Mega Ran;K-Murdock",2010-06-01,204103,4,false,,2019-06-07T00:17:54Z,"jazz rap","RandomBeats Music, LLC",0.513,0.777,2,-7.238,1,0.112,0.189,0.00241,0.538,0.559,88.113,4
spotify:track:1GCeJOOjw6UaxImL21WszR,"The Girl With the Make Up","Forever Famicom","Mega Ran;K-Murdock;Ariano",2010-06-01,259594,2,false,,2019-06-07T00:17:54Z,"jazz rap","RandomBeats Music, LLC",0.493,0.744,6,-6.977,1,0.345,0.249,0,0.242,0.694,169.836,4
spotify:track:62yYcabIqnSjqC3VLWoj59,"Drop the Load","Forever Famicom","Mega Ran;K-Murdock",2010-06-01,235533,2,false,,2019-06-07T00:17:54Z,"jazz rap","RandomBeats Music, LLC",0.676,0.69,6,-7.392,1,0.0359,0.509,0,0.136,0.63,89.604,4
spotify:track:71F5qBvqom54OSxPk54Wpe,"World Tree","Forever Famicom","Mega Ran;K-Murdock",2010-06-01,256595,2,false,,2019-06-07T00:17:54Z,"jazz rap","RandomBeats Music, LLC",0.628,0.809,7,-6.727,1,0.269,0.254,0,0.255,0.74,109.392,4
spotify:track:1cwEtZK4ohnFBOk2Az5SI9,"2k10","Forever Famicom","Mega Ran;K-Murdock",2010-06-01,191268,2,false,,2019-06-07T00:17:54Z,"jazz rap","RandomBeats Music, LLC",0.469,0.858,1,-6.578,1,0.214,0.171,0,0.196,0.709,95.512,4
spotify:track:41KNb6gmJCyo8DTSH2NVGH,"Epoch","Forever Famicom","Mega Ran;K-Murdock",2010-06-01,281783,7,false,,2019-06-07T00:17:54Z,"jazz rap","RandomBeats Music, LLC",0.587,0.807,10,-5.604,0,0.0483,0.0107,0.0632,0.341,0.613,92.003,4
spotify:track:0CKCYKPLLoH9XjYEWf8DnA,"Double Dragons","Forever Famicom","Mega Ran;K-Murdock;Jermiside",2010-06-01,223963,2,false,,2019-06-07T00:17:54Z,"jazz rap,underground hip hop","RandomBeats Music, LLC",0.805,0.671,7,-7.939,1,0.219,0.552,0.00000281,0.162,0.534,114.142,4
spotify:track:61HY26KXUJ5s9ZntjxUsgS,"CON-Tact","Forever Famicom","Mega Ran;K-Murdock",2010-06-01,169210,1,false,,2019-06-07T00:17:54Z,"jazz rap","RandomBeats Music, LLC",0.673,0.844,1,-6.052,0,0.273,0.404,0,0.286,0.666,97.193,4
spotify:track:6hXeteic1V5LSovbl4InM3,"For the Gamers","Forever Famicom","Mega Ran;K-Murdock;Dual Core;Schaffer The Darklord",2010-06-01,323731,7,false,,2019-06-07T00:17:54Z,"jazz rap","RandomBeats Music, LLC",0.556,0.677,9,-5.686,1,0.241,0.253,0,0.204,0.855,85.912,4
spotify:track:3RYm2KvRnz72TftmTnviKf,"Galaxies","Forever Famicom","Mega Ran;K-Murdock",2010-06-01,299704,2,false,,2019-06-07T00:17:54Z,"jazz rap","RandomBeats Music, LLC",0.564,0.764,2,-6.614,0,0.0292,0.665,0.567,0.103,0.252,114.628,4
spotify:track:6WPshSCkQIreycWDA93fvn,"Wiener Schnitzel","Back to the chipland","Zalza",2010-06-10,109400,7,false,,2019-05-10T23:31:41Z,"","Record Union",0.627,0.741,1,-5.95,0,0.0331,0.00881,0.917,0.223,0.804,98.254,4
spotify:track:3E171uT74GVnik8Z8SnAjb,"Gideon Wrath Part II","Scott Pilgrim vs. the World: The Game (Original Videogame Soundtrack)","Anamanaguchi",2010-01-01,108120,0,false,,2019-05-10T15:45:19Z,"vocaloid","ABKCO (US)",0.328,0.997,4,-5.488,0,0.111,0.00000292,0.781,0.0642,0.628,180.032,4
spotify:track:5OLjhk2db14wAFMmWjrxGw,"Frank Sinatra","Fashion Nugget","CAKE",1996-09-17,241026,0,false,,2019-05-07T14:26:05Z,"alternative rock","Volcano",0.679,0.514,7,-9.2,1,0.0421,0.184,0.0235,0.177,0.535,114.225,4
spotify:track:0fpe72EoMsxUx8HtFN8bRs,"The Force","Monstercat 001 - Launch Week","Halo Nova",2011-07-12,206575,0,false,,2019-05-01T00:18:05Z,"dubstep,drumstep","Monstercat",0.579,0.854,9,-3.887,1,0.0359,0.0000557,0.123,0.166,0.224,139.995,4
spotify:track:54W6duocuksjd7MhDmLKmc,"Move That Body (Soltan Remix)","Move That Body (Soltan Remix)","Pegboard Nerds;Quiet Disorder;Soltan",2017-08-16,231408,0,false,,2019-04-30T13:49:48Z,"dubstep,drumstep,edm,electro house,glitch,bass house,riddim,deathstep,bass music","Monstercat",0.722,0.926,11,-3.661,0,0.109,0.00989,0.000342,0.1,0.192,149.914,4
spotify:track:6ZfsjLmyafNDKL2KvWmkb8,"September","September","Conro",2018-09-01,214576,30,false,,2019-04-25T23:36:12Z,"future bass","Monstercat",0.722,0.716,8,-5.368,1,0.0455,0.0308,0.006,0.105,0.667,118.039,4
spotify:track:1z7px6YcAE3gBWg3VfEWBP,"Break Them (feat. Anna Yvette)","Monstercat 020 - Altitude","Aero Chord;Anna Yvette",2014-12-14,259200,0,false,,2019-04-25T23:09:03Z,"edm trap,dubstep,drumstep,chillstep","Monstercat",0.744,0.796,4,-2.546,0,0.0908,0.0647,0.0287,0.108,0.238,100.022,4
spotify:track:2wYTXWyPrDsIC7WRXOpyBo,"The Schism","Monstercat 017 - Ascension","Haywyre",2014-05-21,320000,0,false,,2019-04-25T23:05:54Z,"future bass","Monstercat",0.577,0.913,4,-3.734,0,0.0559,0.00991,0.826,0.144,0.0978,180.186,4
spotify:track:1JJ46YsWSVdpYus2PcRuB7,"Superhuman (Gammer Remix) [feat. Eric Leva]","Superhuman (Gammer Remix) [feat. Eric Leva]","SLANDER;Gammer;Eric Leva",2017-11-08,268800,0,false,,2019-04-18T22:30:09Z,"melodic bass,future bass,dubstep,edm,happy hardcore,hardstyle,hardcore techno","Monstercat",0.427,0.84,2,-3.741,1,0.117,0.144,0.00000223,0.279,0.0861,149.951,4
spotify:track:7BLkcbdCjbxtSnpED7tSdO,"Alone (Getter Remix)","Alone (Getter Remix)","Marshmello;Getter",2016-08-25,262640,0,false,,2019-04-08T18:03:11Z,"edm,dubstep,horrorcore","Monstercat",0.499,0.969,7,-0.057,1,0.134,0.0000536,0.146,0.587,0.076,112.528,3
spotify:track:5ZGyn0NX8gFmluoK56Atkz,"The Girl (Mr FijiWiji Remix) [feat. Cozi Zuehlsdorff]","The Girl (The Remixes)","Hellberg;Cozi Zuehlsdorff",2015-07-13,333960,0,false,,2019-04-07T15:59:48Z,"drumstep","Monstercat",0.462,0.653,9,-6.763,0,0.0505,0.0521,0.00000347,0.178,0.0423,110.04,4
spotify:track:5PwCuqzezD4a7mfxMNwk86,"Everything Black (feat. Mike Taylor)","Everything Black (feat. Mike Taylor)","Unlike Pluto;Mike Taylor",2017-03-10,228979,1,false,,2019-04-04T22:38:19Z,"","Monstercat",0.62,0.864,5,-4.334,0,0.114,0.0323,0,0.117,0.395,98.059,4
spotify:track:6C6JkfOSz31JhC0ts9eL8C,"Make a Move (feat. Openwater)","Monstercat 021 - Perspective","Direct;Labisch;Openwater",2015-03-18,207185,0,false,,2019-04-01T13:43:19Z,"chillstep","Monstercat",0.318,0.574,3,-12.232,1,0.0851,0.216,0.323,0.169,0.0368,208.182,3
spotify:track:3PTaJfu4yaTyxABKHmlmvx,"Air","Monstercat 015 - Outlook","Hellberg;Teqq;Taylr Renee",2013-11-20,447773,0,false,,2019-04-01T13:19:41Z,"drumstep","Monstercat",0.631,0.76,0,-5.61,0,0.266,0.0674,0.0356,0.161,0.143,125.96,4
spotify:track:7hue41lzQk6HOKAnE6FZpX,"Heartbeat (Rogue Remix) [feat. Collin McLoughlin]","Heartbeat (The Remixes)","Vicetone;Collin McLoughlin",2013-05-24,307968,0,false,,2019-03-31T23:10:03Z,"edm,chillstep","Monstercat",0.677,0.904,11,-5.249,0,0.232,0.00288,0,0.372,0.679,127.999,4
spotify:track:22lakhRP42TR8pPsBPZQU8,"Chenchen Barvaz","Head of NASA and the 2 Amish Boys","Infected Mushroom",2018-12-12,462857,31,false,,2019-03-29T01:43:31Z,"psytrance,trance","Monstercat",0.59,0.734,5,-6.746,0,0.0513,0.00569,0.84,0.201,0.167,140.005,4
spotify:track:6VHBZt8T7ZdlUt3MkOZqPy,"Guitarmass","Head of NASA and the 2 Amish Boys","Infected Mushroom",2018-12-12,398896,50,false,,2019-03-28T22:55:44Z,"psytrance,trance","Monstercat",0.504,0.606,4,-7.078,0,0.086,0.00469,0.848,0.17,0.111,144.979,4
spotify:track:2LhC5aHgfFTmRgu5atVy5k,"Intro","Next Wave","Bossfight",2019-02-25,79132,13,false,,2019-03-28T22:47:59Z,"dubstep,drumstep,deathstep","Monstercat",0.26,0.638,1,-6.212,1,0.0392,0.00619,0.951,0.522,0.148,77.455,4
spotify:track:4lzezjVUnL8AU506mCOdhT,"Runnin","Runnin","smle;Nick Smith",2018-11-23,175845,40,false,,2019-03-24T19:32:10Z,"future bass","Monstercat",0.71,0.681,8,-6.15,1,0.0941,0.0128,0.0000468,0.232,0.41,116.014,4
spotify:track:2WIuQNRwLRuBJY9tkLMGpN,"No One (feat. Matthew Steeper)","Monstercat 012 - Aftermath","Project 46;Matthew Steeper",2013-03-11,353872,0,false,,2019-03-24T01:53:00Z,"progressive house,edm,future bass,melodic bass","Monstercat",0.507,0.806,1,-4.662,1,0.0435,0.000673,0.1,0.127,0.109,128.016,4
spotify:track:7of5vqDVelR7W0GVohpnk5,"Adventures","Adventures","Hyper Potions;Subtact",2015-06-12,173871,35,false,,2019-03-23T16:09:05Z,"future bass,chillstep","Monstercat",0.587,0.527,11,-6.6,0,0.0365,0.0048,0.862,0.0915,0.539,160.014,4
spotify:track:7hoYRgmiWmxIjlPZgLJqFc,"Breezeway","Nmlstyl","Nmlstyl",2017-06-20,163669,0,false,,2019-03-21T13:10:26Z,"japanese vgm","687151 Records DK",0.601,0.867,5,-6.092,1,0.0411,0.0015,0.829,0.0284,0.803,99.987,4
spotify:track:0GM9drSt55aAjGgKrR5Xpj,"This Love (feat. Savoi)","This Love (feat. Savoi)","LVTHER;Savoi",2018-02-16,181276,0,false,,2019-03-20T12:38:32Z,"indie dance,future bass","Monstercat",0.798,0.87,8,-3.109,0,0.167,0.193,0.0000175,0.0608,0.947,94.044,4
spotify:track:1lhXLxEK4CWFOvov9WGfnt,"Dearly Beloved (Kingdom Hearts Remix)","Dearly Beloved (Kingdom Hearts Remix)","Leg Day",2016-02-10,219437,0,false,,2019-03-14T19:18:43Z,"","GameChops",0.556,0.282,3,-8.444,1,0.031,0.234,0.909,0.0865,0.0979,140.012,4
spotify:track:2Azdk5pkfvbbi1mopTvHWv,"Hyrule Castle (Courage)","Hyrule Castle (Courage)","GameChops",2015-03-16,194000,0,false,,2019-03-09T15:58:05Z,"lo-fi","GameChops",0.668,0.714,7,-6.351,0,0.0567,0.00258,0.578,0.181,0.647,130.017,4
spotify:track:04U72dJzpaGsMl4edd1ZyX,"Casin","Points of Interest","glue70",2016-09-03,106153,0,false,,2019-03-09T01:57:55Z,"vaporwave","glue70",0.964,0.662,0,-6.84,1,0.217,0.0631,0.0657,0.0709,0.737,104.022,4
spotify:track:131yybV7A3TmC34a0qE8u8,"Tunak Tunak Tun","Tunak Tunak Tun","Daler Mehndi",1998-02-28,303133,62,false,,2019-03-08T18:55:01Z,"bhangra,bollywood","Magnasound",0.794,0.977,10,-5.637,1,0.178,0.526,0.00196,0.0616,0.687,150.008,4
spotify:track:0trTpNYmHAK3EihaZBd2h6,"Heyyeyaaeyaaaeyaeyaa (Fabulous Secret Powers)","Heyyeyaaeyaaaeyaeyaa (Fabulous Secret Powers)","SLACKCiRCUS",2014-03-01,134833,58,false,,2019-03-08T18:42:21Z,"","SLACKCiRCUS",0.666,0.823,9,-10.167,1,0.158,0.145,0,0.0567,0.893,140.025,4
spotify:track:20LxTsa6936zOlzTWqoPVt,"The Next Episode","2001 (Explicit Version)","Dr. Dre;Snoop Dogg",1999-11-16,161600,6,true,,2019-03-08T14:58:47Z,"old school hip hop,g-funk,gangster rap,west coast hip hop,hip hop,rap","Universal Music Group",0.92,0.891,3,-2.398,0,0.253,0.0313,0,0.083,0.311,95.295,4
spotify:track:21qnJAMtzC6S5SESuqQLEK,"Pump Up The Jam","Pump Up The Jam","Technotronic",1989-11-28,320306,79,false,,2019-03-08T14:58:27Z,"eurodance,hip house,dance","Universal Music S.A.",0.885,0.844,10,-9.225,0,0.0733,0.0147,0.00000449,0.0494,0.715,124.602,4
spotify:track:7723JnKU2R15Iv4T7OJrly,"Funky Town","Paradas Continuas","Lipps Inc.",2009-10-20,239253,6,false,,2019-03-08T14:47:42Z,"disco","CONSECUENCIAS DISCOGRAFICAS",0.906,0.63,0,-8.071,1,0.0575,0.000547,0.616,0.0994,0.342,122.458,4
spotify:track:4rPLXgafE7QzpWGUPR2Nfy,"Dragostea Din Tei - Original Italian Version","Ma Ya Hi (Dragostea Din Tei) [English Mixes]","O-Zone",2004,213213,44,false,,2019-03-08T14:43:30Z,"europop,eurodance","Ultra Records, LLC",0.669,0.888,11,-6.498,0,0.0296,0.0418,0,0.094,0.805,130.04,4
spotify:track:7fG22bvpAT44rkKgYDLmFK,"We No Speak Americano - Radio Edit","We No Speak Americano","Yolanda Be Cool;DCup",2010-05-31,157986,0,false,,2019-03-08T14:40:24Z,"","Catchy Tunes",0.905,0.783,3,-5.056,0,0.0498,0.0566,0.0472,0.154,0.725,125.019,4
spotify:track:7atIHMnLUJ5ikdnosz1GwU,"Barbie Girl","Aquarium","Aqua",1997-01-01,197906,1,false,,2019-03-08T14:39:06Z,"europop,eurodance","Universal Music",0.81,0.956,1,-5.753,0,0.0367,0.0167,0.281,0.35,0.961,129.996,4
spotify:track:3JOVTQ5h8HGFnDdp4VT3MP,"Mad World","Trading Snakeoil for Wolftickets","Gary Jules;Michael Andrews",2001-01-01,189506,72,false,,2019-03-08T01:26:47Z,"","Down Up Down Music",0.344,0.0585,3,-17.212,1,0.0373,0.976,0.000362,0.103,0.323,174.149,4
spotify:track:27KdlmrQh08xsorFR7aFov,"Caramelldancing - Radio Version","Caramelldancing","Caramell",2008-09-16,176280,0,false,,2019-03-08T00:55:58Z,"europop,eurodance","Remixed Records",0.648,0.998,6,-3.085,1,0.104,0.0438,0.245,0.047,0.81,164.75,4
spotify:track:3FDApkjYJWCr5Vu5RLbPsm,"PPAP (Pen-Pineapple-Apple-Pen)","PPAP (Pen-Pineapple-Apple-Pen)","PIKOTARO",2016-10-28,124852,0,false,,2019-03-07T18:59:32Z,"","Cloud 9 Music",0.899,0.537,1,-5.518,1,0.0647,0.0452,0.264,0.0758,0.496,136.046,4
spotify:track:2mXbqtqKuOX9pyyUga7UZ1,"Kung Fu Fighting","The Soul of the Kung Fu Fighter","Carl Douglas",1972-02-13,197693,0,false,,2019-03-07T14:55:09Z,"","Sanctuary",0.598,0.673,2,-10.431,1,0.0693,0.0422,0.0000684,0.289,0.59,102.035,4
spotify:track:3PEuxalX8TlYyCxJhomZNG,"I Am A Gummy Bear (The Gummy Bear Song)","I'm A Gummy Bear","Gummibär",2008-01-01,196880,0,false,,2019-03-07T14:44:15Z,"children's music","UMOD (Universal Music On Demand)",0.934,0.619,9,-12.444,0,0.045,0.0244,0.000298,0.0627,0.993,128.064,4
spotify:track:74asF5hV7yPzaP1h6wVz1R,"Fatso's Theme aka Play Him Off, Keyboard Cat","Keyboard Cat's Greatest Hits","Keyboard Cat",2009-09-05,27200,14,false,,2019-03-07T14:43:51Z,"","Keyboard Cat",0.756,0.443,5,-16.424,1,0.775,0.959,0.869,0.354,0.991,93.755,4
spotify:track:3UL6Lzsocv9Ucizgzid2B0,"We like to Party! (The Vengabus)","Greatest Hits!","Vengaboys",2009-12-11,222458,2,false,,2019-03-07T14:41:21Z,"eurodance,europop","Breakin' Records/Violent Music BV",0.785,0.931,8,-4.813,1,0.0465,0.0152,0.641,0.046,0.969,135.993,4
spotify:track:6Sy9BUbgFse0n0LPA5lwy5,"Sandstorm","Before the Storm, Special Edition","Darude",2001-01-01,225493,76,false,,2019-03-07T14:41:15Z,"eurodance","16 Inch Records",0.528,0.965,11,-7.984,0,0.0465,0.141,0.985,0.0797,0.587,136.065,4
spotify:track:3UCDrOA37BBdcExyIpN3Xj,"Blue (Da Ba Dee) - Original Ice Pop Radio Edit","Blue [da ba dee] [2009 Remixes]","Eiffel 65;Mixed By A.Villella",1999,284426,1,false,,2019-03-07T14:40:59Z,"italo dance,eurodance,europop","WM UK",0.783,0.976,7,-4.38,0,0.0431,0.156,0.000311,0.364,0.807,127.991,4
spotify:track:0UREO3QWbXJW3gOUXpK1am,"The Fresh Prince of Bel-Air","Greatest Hits","DJ Jazzy Jeff & The Fresh Prince",1998,177266,61,false,,2019-03-07T14:40:56Z,"old school hip hop","Jive",0.824,0.684,10,-7.354,0,0.0935,0.00278,0.00000145,0.0481,0.87,101.152,4
spotify:track:2ahnofp2LbBWDXcJbMaSTu,"What Is Love - 7"" Mix","What Is Love (Remixes)","Haddaway",1993-03-22,270373,9,false,,2019-03-07T14:34:20Z,"eurodance","Coconut Music",0.683,0.772,7,-7.907,0,0.0311,0.0222,0.0149,0.203,0.737,123.871,4
spotify:track:60R2v9lheAu3lwZwAFxMZK,"White & Nerdy (Parody of ""Ridin'"" by Chamillionaire feat. Krayzie Bone)","Straight Outta Lynwood","""Weird Al"" Yankovic",2006-09-26,170651,59,false,,2019-03-07T14:30:59Z,"comedy,polka","Volcano",0.791,0.613,1,-11.628,0,0.0763,0.0986,0,0.0765,0.896,143.017,4
spotify:track:3DamFFqW32WihKkTVlwTYQ,"Fireflies","Ocean Eyes","Owl City",2009-01-01,228346,84,false,,2019-03-06T23:57:18Z,"","Universal Records",0.512,0.662,3,-6.797,1,0.0439,0.0275,0,0.118,0.472,180.114,4
spotify:track:6FLwmdmW77N1Pxb1aWsZmO,"Only Time","A Day Without Rain","Enya",2000-11-11,218546,79,false,,2019-03-05T20:35:03Z,"new age,celtic","WM UK",0.418,0.249,3,-13.744,1,0.0301,0.841,0.661,0.112,0.213,82.803,4
spotify:track:59OkvZEB9zPsEa6fQL2LlZ,"Wii Turn Up (Wii Menu Remix)","Wii Turn Up (Wii Menu Remix)","Murcy",2015-04-29,195515,49,false,,2019-03-04T18:57:54Z,"","Murcy",0.906,0.578,11,-5.241,0,0.0628,0.0115,0.867,0.0626,0.507,114.157,1
spotify:track:2lZHCWCUkxLuQ5skJhkoyS,"Shooting Stars","Bag Raiders (Deluxe)","Bag Raiders",2011-01-01,235813,1,false,,2019-03-04T18:53:51Z,"alternative dance","Modular",0.649,0.716,11,-6.232,1,0.0445,0.0879,0.03,0.0824,0.503,124.968,4
spotify:track:2N5zMZX7YeL1tico8oQxa9,"Crazy","St. Elsewhere","Gnarls Barkley",2006-05-02,182066,6,false,,2019-03-04T15:05:13Z,"","Downtown Recordings/Atl",0.836,0.741,8,-1.609,1,0.0339,0.0172,0.0583,0.0826,0.611,111.963,4
spotify:track:0m5kdGuPwbTLBM3hWkLd1D,"Sad Romance (A.K.A. Sad Violin)","Drama Sonatina","Ji Pyeong Kwon",2013-11-29,276013,0,false,,2019-03-04T15:04:50Z,"","LEEWAY Music & Media",0.122,0.229,9,-11.789,0,0.0493,0.92,0.0612,0.0957,0.0748,74.381,3
spotify:track:2bQ1nNJqEk5PdymJEHdG81,"Gourmet Race (From Kirby Superstar)","Kirby Series Collection","Good Knight Productions",2015-02-20,131000,0,false,,2019-03-04T14:59:22Z,"","Goodknight Productions",0.495,0.716,0,-10.576,0,0.118,0.0506,0.766,0.317,0.96,191.929,4
spotify:track:0hSzixwdKTfDQewDKq2cP5,"You Reposted in the Wrong Neighborhood I Glue70 Mashup","You Reposted in the Wrong Neighborhood I Glue70 Mashup","Shokk",2014-05-21,196642,57,true,,2019-03-04T14:53:30Z,"","SHOKK",0.805,0.643,10,-13.912,1,0.232,0.41,0,0.606,0.927,104.047,4
spotify:track:6OGJ70UPJfTGFWQkrS1NVa,"Mira, Ultraviolet","Future, Towards the Edge of Forever","Starscream",2011-05-10,204626,6,false,,2019-02-19T13:47:21Z,"","Starscream",0.163,0.659,5,-7.401,0,0.0342,0.00164,0.627,0.288,0.0298,131.954,4
spotify:track:0qIoywp8cqRYrk8zp0Ihte,"Följ Mig Ut På Ängen","Följ Mig Ut På Ängen","Algar",2012-06-11,249072,1,false,,2019-02-15T23:29:11Z,"","Record Union",0.55,0.724,4,-6.628,0,0.0426,0.02,0.556,0.0719,0.606,145.483,4
spotify:track:6pWaF3VBwbonLHb455NUWS,"Listenin' To The Records On My Wall","Outside The Box","Skream",2010-08-08,207452,0,false,,2019-02-14T17:46:44Z,"dubstep,dub","Tempa",0.596,0.936,3,-6.418,1,0.0322,0.000431,0.935,0.0974,0.689,137.023,4
spotify:track:2cY7WSxFIsZQaoDNJe7Fz3,"Pass Out","Disc-Overy","Tinie Tempah",2010,268053,69,true,,2019-01-18T23:19:56Z,"grime","Parlophone UK",0.693,0.891,1,-3.261,1,0.296,0.0281,0,0.143,0.532,91.1,4
spotify:track:0rnjk9xfqQlhvcaVTknKlP,"Another Winter","Scott Pilgrim vs. the World: The Game (Original Videogame Soundtrack)","Anamanaguchi",2010-01-01,153266,0,false,,2019-01-18T23:18:31Z,"vocaloid","ABKCO (US)",0.239,0.961,9,-6.675,1,0.0744,0.00000262,0.851,0.0898,0.5,188.287,4
spotify:track:2mSBKuJKQGgOJOCCexuyGH,"Go! - 8-Bit Version","Go! (Remixes)","M83;MAI LAN",2017-02-02,247807,11,false,,2018-11-20T00:13:55Z,"ballroom vogue","M83 Recording Inc",0.548,0.84,7,-7.372,0,0.0439,0.0405,0.00217,0.101,0.177,90.996,4
spotify:track:40eaWCDhkaQIBVczcaFDY5,"Kyurem","The Truth","Rare Candy",2012-06-05,244453,1,false,,2018-11-19T23:44:46Z,"","Distrophonix",0.497,0.923,4,-11.603,0,0.132,0.0137,0.727,0.104,0.0563,114.958,5
spotify:track:3w9h5aeOWSYetvLXWgaYLv,"Anatoliy Shishkov","Ninja Chips","Rymdreglage;Ninjamoped",2011-05-31,269296,0,false,,2018-11-08T23:59:58Z,"","Lutofia",0.447,0.976,2,-5.389,0,0.0414,0.124,0.937,0.356,0.934,170.646,4
spotify:track:3Z9XPLged7JlJggaakI47M,"1-Up","Left to Our Own Devices","Le Cassette",2014-07-22,175714,0,false,,2018-11-05T23:32:49Z,"synthwave,vaporwave,synthpop","Telefuture",0.452,0.71,8,-8.802,0,0.0319,0.00169,0.808,0.11,0.187,140.002,4
spotify:track:4vn2fluXTAy82SEiMwz3LS,"One for All, All for One","Monstercat 014 - Discovery","Razihel;Virtual Riot",2013-09-02,260275,0,false,,2018-10-31T21:03:09Z,"dubstep,drumstep,riddim,deathstep,bass music,future bass,edm,dub","Monstercat",0.55,0.941,0,-3.128,0,0.0849,0.0182,0.00375,0.312,0.351,145.006,4
spotify:track:5XTFltPxlStRyqeiRrINmB,"Live By the Sword","Interstellaria","Chipzel",2015-07-17,94624,4,false,,2018-10-18T18:48:23Z,"","Chipzel",0.467,0.953,0,-5.937,1,0.0383,0.00261,0.914,0.329,0.638,157.008,4
spotify:track:1cRK9ilrjQrkps6yI6ZzEX,"Withering Willows","The Campfire Tales","Philter",2016-11-04,185920,0,false,,2018-10-03T13:34:18Z,"chillstep","Nordic Records Int.",0.682,0.437,10,-10.459,1,0.0261,0.727,0.0697,0.0945,0.454,107.997,4
spotify:track:07gVs8Io90tI6EmjUtFbqk,"Freedom","Thomas Was Alone Ost","David Housden",2012-06-30,245500,17,false,,2018-10-02T21:55:34Z,"","David Housden",0.159,0.188,0,-10.452,1,0.0441,0.611,0.54,0.085,0.0559,52.233,3
spotify:track:6ns4MWJKdE0ZgCNZvj62Cc,"Win","Level","Disasterpeace",2008-01-31,254386,0,false,,2018-09-27T13:29:50Z,"","II",0.124,0.656,5,-7.641,0,0.0735,0.00000133,0.781,0.376,0.156,96.296,4
spotify:track:2Fz76t8sdkL4HPKlkMyS6z,"Vitamin B12","Gas Powered EP","Kubbi",2013-05-01,345679,0,false,,2018-09-25T13:25:45Z,"","Kubbi",0.495,0.789,4,-7.692,1,0.0277,0.00864,0.564,0.108,0.158,108.996,4
spotify:track:1tsCiQ0hdn95vwwAtS48bt,"Gameboy Tune","Machinarium Soundtrack","Tomáš Dvořák",2012-01-31,277240,27,false,,2018-09-22T16:15:48Z,"ambient","Minority Records s.r.o.",0.765,0.642,9,-11.002,1,0.0524,0.334,0.835,0.0707,0.69,120.014,4
spotify:track:1UEsd9baZdWTJqDiCM1iCu,"Mario Airlines (Razor1911 KeyGen Edit)","Best of Crackscene Music 2004-2007","Dubmood",2016-12-08,285022,18,false,,2018-09-20T18:40:06Z,"synthwave","Data Airlines",0.786,0.862,10,-8.787,0,0.0794,0.000723,0.766,0.0744,0.869,112.033,4
spotify:track:0IWkO953B89OCYuJ8jWDZg,"The Backup","The Backup - EP","2080",2011-06-04,338765,0,false,,2018-09-19T05:01:58Z,"","Gourmets Recordingz",0.594,0.511,1,-8.006,0,0.0404,0.246,0.00104,0.162,0.139,149.933,4
spotify:track:3wDK0wS68qg8UL0vBCNEUI,"Drop","Drop","psilodump",2010-01-16,333949,4,false,,2018-09-18T23:49:33Z,"idm","Data Airlines",0.541,0.977,6,-3.783,1,0.0611,0.0000278,0.926,0.266,0.817,105.978,4
spotify:track:4tuc3b1G4bGmnH1ra9d2u5,"Club Wolf","Rise of the Obsidian Interstellar","Disasterpeace",2011-01-01,298176,0,false,,2018-09-12T21:47:12Z,"","Disasterpeace",0.587,0.59,8,-14.141,1,0.0349,0.00339,0.708,0.11,0.507,145,4
spotify:track:1Srpv2y8O0hBqn18LY6ddt,"Virgin Birds","FantomenK","FantomenK",2011-03-11,293406,23,false,,2018-09-11T22:22:13Z,"","FantomenK",0.371,0.932,3,-6.664,1,0.143,0.0107,0.927,0.242,0.458,179.956,4
spotify:track:5ZhZxg6CPbAipxyybwvfVB,"Did You See Me Coming? - Unicorn Kid Mix","Did You See Me Coming?","Pet Shop Boys;Unicorn Kid",2009-12-04,248718,7,false,,2018-09-03T20:22:25Z,"synthpop,new wave","Parlophone UK",0.519,0.928,0,-3.854,0,0.249,0.105,0.00000319,0.139,0.453,142.024,4
spotify:track:5uf8bgrz6Jiu2c9cbPPzt5,"Musraket","Zalza vs. the World Vol. 3","Zalza vs. Svenzzon & Ghidorah",2012-10-26,192051,4,false,,2018-08-22T13:37:00Z,"","Record Union",0.432,0.956,3,-3.834,0,0.091,0.00111,0,0.329,0.809,77.482,4
spotify:track:5vumdojSnv2toKnl4wS41e,"Fanfare","KABOOM!","I Fight Dragons",2011-10-24,30240,15,false,,2018-08-21T21:47:29Z,"","Photo Finish",0.269,0.0797,3,-14.178,1,0.0508,0.0528,0.978,0.319,0,117.879,4
spotify:track:4rQnCj8zg6XJim7VjHVWnO,"This Is the End","Scott Pilgrim vs. the World: The Game (Original Videogame Soundtrack)","Anamanaguchi",2010-01-01,95613,0,false,,2018-08-21T21:38:29Z,"vocaloid","ABKCO (US)",0.252,0.772,5,-5.428,1,0.0335,0.0000386,0.931,0.305,0.768,199.688,3
spotify:track:6Xunj7qdsLuU3PtKPhfHpZ,"The Seven Seas","The Blossom Chronicles","Philter",2012-10-19,234853,0,false,,2018-08-21T13:49:36Z,"chillstep","Nordic Records",0.59,0.452,7,-11.023,1,0.0318,0.00753,0.271,0.112,0.0518,125.029,4
spotify:track:3XEvvK5DeCdA8sCLoLrXsv,"Pushing Onwards","Pppppp","Magnus Pålsson",2010-02-10,221428,1,false,,2018-08-21T13:31:18Z,"","Souleye",0.595,0.75,8,-8.823,0,0.0341,0.169,0.95,0.0692,0.915,139.999,4
spotify:track:6tKN4T3MFMoaNcMGtf8jnO,"Flame of Finland (Warp Remix)","Best of Crackscene Music 2004-2007","Dubmood",2016-12-08,283194,7,false,,2018-08-18T16:23:23Z,"synthwave","Data Airlines",0.691,0.954,9,-8.686,1,0.0658,0.005,0.885,0.282,0.805,125.029,4
spotify:track:2iXisyvSoMo1wRbsoIyPdr,"Assecs Denied","Assecs Denied","Daniel Savio",2012-04-16,191251,0,false,,2018-08-15T22:11:00Z,"","MYOR Music",0.799,0.522,1,-11.956,1,0.177,0.0691,0.697,0.0647,0.796,107.89,4
spotify:track:2dLz1z9JaVWyHuJyVWpfds,"Bleepboop","The Shard","8BitStellar;Roger Kuan",2010-02-12,177173,0,false,,2018-08-10T14:15:35Z,"","8BitStellar",0.401,0.998,7,-1.029,1,0.0601,0.00408,0.881,0.33,0.472,170.005,4
spotify:track:3LCBb6KlS1yeOFttel6Sbr,"Grand Battle","Grand Battle","Monomate",2010-03-09,484120,22,true,,2018-08-09T23:17:34Z,"","Monomate",0.306,0.904,10,-4.49,0,0.0512,0.000363,0.00163,0.0652,0.136,148.052,4
spotify:track:7FzjlCHuyDkBQO6mTq3WgY,"Streets So Warm","Streets So Warm","Toddla T;Wayne Marshall;Skream",2011-10-17,277373,2,false,,2018-08-09T23:11:33Z,"uk funky,uk garage,bassline,grime,dancehall,riddim,ragga,reggae,dubstep,dub","Ninja Tune",0.582,0.935,10,-5.448,1,0.405,0.0161,0.00000113,0.247,0.812,123.941,5
spotify:track:1TYgdrYnCu5zXJDLeSswmt,"Lime","Maelstrom","Koï",2012-05-21,225966,0,false,,2018-08-09T22:57:12Z,"chillwave","Koi",0.62,0.589,9,-11.504,1,0.0403,0.00911,0.827,0.105,0.694,155.001,4
spotify:track:0OkbLydL23Wh7fhh3sc6wo,"Formed in the Clouds","Spectra","Chipzel",2013-09-01,142448,22,false,,2018-08-09T22:56:32Z,"","Chipzel",0.424,0.941,11,-5.815,0,0.0855,0.665,0.978,0.0994,0.253,160.051,4
spotify:track:46jV9elYQeG1FmQWkzheTs,"Coney Island","Heat Wave","Arcade High",2014-06-26,234761,0,false,,2018-08-05T21:01:22Z,"synthwave,vaporwave","Telefuture",0.658,0.826,11,-9.008,1,0.0418,0.118,0.656,0.148,0.86,122.017,4
spotify:track:2gYmDuFNolHeb76AQtwKev,"Suburban Doxology","KABOOM!","I Fight Dragons",2011-10-24,234733,22,false,,2018-08-03T13:24:53Z,"","Photo Finish",0.454,0.897,10,-5.138,1,0.0545,0.00678,0,0.383,0.596,159.987,4
spotify:track:6TQsxmS1bLB4LesYsZnsah,"Close To Me","Close To Me","Sabrepulse",2011-07-15,260024,0,false,,2018-07-27T22:42:44Z,"","BLEEPSTREET Records",0.213,0.85,1,-4.115,1,0.0513,0.023,0.00000891,0.759,0.425,123.803,4
spotify:track:5OR65JDagDdrlVylEYwlzv,"Then Goto 1980","Obsolete?","Pixelh8",2009-05-05,189600,3,false,,2018-07-24T13:39:09Z,"","Hidden Youth Records UK",0.602,0.842,5,-2.76,1,0.0641,0.325,0.915,0.0991,0.1,184.821,4
spotify:track:1yz1STkqY2tt6e5Eph6LIH,"Thnks fr th RAM","Save Chiptune","Inverse Phase",2016,200063,0,false,,2018-07-23T22:39:36Z,"","Inverse Phase",0.505,0.759,10,-10.56,0,0.0348,0.0883,0.737,0.222,0.503,150.062,4
spotify:track:59ATjr4bNxiHqxdheJDW34,"Beginning Of The End","Nocturnal","Big Gigantic",2012-01-11,406956,15,false,,2018-07-23T22:26:45Z,"","Big Gigantic",0.342,0.922,2,-4.192,0,0.24,0.223,0.238,0.661,0.393,184.044,4
spotify:track:2DLpMgh3sSnynkDhocTZl8,"Golden Apples","Golden Apples E.P","Shirobon",2010-01-11,190804,0,false,,2018-07-23T22:21:20Z,"","Ear Candy Music",0.382,0.984,8,-4.156,1,0.0785,0.000147,0.00207,0.0805,0.267,154.115,4
spotify:track:2oHKwHNiL85Z0YFZqcgET2,"High Score Summer","Pixel Passion","Arcade High",2013-06-24,215322,0,false,,2018-07-20T23:20:19Z,"synthwave,vaporwave","Telefuutre",0.525,0.832,9,-8.739,1,0.0317,0.0000112,0.934,0.0855,0.169,123.996,4
spotify:track:2258wbkLHHOpjzlkLPfwMU,"Prom Night - 2K14 Radio Edit","Prom Night","Anamanaguchi;Bianca Raquel",2014-02-03,234314,0,false,,2018-07-20T22:34:10Z,"vocaloid","Alcopop!",0.574,0.786,1,-4.3,0,0.0332,0.00816,0.00000142,0.321,0.363,123.945,4
spotify:track:2YTeYQU0tdH8vYMvv0pI6X,"Flicker (Feat. Chris Geehan)","Impostor Nostalgia","Big Giant Circles",2011-09-12,277597,15,false,,2018-07-19T23:07:41Z,"","Big Giant Circles",0.382,0.889,0,-5.214,0,0.0495,0.00299,0.863,0.0956,0.142,180.027,4
spotify:track:2t5dMpHhvGqEQ06WoiF2SF,"Up In My Jam (All Of A Sudden)","Gas Powered EP","Kubbi",2013-05-01,220709,0,false,,2018-07-19T22:47:28Z,"","Kubbi",0.478,0.821,7,-7.735,1,0.0329,0.00555,0.89,0.202,0.595,96.887,4
spotify:track:1brFdMO5s6fXuAlk5fKaPZ,"Stone Cold - Chipzel's 3-1 Cold Remix","Chipped of the Necrodancer","Chipzel",2017-08-22,165333,0,false,,2018-07-18T23:26:47Z,"","Chipzel",0.578,0.982,7,-3.208,1,0.0394,0.000475,0.918,0.0872,0.394,134.991,4
spotify:track:1MoHbbrPxjypyDj8lXQQIU,"Remnant (March Of The Undead IV)","A View From The End Of The World","Machinae Supremacy",2010-01-01,355680,0,false,,2018-07-13T21:54:15Z,"power metal","Universal Music Group",0.323,0.613,1,-5.54,0,0.0319,0.00446,0.00132,0.0744,0.0914,143.989,4
spotify:track:1pgyFFLcNJ2WR4zJAOM8xr,"Trouble","Back Tracking","Shirobon;Brandon Marx",2013-08-27,174857,0,false,,2018-07-13T13:38:05Z,"","Shirobon Recordings",0.516,0.817,3,-6.155,0,0.0298,0.14,0.00000363,0.0902,0.432,140.026,4
spotify:track:3fgCbv0agjdyD1wSuSpdx8,"We Come Together (The Kiffness 8 Bit Remix)","We Come Together (The Kiffness 8 Bit Remix)","GoldFish",2011-07-01,196137,8,false,,2018-07-13T13:29:05Z,"electro swing","Goldfish Music",0.764,0.772,7,-2.443,0,0.071,0.0585,0.0586,0.0942,0.97,145.03,4
spotify:track:5mFPdQq7gP8z1KJsiqzR6e,"Nothing on We","The Preview","Chiddy Bang",2010-09-13,207986,26,false,,2018-07-06T13:56:31Z,"","Parlophone UK",0.67,0.585,5,-5.004,0,0.291,0.00306,0,0.0765,0.605,91.307,4
spotify:track:6ObLdnuFfAZ5UYezCTHLsN,"Three","Level","Disasterpeace",2008-01-31,243213,0,false,,2018-07-03T14:52:52Z,"","II",0.591,0.388,5,-8.883,0,0.05,0.00000723,0.886,0.048,0.677,135.086,4
spotify:track:7qWhCZkqSAFElqCEHPvl5H,"The Incrementalists","Krunch","Disasterpeace",2013-01-04,179065,0,false,,2018-07-02T21:56:02Z,"","Joypad Records",0.576,0.945,2,-7.719,1,0.0335,0.000857,0.871,0.114,0.787,150.021,5
spotify:track:1GrNuLRtO25KIDgkNRDHRH,"Razor Comeback Intro feat. Zabutom, Ogge","Best of Crackscene Music 2004-2007","Dubmood",2016-12-08,429165,9,false,,2018-07-02T21:27:38Z,"synthwave","Data Airlines",0.235,0.696,10,-10.474,1,0.0429,0.0716,0.962,0.0862,0.735,180.125,4
spotify:track:6hqzqmVjn0SGuIFoqsyprq,"Captain Cool","Nice Catch Biggy!","Bossfight",2011-02-01,198624,35,false,,2018-06-26T12:53:10Z,"dubstep,drumstep,deathstep","Record Union",0.633,0.896,7,-4.699,1,0.052,0.00104,0.884,0.249,0.51,144.986,4
spotify:track:25bJWOL9apFNvfX9l7FNzR,"Strange Comfort (feat. Bit Shifter)","Bit.Trip Flux Original Soundtrack","Gaijin Games",2011-02-28,434840,7,false,,2018-06-26T12:38:10Z,"","Gaijin Games",0.534,0.997,10,-4.012,0,0.0792,0.000288,0.825,0.349,0.238,119.917,4
spotify:track:1fnMHbW7zURKdRtfXsLOCf,"Someone Elses (feat. Adi Ulmansky)","Delicious - EP","Borgore;Adi Ulmansky",2011-06-06,217033,0,false,,2018-06-25T23:22:39Z,"dubstep,riddim,deathstep,dub","Buygore",0.651,0.906,5,-5.103,1,0.111,0.0000691,0.00000334,0.156,0.358,139.974,4
spotify:track:3Am9xcGsOTxk46ePtjkQ3e,"Deadmau5 - Strobe (Gameboy Remix) Radio Edit","Deadmau5 - Strobe (Gameboy Remix)","Dj CUTMAN feat. An0va",2012-03-05,312946,0,false,,2018-06-25T17:46:50Z,"","GameChops",0.6,0.934,8,-8.722,0,0.0538,0.0994,0.895,0.11,0.82,135.02,4
spotify:track:06rAy2cm8ghe8d1czdamv7,"Just The Beginning","CHIPBROKE","T-bread;Homonintendus;Puke Flytalker;Cursed Chimera;R10T33R;Alien;Downstate;Cats;Love Through Cannibalism;B4TTLETOAD",2010-08-30,315120,0,false,,2018-06-25T17:32:14Z,"dark ambient,ambient,witch house","Homonintendus",0.491,0.896,8,-7.817,1,0.046,0.0000858,0.81,0.174,0.379,147.915,4
spotify:track:0oZWtk8tsy276wfd4cay2u,"Game of Thrones (HBO Series)","1 sid 8 bit","KompositKrut",2012-06-01,58570,0,false,,2018-06-25T17:32:12Z,"","Independent",0.313,0.77,0,-3.998,0,0.0407,0.0613,0.964,0.188,0.309,64.231,4
spotify:track:3mWoMjYKJkDHkCvc61F7l0,"Trololo Chiptune Cover","Chip Ahoy!","Robinerd",2010-11-20,97071,0,false,,2018-06-25T17:32:11Z,"","Sweet Sounds",0.724,0.334,7,-15.712,1,0.0567,0.32,0.877,0.146,0.964,123.167,4
spotify:track:3vAcaunVhCNcCSEwgVHg7x,"I Need You","Back Tracking","Shirobon",2013-08-27,307377,0,false,,2018-06-25T17:32:10Z,"","Shirobon Recordings",0.713,0.542,10,-5.658,0,0.126,0.0255,0.0000768,0.0738,0.272,121.957,4
spotify:track:12R08wW378xAKPFNAAnu6p,"Someone Elses - Vocal Mix","Delicious","Borgore;Adi Ulmansky",2011-06-20,187468,0,false,,2018-06-25T17:32:09Z,"dubstep,riddim,deathstep,dub","Buygore Records",0.633,0.946,5,-5.009,1,0.121,0.0000615,0.00000404,0.186,0.455,139.976,4
spotify:track:1YX1d1YyySLzqqNuSYdN1h,"Under the Moonlight","The Arcade Dream","Shirobon",2014-08-19,205714,0,false,,2018-06-25T17:32:03Z,"","Shirobon Recordings",0.773,0.9,7,-5.466,0,0.0541,0.0687,0.00251,0.149,0.175,140.02,4
spotify:track:3b8uE0uvy8r44nyjRrrE60,"Prelude","ISM","Savant",2012-10-07,386066,0,false,,2018-06-25T17:31:59Z,"dubstep,drumstep","Vybz",0.644,0.656,10,-6.417,0,0.185,0.000384,0.612,0.0479,0.387,131.078,4
spotify:track:4wSDeYhwfqc4wXeWnUHPKs,"Reprise","Maelstrom","Koï",2012-05-21,263000,0,false,,2018-06-25T17:31:57Z,"chillwave","Koi",0.581,0.673,9,-8.127,0,0.0335,0.00148,0.473,0.177,0.34,148.232,4
spotify:track:69vka0xCdrojy8PnIeTORY,"Los Colores de la Vida","FAMILY DANCING","YMCK",2015-06-24,222026,10,false,,2018-06-25T17:31:56Z,"shibuya-kei","not records",0.553,0.583,1,-5.885,1,0.0893,0.173,0.000524,0.185,0.842,90.065,4
spotify:track:2cdn1WmBaTSX8qfZNJ7uMJ,"Tiltin Ova - Pixelord Remix","Robot Ramification","Naive Machine;Pixelord",2011-09-05,264000,0,false,,2018-06-25T17:31:45Z,"future bass,idm,footwork,experimental,witch house,uk funky","Hit And Hope Records",0.621,0.816,8,-6.628,1,0.29,0.0126,0.0597,0.342,0.686,135.967,4
spotify:track:09DDRoziiTPpiZUcGBTmBk,"Sei Vecchi","Machine","Dubmood",2014-01-08,174915,3,false,,2018-06-25T17:31:42Z,"synthwave","Data Airlines",0.561,0.789,7,-6.552,1,0.0465,0.00076,0.887,0.163,0.659,173.35,4
spotify:track:7kIRT14wn4waqRfub1euDg,"Full Hearts","Kingdom","Arcade High",2016-04-14,193712,0,false,,2018-06-25T17:31:41Z,"synthwave,vaporwave","Telefuture",0.59,0.782,6,-4.516,0,0.0586,0.00933,0.773,0.169,0.253,104.016,4
spotify:track:0qHEgY4PUVEM6hi70yxwmb,"We Throw Shapes","We Throw Shapes","Superpowerless",2011-05-01,165125,0,false,,2018-06-25T17:31:40Z,"","EmuBands",0.642,0.873,5,-5.158,1,0.0362,0.00019,0.00094,0.545,0.509,117.968,4
spotify:track:3q2yH1T78FptWtAmCpQlrG,"Untrust Us","Crystal Castles","Crystal Castles",2008-03-16,186373,0,false,,2018-06-25T17:31:37Z,"witch house,electroclash,new rave,alternative dance","Different Recordings",0.604,0.823,11,-5.389,0,0.0276,0.0429,0.128,0.117,0.19,125.876,4
spotify:track:1b81Q6dFyWLm8woTqjlHt3,"Straight ahead","By the edge of God","Nomy",2011-01-31,288613,16,false,,2018-06-25T17:31:35Z,"","Nomy",0.472,0.647,1,-7.752,1,0.0422,0.0498,0,0.0704,0.608,183.991,4
spotify:track:0coDS7YZM3fjrOK7VGX2wM,"Machine (feat. Boltes) [Part4]","Machine","Dubmood;Boltes",2014-01-08,289097,3,false,,2018-06-25T17:31:34Z,"synthwave","Data Airlines",0.597,0.85,0,-5.738,1,0.0735,0.00268,0.000932,0.112,0.884,100.09,4
spotify:track:5Qg7J4eL2ccFUyFyrtVC4W,"Heads Up, Hearts Down - EP Version","Cool Is Just A Number","I Fight Dragons",2010-04-26,197186,25,false,,2018-06-25T17:31:30Z,"","Photo Finish/Atlantic",0.419,0.801,0,-7.387,1,0.037,0.000264,0.0286,0.199,0.508,171.99,4
spotify:track:3y3Ek56cXsWN3Cb9mFrp7Z,"Nowhere To Run To","You Love Her Coz She's Dead","You Love Her Coz She's Dead",2011-08-29,300080,0,false,,2018-06-25T17:31:26Z,"witch house","Glasstone",0.527,0.785,7,-3.483,0,0.0685,0.000146,0.00233,0.347,0.432,118.552,4
spotify:track:4EXgcJvxb9oi8jSs2hdOYX,"Memories of T","World 1-2","Keiji Yamagishi",2013-05-01,138924,0,false,,2018-06-25T17:31:24Z,"japanese vgm","Joypad Records",0.375,0.934,5,-3.242,1,0.048,0.0000745,0.517,0.374,0.796,169.459,4
spotify:track:2Ta9DTzyEU8wvBz7FQLASp,"Ghadius - Scary Monsters Edit","Dubstep Underground 01 (DJ Charts Edition 2012)","Sq!!dFAC3",2011,253004,1,false,,2018-06-25T17:31:23Z,"","TTE Traxx",0.496,0.723,1,-7.965,1,0.0363,0.00521,0.0859,0.0639,0.0555,147.983,4
spotify:track:13Vc6kIl1Ng5ZmEqr6jNsG,"Steve Jobs - feat. Angger Dimas","Wonderland","Steve Aoki",2012,375869,0,false,,2018-06-25T17:31:18Z,"electro house,edm","Ultra Records",0.836,0.72,4,-3.798,0,0.0737,0.00429,0.00889,0.057,0.525,128.015,4
spotify:track:3xtkdjtktQFfFjrNAOVdQE,"Antiartic","Antiartic","Lofelive",2015-03-24,253990,0,false,,2018-06-25T17:31:14Z,"","Lofelive Music",0.447,0.755,9,-5.244,0,0.0293,0.179,0.0481,0.661,0.186,119.954,4
spotify:track:5Ijp9QaAPZ2RLRwtYDBbfJ,"Sitting in the Dark","Sitting in the Dark","Ego Surfer",2014-01-01,153791,0,false,,2018-06-25T17:31:13Z,"","We Are The Future!",0.536,0.827,0,-5.63,1,0.0749,0.112,0.0000013,0.111,0.587,163.888,4
spotify:track:1Q2ARQc8ndJ2g8fQqea2iC,"Fast Turtle","Power Supply EP","Anamanaguchi",2006-01-01,214336,0,false,,2018-06-25T17:31:07Z,"vocaloid","8bitpeoples",0.208,0.992,0,-2.474,1,0.202,0.124,0.823,0.28,0.12,124.972,4
spotify:track:6KDwcKi6NDpSClwcbFoZZT,"The Archaic Revival","The Archaic Revival","Henry Homesweet",2011-10-01,387880,13,false,,2018-06-25T17:31:05Z,"","BLEEPSTREET Records",0.658,0.791,4,-5.148,0,0.0654,0.0000601,0.648,0.131,0.432,124.981,4
spotify:track:72HrPfqdHpfOMf5sDj4S7x,"The Cave, The Treasure","Caps On, Hats Off","Bossfight",2012-09-09,207182,27,false,,2018-06-25T17:31:03Z,"dubstep,drumstep,deathstep","Record Union",0.7,0.955,2,-4.705,1,0.0713,0.00106,0.931,0.0547,0.543,181.015,4
spotify:track:3mWcWPa1pEZm6dCKQHrVTy,"The Beat (feat. Peter Frampton) - JayCeeOh & B-Sides Remix","The Beat (Remixes) (feat. Peter Frampton)","The Bloody Beetroots;Peter Frampton",2014-04-01,218880,3,false,,2018-06-25T17:31:02Z,"electro house,classic rock","Ultra Records, LLC",0.449,0.56,0,-7.945,1,0.0382,0.0000209,0.000226,0.187,0.0388,141.858,4
spotify:track:5GxnELiWZLV5v3mOglIlMP,"The Hero - Original Mix","The Hero","Nostalgia",2011-04-18,224000,0,false,,2018-06-25T17:31:01Z,"dubstep,chillstep,drumstep","Play Me Too",0.16,0.901,6,-5.194,0,0.0433,0.00158,0.872,0.31,0.469,139.988,4
spotify:track:2kjmOwj0RbfmLqmdbGUzF7,"Focus","Super Hexagon","Chipzel",2012-09-06,162222,31,false,,2018-06-25T17:30:59Z,"","Chipzel",0.385,0.939,10,-5.341,0,0.0323,0.0185,0.947,0.101,0.356,174.031,4
spotify:track:2SGfG0VErDN2q1GXeZSJLU,"Video Girl","Heart On Wave","Slime Girls",2014-11-25,270001,11,false,,2018-06-25T17:30:58Z,"","Zoom Lens",0.31,0.932,2,-5.034,1,0.15,0.0148,0,0.419,0.197,114.157,4
spotify:track:4xdnakfRApH8DVWUoMYo5M,"Robot Ramification","Robot Ramification","Naive Machine",2011-09-05,260459,2,false,,2018-06-25T17:30:56Z,"future bass","Hit And Hope Records",0.517,0.704,2,-7.227,1,0.132,0.000378,0.0182,0.147,0.151,87.395,4
spotify:track:0RQFB9Agu01EYZOxGEJhJG,"(ﾉ◕ヮ◕)ﾉ*:･ﾟ✧","Infinity","Shirobon;Protodome",2015-04-14,155526,0,false,,2018-06-25T17:30:54Z,"","Hyperwave Records",0.578,0.901,9,-4.313,0,0.0548,0.0152,0.874,0.127,0.835,152.001,4
spotify:track:22qHwXQaDP9BoZUQmWHTFA,"Overworld","Overworld","Savant",2012-07-04,234925,0,false,,2018-06-25T17:30:52Z,"dubstep,drumstep","Vybz",0.618,0.809,9,-4.399,0,0.219,0.00403,0.00569,0.114,0.486,95.01,4
spotify:track:4cI9sjKdlRjLrzjrWvaK4x,"Timebomb (feat. Jonathan Mendelsohn) - Radio Edit","Timebomb (feat. Jonathan Mendelsohn)","Laidback Luke;Jonathan Mendelsohn",2011-06-20,178232,0,false,,2018-06-25T17:30:47Z,"big room,electro house,hardstyle","Roster Music",0.589,0.924,7,-2.19,0,0.278,0.0179,0.000689,0.0521,0.501,126.898,1
spotify:track:6tZirj8NwXlVrZ9DTCkdyd,"Berlin Fainting","Saved My Life","Captain Capa",2011-05-27,253579,0,false,,2018-06-25T17:30:45Z,"german indie,german indie pop","Audiolith",0.557,0.957,9,-5.014,0,0.0674,0.00249,0.00000579,0.869,0.384,136.949,4
spotify:track:6Ltk7cL9LzwsghEfCeSIyc,"Dragonfly","Dragonfly","Nitro Fun",2014-09-26,373173,0,false,,2018-06-25T17:30:41Z,"dubstep,drumstep","Wolf Beats",0.745,0.789,2,-5.213,0,0.0468,0.00195,0.395,0.32,0.197,129.989,4
spotify:track:7qXHAFwDLCmk05IrZYRnqe,"We're Gonna Be Friends (Featuring First Aid Kit)","We Are Gonna Be Friends","Bright Eyes;First Aid Kit",2012-02-05,139217,0,false,,2018-06-25T17:30:38Z,"indie folk,folk","Manimal Vinyl Records",0.759,0.655,7,-7.66,1,0.0245,0.293,0,0.236,0.887,99.573,4
spotify:track:2t93lbRwhdH7zlUHp18Zmp,"Decisions - Original","Decisions","Borgore",2012-07-09,193714,0,false,,2018-06-25T17:30:35Z,"dubstep,riddim,deathstep,dub","Buygore Records",0.569,0.916,7,-2.055,0,0.0517,0.00187,0,0.322,0.636,139.939,4
spotify:track:5QTxFnGygVM4jFQiBovmRo,"(Don't Fear) The Reaper","Agents Of Fortune","Blue Öyster Cult",1976,308123,82,false,,2018-06-25T17:30:33Z,"classic rock,hard rock","Columbia",0.333,0.927,9,-8.55,0,0.0733,0.0029,0.000208,0.297,0.385,141.466,4
spotify:track:4pVj5eONEVW4bXyoAhpCrF,"Futurepercy","Saved My Life","Captain Capa",2011-05-27,205642,0,false,,2018-06-25T17:30:31Z,"german indie,german indie pop","Audiolith",0.645,0.885,5,-5.346,1,0.17,0.022,0.00000536,0.231,0.628,132.01,4
spotify:track:5ekZc02jzXbWCC0RClLewp,"Witches Brew","On A Mission","Katy B",2011-04-04,199600,26,false,,2018-06-25T17:30:22Z,"uk funky","Rinse / Columbia",0.614,0.892,5,-3.127,0,0.045,0.0249,0,0.601,0.548,127.915,4
spotify:track:6N0Y432q7cHjS2LNny4G02,"Tonight","Paragon","Sabrepulse",2015-02-10,280961,6,false,,2018-06-25T17:30:14Z,"","Sabrepulse",0.841,0.468,0,-6.82,0,0.0992,0.000497,0.0331,0.0347,0.453,127.989,4
spotify:track:2GtMndplTjcW4YQajVCVrp,"Kanaan","Kanaan EP","Lorenzo_BITW;rAHHH",2018-06-06,211510,0,false,,2018-06-25T17:30:12Z,"italo disco,uk funky","Friends Of Friends",0.826,0.703,1,-10.019,1,0.279,0.161,0.163,0.111,0.372,120.037,4
spotify:track:2YKaXznbSkWHY8mH41BBnV,"Hard To Get","On A Mission","Katy B",2011-04-04,413373,23,false,,2018-06-25T17:30:10Z,"uk funky","Rinse / Columbia",0.691,0.847,8,-5.554,1,0.0694,0.205,0.000471,0.113,0.351,126.988,4
spotify:track:5OD4Sy3FlDuRoo2H7rPE72,"Johnny Castaway","Keygeneration","Dunderpatrullen",2015-07-04,281613,16,false,,2018-06-25T17:30:08Z,"","BeardMonster - X5 Music Group",0.446,0.584,1,-7.378,0,0.0442,0.0012,0.952,0.763,0.259,180.902,3
spotify:track:0WiEqe3bOczQMBcunKXTPx,"Ism","ISM","Savant",2012-10-07,325827,0,false,,2018-06-25T17:29:56Z,"dubstep,drumstep","Vybz",0.618,0.688,10,-3.434,0,0.0672,0.00304,0.25,0.0715,0.601,151.306,4
spotify:track:47uhrF6IvyE2eUyyfLAEzf,"Katy on a Mission","On A Mission","Katy B",2011-04-04,219120,65,true,,2018-06-25T17:29:54Z,"uk funky","Rinse / Columbia",0.674,0.731,8,-5.211,1,0.133,0.0232,0.00000799,0.0856,0.507,139.898,4
spotify:track:3YgYw1AsDm71hLwAR6WEt6,"Galaxy Hero","Chipbreak Wars","Sabrepulse",2011-01-07,269268,17,false,,2018-06-25T17:29:50Z,"","Sabrepulse",0.468,0.922,9,-7.026,1,0.0351,0.000323,0.78,0.0613,0.0982,164.013,4
spotify:track:0jZhnDHFXW878I9T1fBkOr,"Serpents","Krunch","Disasterpeace",2013-01-04,224282,0,false,,2018-06-25T17:29:48Z,"","Joypad Records",0.622,0.97,1,-7.395,1,0.0406,0.0000255,0.598,0.164,0.277,100.004,4
spotify:track:075j99o9YkSKQhA5DP4bc1,"Notorious D.I.G. - Chipzel's Fortissimole Remix","Chipped of the Necrodancer","Chipzel;Mega Ran",2017-08-22,140800,0,false,,2018-06-25T17:29:46Z,"","Chipzel",0.485,0.919,6,-6.363,0,0.0481,0.000361,0.432,0.563,0.724,150.041,4
